"../../../Engine/Plugins/2D/Paper2D/Content/PlaceholderTextures/DummySpriteTexture.ubulk" 0
"../../../Engine/Plugins/2D/Paper2D/Content/PlaceholderTextures/DummySpriteTexture.uasset" 1
"../../../Engine/Plugins/2D/Paper2D/Content/PlaceholderTextures/DummySpriteTexture.uexp" 2
"../../../Engine/Plugins/2D/Paper2D/Content/DummySprite.uasset" 3
"../../../Engine/Plugins/2D/Paper2D/Content/DummySprite.uexp" 4
"../../../Engine/Plugins/2D/Paper2D/Content/DefaultPaperTerrainMaterial.uasset" 5
"../../../Engine/Plugins/2D/Paper2D/Content/DefaultPaperTerrainMaterial.uexp" 6
"../../../Engine/Plugins/Animation/ACLPlugin/Content/ACLAnimCurveCompressionSettings.uasset" 7
"../../../Engine/Plugins/Animation/ACLPlugin/Content/ACLAnimCurveCompressionSettings.uexp" 8
"../../../Engine/Plugins/Animation/ACLPlugin/Content/ACLAnimBoneCompressionSettings.uasset" 9
"../../../Engine/Plugins/Animation/ACLPlugin/Content/ACLAnimBoneCompressionSettings.uexp" 10
"../../../Engine/Content/Animation/DefaultVariableFrameStrippingSettings.uasset" 11
"../../../Engine/Content/Animation/DefaultVariableFrameStrippingSettings.uexp" 12
"../../../Engine/Content/Animation/DefaultRecorderBoneCompression.uasset" 13
"../../../Engine/Content/Animation/DefaultRecorderBoneCompression.uexp" 14
"../../../Engine/Content/EngineMaterials/DefaultDestructiblePhysicalMaterial.uasset" 15
"../../../Engine/Content/EngineMaterials/DefaultDestructiblePhysicalMaterial.uexp" 16
"../../../Engine/Content/EngineFonts/TinyFont.uasset" 17
"../../../Engine/Content/EngineFonts/TinyFont.uexp" 18
"../../../Engine/Content/EngineFonts/SmallFont.uasset" 19
"../../../Engine/Content/EngineFonts/SmallFont.uexp" 20
"../../../Engine/Content/EngineFonts/Faces/DroidSansFallback.uexp" 21
"../../../Engine/Content/EngineFonts/Faces/DroidSansFallback.uasset" 22
"../../../Engine/Content/EngineFonts/Faces/DroidSansFallback.ufont" 23
"../../../Engine/Content/EngineFonts/Faces/RobotoTiny.uexp" 24
"../../../Engine/Content/EngineFonts/Faces/RobotoTiny.uasset" 25
"../../../Engine/Content/EngineFonts/Faces/RobotoTiny.ufont" 26
"../../../Engine/Content/EngineFonts/RobotoTiny.uasset" 27
"../../../Engine/Content/EngineFonts/RobotoTiny.uexp" 28
"../../../Engine/Content/EngineFonts/Faces/RobotoRegular.uexp" 29
"../../../Engine/Content/EngineFonts/Faces/RobotoRegular.uasset" 30
"../../../Engine/Content/EngineFonts/Faces/RobotoRegular.ufont" 31
"../../../Engine/Content/EngineFonts/Faces/RobotoLight.uexp" 32
"../../../Engine/Content/EngineFonts/Faces/RobotoLight.uasset" 33
"../../../Engine/Content/EngineFonts/Faces/RobotoLight.ufont" 34
"../../../Engine/Content/EngineFonts/Faces/RobotoItalic.uexp" 35
"../../../Engine/Content/EngineFonts/Faces/RobotoItalic.uasset" 36
"../../../Engine/Content/EngineFonts/Faces/RobotoItalic.ufont" 37
"../../../Engine/Content/EngineFonts/Faces/RobotoBoldItalic.uexp" 38
"../../../Engine/Content/EngineFonts/Faces/RobotoBoldItalic.uasset" 39
"../../../Engine/Content/EngineFonts/Faces/RobotoBoldItalic.ufont" 40
"../../../Engine/Content/EngineFonts/Faces/RobotoBold.uexp" 41
"../../../Engine/Content/EngineFonts/Faces/RobotoBold.uasset" 42
"../../../Engine/Content/EngineFonts/Faces/RobotoBold.ufont" 43
"../../../Engine/Content/EngineFonts/Roboto.uasset" 44
"../../../Engine/Content/EngineFonts/Roboto.uexp" 45
"../../../Engine/Content/EngineFonts/Faces/DroidSansMono.uexp" 46
"../../../Engine/Content/EngineFonts/Faces/DroidSansMono.uasset" 47
"../../../Engine/Content/EngineFonts/Faces/DroidSansMono.ufont" 48
"../../../Engine/Content/EngineFonts/DroidSansMono.uasset" 49
"../../../Engine/Content/EngineFonts/DroidSansMono.uexp" 50
"../../../Engine/Content/EditorResources/SmallFont.uasset" 51
"../../../Engine/Content/EditorResources/SmallFont.uexp" 52
"../../../Engine/Plugins/PCG/Content/ComputeSources/PCGCS_ShaderUtilsInternal.uasset" 53
"../../../Engine/Plugins/PCG/Content/ComputeSources/PCGCS_ShaderUtilsInternal.uexp" 54
"../../../Engine/Plugins/PCG/Content/ComputeSources/PCGCS_ShaderUtils.uasset" 55
"../../../Engine/Plugins/PCG/Content/ComputeSources/PCGCS_ShaderUtils.uexp" 56
"../../../Engine/Plugins/PCG/Content/ComputeSources/PCGCS_Quaternion.uasset" 57
"../../../Engine/Plugins/PCG/Content/ComputeSources/PCGCS_Quaternion.uexp" 58
"../../../Engine/Plugins/Animation/ControlRig/Content/Controls/DefaultGizmoLibraryNormalized.uasset" 59
"../../../Engine/Plugins/Animation/ControlRig/Content/Controls/DefaultGizmoLibraryNormalized.uexp" 60
"../../../Engine/Content/VREditor/Fonts/VRText_RobotoLarge.uasset" 61
"../../../Engine/Content/VREditor/Fonts/VRText_RobotoLarge.uexp" 62
"../../../Engine/Content/MobileResources/HUD/VirtualJoystick_Thumb.uasset" 63
"../../../Engine/Content/MobileResources/HUD/VirtualJoystick_Thumb.uexp" 64
"../../../Engine/Content/MobileResources/HUD/VirtualJoystick_Background.uasset" 65
"../../../Engine/Content/MobileResources/HUD/VirtualJoystick_Background.uexp" 66
"../../../Engine/Content/MobileResources/HUD/DefaultVirtualJoysticks.uasset" 67
"../../../Engine/Content/MobileResources/HUD/DefaultVirtualJoysticks.uexp" 68
"C:/Users/fputi/Documents/GitHub/BuscaMines/Content/SystemFonts/FontFaces/Cambria_Italic.uexp" 69
"C:/Users/fputi/Documents/GitHub/BuscaMines/Content/SystemFonts/FontFaces/Cambria_Italic.uasset" 70
"C:/Users/fputi/Documents/GitHub/BuscaMines/Content/SystemFonts/FontFaces/Cambria_Italic.ufont" 71
"C:/Users/fputi/Documents/GitHub/BuscaMines/Content/SystemFonts/FontFaces/Cambria_BoldItalic.uexp" 72
"C:/Users/fputi/Documents/GitHub/BuscaMines/Content/SystemFonts/FontFaces/Cambria_BoldItalic.uasset" 73
"C:/Users/fputi/Documents/GitHub/BuscaMines/Content/SystemFonts/FontFaces/Cambria_BoldItalic.ufont" 74
"C:/Users/fputi/Documents/GitHub/BuscaMines/Content/SystemFonts/FontFaces/Cambria_Bold.uexp" 75
"C:/Users/fputi/Documents/GitHub/BuscaMines/Content/SystemFonts/FontFaces/Cambria_Bold.uasset" 76
"C:/Users/fputi/Documents/GitHub/BuscaMines/Content/SystemFonts/FontFaces/Cambria_Bold.ufont" 77
"C:/Users/fputi/Documents/GitHub/BuscaMines/Content/SystemFonts/Fonts/Cambria.uasset" 78
"C:/Users/fputi/Documents/GitHub/BuscaMines/Content/SystemFonts/Fonts/Cambria.uexp" 79
"../../../Engine/Content/EngineResources/GradientTexture0.uasset" 80
"../../../Engine/Content/EngineResources/GradientTexture0.uexp" 81
"../../../Engine/Content/EngineResources/Black.uasset" 82
"../../../Engine/Content/EngineResources/Black.uexp" 83
"../../../Engine/Content/EditorResources/S_Actor.ubulk" 84
"../../../Engine/Content/EditorResources/S_Actor.uasset" 85
"../../../Engine/Content/EditorResources/S_Actor.uexp" 86
"../../../Engine/Content/EngineResources/DefaultTexture.ubulk" 87
"../../../Engine/Content/EngineResources/DefaultTexture.uasset" 88
"../../../Engine/Content/EngineResources/DefaultTexture.uexp" 89
"../../../Engine/Content/EngineMaterials/PreintegratedSkinBRDF.uasset" 90
"../../../Engine/Content/EngineMaterials/PreintegratedSkinBRDF.uexp" 91
"../../../Engine/Content/EngineMaterials/MiniFont.uasset" 92
"../../../Engine/Content/EngineMaterials/MiniFont.uexp" 93
"../../../Engine/Content/EngineMaterials/FastBlueNoise_vec2_128x128x64.uasset" 94
"../../../Engine/Content/EngineMaterials/FastBlueNoise_vec2_128x128x64.uexp" 95
"../../../Engine/Content/EngineMaterials/FastBlueNoise_scalar_128x128x8.uasset" 96
"../../../Engine/Content/EngineMaterials/FastBlueNoise_scalar_128x128x8.uexp" 97
"../../../Engine/Content/EngineMaterials/FastBlueNoise_scalar_128x128x64.uasset" 98
"../../../Engine/Content/EngineMaterials/FastBlueNoise_scalar_128x128x64.uexp" 99
"../../../Engine/Content/EngineMaterials/DefaultBokeh.uasset" 100
"../../../Engine/Content/EngineMaterials/DefaultBokeh.uexp" 101
"../../../Engine/Content/EngineMaterials/DefaultBloomKernel.uasset" 102
"../../../Engine/Content/EngineMaterials/DefaultBloomKernel.uexp" 103
"../../../Engine/Content/EngineDamageTypes/DmgTypeBP_Environmental.uasset" 104
"../../../Engine/Content/EngineDamageTypes/DmgTypeBP_Environmental.uexp" 105
"../../../Engine/Content/EditorResources/S_TriggerSphere.uasset" 106
"../../../Engine/Content/EditorResources/S_TriggerSphere.uexp" 107
"../../../Engine/Content/EditorResources/S_TriggerCapsule.uasset" 108
"../../../Engine/Content/EditorResources/S_TriggerCapsule.uexp" 109
"../../../Engine/Content/EditorResources/S_TriggerBox.uasset" 110
"../../../Engine/Content/EditorResources/S_TriggerBox.uexp" 111
"../../../Engine/Content/EditorResources/S_Trigger.ubulk" 112
"../../../Engine/Content/EditorResources/S_Trigger.uasset" 113
"../../../Engine/Content/EditorResources/S_Trigger.uexp" 114
"../../../Engine/Content/EditorResources/S_Terrain.ubulk" 115
"../../../Engine/Content/EditorResources/S_Terrain.uasset" 116
"../../../Engine/Content/EditorResources/S_Terrain.uexp" 117
"../../../Engine/Content/EditorResources/S_Solver.ubulk" 118
"../../../Engine/Content/EditorResources/S_Solver.uasset" 119
"../../../Engine/Content/EditorResources/S_Solver.uexp" 120
"../../../Engine/Content/EditorResources/S_BoxReflectionCapture.uasset" 121
"../../../Engine/Content/EditorResources/S_BoxReflectionCapture.uexp" 122
"../../../Engine/Content/EditorResources/BSPVertex.uasset" 123
"../../../Engine/Content/EditorResources/BSPVertex.uexp" 124
"../../../Engine/Plugins/Interchange/Assets/Content/Functions/MX_UsdPreviewSurface.uasset" 125
"../../../Engine/Plugins/Interchange/Assets/Content/Functions/MX_UsdPreviewSurface.uexp" 126
"../../../Engine/Plugins/Interchange/Assets/Content/Functions/MX_UniformEDF.uasset" 127
"../../../Engine/Plugins/Interchange/Assets/Content/Functions/MX_UniformEDF.uexp" 128
"../../../Engine/Plugins/Interchange/Assets/Content/Functions/MX_TranslucentBSDF.uasset" 129
"../../../Engine/Plugins/Interchange/Assets/Content/Functions/MX_TranslucentBSDF.uexp" 130
"../../../Engine/Plugins/Interchange/Assets/Content/Functions/MX_ThinFilmBSDF.uasset" 131
"../../../Engine/Plugins/Interchange/Assets/Content/Functions/MX_ThinFilmBSDF.uexp" 132
"../../../Engine/Plugins/Interchange/Assets/Content/Functions/MX_SurfaceUnlit.uasset" 133
"../../../Engine/Plugins/Interchange/Assets/Content/Functions/MX_SurfaceUnlit.uexp" 134
"../../../Engine/Plugins/Interchange/Assets/Content/Functions/MX_Surface.uasset" 135
"../../../Engine/Plugins/Interchange/Assets/Content/Functions/MX_Surface.uexp" 136
"../../../Engine/Plugins/Interchange/Assets/Content/Functions/MX_SubsurfaceBSDF.uasset" 137
"../../../Engine/Plugins/Interchange/Assets/Content/Functions/MX_SubsurfaceBSDF.uexp" 138
"../../../Engine/Plugins/Interchange/Assets/Content/Functions/MX_SheenBSDF.uasset" 139
"../../../Engine/Plugins/Interchange/Assets/Content/Functions/MX_SheenBSDF.uexp" 140
"../../../Engine/Plugins/Interchange/Assets/Content/Functions/MX_OrenNayarBSDF.uasset" 141
"../../../Engine/Plugins/Interchange/Assets/Content/Functions/MX_OrenNayarBSDF.uexp" 142
"../../../Engine/Plugins/Interchange/Assets/Content/Functions/MF_IridescenceNoLUT.uasset" 143
"../../../Engine/Plugins/Interchange/Assets/Content/Functions/MF_IridescenceNoLUT.uexp" 144
"../../../Engine/Plugins/Interchange/Assets/Content/Functions/MX_StandardSurface.uasset" 145
"../../../Engine/Plugins/Interchange/Assets/Content/Functions/MX_StandardSurface.uexp" 146
"../../../Engine/Plugins/Interchange/Assets/Content/Functions/MX_TransmissionSurface.uasset" 147
"../../../Engine/Plugins/Interchange/Assets/Content/Functions/MX_TransmissionSurface.uexp" 148
"../../../Engine/Plugins/Interchange/Assets/Content/Functions/MX_OpenPBR_Translucent.uasset" 149
"../../../Engine/Plugins/Interchange/Assets/Content/Functions/MX_OpenPBR_Translucent.uexp" 150
"../../../Engine/Plugins/Interchange/Assets/Content/Functions/MX_OpenPBR_Opaque.uasset" 151
"../../../Engine/Plugins/Interchange/Assets/Content/Functions/MX_OpenPBR_Opaque.uexp" 152
"../../../Engine/Plugins/Interchange/Assets/Content/Functions/MX_MeasuredEDF.uasset" 153
"../../../Engine/Plugins/Interchange/Assets/Content/Functions/MX_MeasuredEDF.uexp" 154
"../../../Engine/Plugins/Interchange/Assets/Content/Functions/MX_GeneralizedSchlickBSDF.uasset" 155
"../../../Engine/Plugins/Interchange/Assets/Content/Functions/MX_GeneralizedSchlickBSDF.uexp" 156
"../../../Engine/Content/Functions/Engine_MaterialFunctions02/Utility/BlendAngleCorrectedNormals.uasset" 157
"../../../Engine/Content/Functions/Engine_MaterialFunctions02/Utility/BlendAngleCorrectedNormals.uexp" 158
"../../../Engine/Plugins/Interchange/Assets/Content/Functions/MX_Displacement.uasset" 159
"../../../Engine/Plugins/Interchange/Assets/Content/Functions/MX_Displacement.uexp" 160
"../../../Engine/Plugins/Interchange/Assets/Content/Functions/MX_DielectricBSDF.uasset" 161
"../../../Engine/Plugins/Interchange/Assets/Content/Functions/MX_DielectricBSDF.uexp" 162
"../../../Engine/Plugins/Interchange/Assets/Content/Functions/MX_ConicalEDF.uasset" 163
"../../../Engine/Plugins/Interchange/Assets/Content/Functions/MX_ConicalEDF.uexp" 164
"../../../Engine/Plugins/Interchange/Assets/Content/Functions/MX_ConductorBSDF.uasset" 165
"../../../Engine/Plugins/Interchange/Assets/Content/Functions/MX_ConductorBSDF.uexp" 166
"../../../Engine/Plugins/Interchange/Assets/Content/Functions/MX_BurleyDiffuseBSDF.uasset" 167
"../../../Engine/Plugins/Interchange/Assets/Content/Functions/MX_BurleyDiffuseBSDF.uexp" 168
"../../../Engine/Plugins/Interchange/Assets/Content/Functions/MX_AnisotropicVDF.uasset" 169
"../../../Engine/Plugins/Interchange/Assets/Content/Functions/MX_AnisotropicVDF.uexp" 170
"../../../Engine/Plugins/Interchange/Assets/Content/Functions/MX_AbsorptionVDF.uasset" 171
"../../../Engine/Plugins/Interchange/Assets/Content/Functions/MX_AbsorptionVDF.uexp" 172
"../../../Engine/Content/Functions/Engine_MaterialFunctions02/Utility/BreakOutFloat4Components.uasset" 173
"../../../Engine/Content/Functions/Engine_MaterialFunctions02/Utility/BreakOutFloat4Components.uexp" 174
"../../../Engine/Content/Functions/Engine_MaterialFunctions02/Utility/BreakOutFloat2Components.uasset" 175
"../../../Engine/Content/Functions/Engine_MaterialFunctions02/Utility/BreakOutFloat2Components.uexp" 176
"../../../Engine/Content/Functions/Engine_MaterialFunctions01/Texturing/ScaleUVsByCenter.uasset" 177
"../../../Engine/Content/Functions/Engine_MaterialFunctions01/Texturing/ScaleUVsByCenter.uexp" 178
"../../../Engine/Content/EngineResources/WhiteSquareTexture.uasset" 179
"../../../Engine/Content/EngineResources/WhiteSquareTexture.uexp" 180
"../../../Engine/Content/EngineMaterials/DefaultWhiteGrid.ubulk" 181
"../../../Engine/Content/EngineMaterials/DefaultWhiteGrid.uasset" 182
"../../../Engine/Content/EngineMaterials/DefaultWhiteGrid.uexp" 183
"../../../Engine/Content/Functions/Engine_MaterialFunctions02/Utility/MakeFloat4.uasset" 184
"../../../Engine/Content/Functions/Engine_MaterialFunctions02/Utility/MakeFloat4.uexp" 185
"../../../Engine/Content/Functions/Engine_MaterialFunctions01/Gradient/LinearGradient.uasset" 186
"../../../Engine/Content/Functions/Engine_MaterialFunctions01/Gradient/LinearGradient.uexp" 187
"../../../Engine/Plugins/VirtualProduction/GeometryMask/Content/GeometryMask/MF_ApplyMaskFeather.uasset" 188
"../../../Engine/Plugins/VirtualProduction/GeometryMask/Content/GeometryMask/MF_ApplyMaskFeather.uexp" 189
"../../../Engine/Plugins/VirtualProduction/GeometryMask/Content/GeometryMask/MF_ApplyGeometryMask.uasset" 190
"../../../Engine/Plugins/VirtualProduction/GeometryMask/Content/GeometryMask/MF_ApplyGeometryMask.uexp" 191
"../../../Engine/Plugins/VirtualProduction/GeometryMask/Content/GeometryMask/MF_ApplyMask2D.uasset" 192
"../../../Engine/Plugins/VirtualProduction/GeometryMask/Content/GeometryMask/MF_ApplyMask2D.uexp" 193
"../../../Engine/Plugins/VirtualProduction/GeometryMask/Content/GeometryMask/MF_ApplyMask2D_Single.uasset" 194
"../../../Engine/Plugins/VirtualProduction/GeometryMask/Content/GeometryMask/MF_ApplyMask2D_Single.uexp" 195
"../../../Engine/Plugins/Experimental/Text3D/Content/MaterialFunctions/MF_Text3DTexture.uasset" 196
"../../../Engine/Plugins/Experimental/Text3D/Content/MaterialFunctions/MF_Text3DTexture.uexp" 197
"../../../Engine/Plugins/Experimental/Text3D/Content/MaterialFunctions/MF_Text3DLinearGradient.uasset" 198
"../../../Engine/Plugins/Experimental/Text3D/Content/MaterialFunctions/MF_Text3DLinearGradient.uexp" 199
"../../../Engine/Plugins/Experimental/Text3D/Content/MaterialFunctions/MF_Text3DMask.uasset" 200
"../../../Engine/Plugins/Experimental/Text3D/Content/MaterialFunctions/MF_Text3DMask.uexp" 201
"../../../Engine/Plugins/Experimental/Text3D/Content/MaterialFunctions/MF_Text3DGradient.uasset" 202
"../../../Engine/Plugins/Experimental/Text3D/Content/MaterialFunctions/MF_Text3DGradient.uexp" 203
"../../../Engine/Plugins/Experimental/Text3D/Content/Materials/M_Text3DOpaqueUnlit.uasset" 204
"../../../Engine/Plugins/Experimental/Text3D/Content/Materials/M_Text3DOpaqueUnlit.uexp" 205
"../../../Engine/Content/Functions/Engine_MaterialFunctions02/Utility/VectorLength.uasset" 206
"../../../Engine/Content/Functions/Engine_MaterialFunctions02/Utility/VectorLength.uexp" 207
"../../../Engine/Content/Functions/Engine_MaterialFunctions02/WorldPositionOffset/ObjectScale.uasset" 208
"../../../Engine/Content/Functions/Engine_MaterialFunctions02/WorldPositionOffset/ObjectScale.uexp" 209
"../../../Engine/Content/Functions/Engine_MaterialFunctions02/Utility/BreakOutFloat3Components.uasset" 210
"../../../Engine/Content/Functions/Engine_MaterialFunctions02/Utility/BreakOutFloat3Components.uexp" 211
"../../../Engine/Content/Functions/Engine_MaterialFunctions02/SafeNormalize.uasset" 212
"../../../Engine/Content/Functions/Engine_MaterialFunctions02/SafeNormalize.uexp" 213
"../../../Engine/Plugins/Editor/SpeedTreeImporter/Content/SpeedTree9/UnpackInteger3.uasset" 214
"../../../Engine/Plugins/Editor/SpeedTreeImporter/Content/SpeedTree9/UnpackInteger3.uexp" 215
"../../../Engine/Plugins/Editor/SpeedTreeImporter/Content/SpeedTree9/UnpackDirection.uasset" 216
"../../../Engine/Plugins/Editor/SpeedTreeImporter/Content/SpeedTree9/UnpackDirection.uexp" 217
"../../../Engine/Plugins/Editor/SpeedTreeImporter/Content/SpeedTree9/game_wind_noise.ubulk" 218
"../../../Engine/Plugins/Editor/SpeedTreeImporter/Content/SpeedTree9/game_wind_noise.uasset" 219
"../../../Engine/Plugins/Editor/SpeedTreeImporter/Content/SpeedTree9/game_wind_noise.uexp" 220
"../../../Engine/Plugins/Editor/SpeedTreeImporter/Content/SpeedTree9/SpeedTreeWindMotion.uasset" 221
"../../../Engine/Plugins/Editor/SpeedTreeImporter/Content/SpeedTree9/SpeedTreeWindMotion.uexp" 222
"../../../Engine/Plugins/Editor/SpeedTreeImporter/Content/SpeedTree9/SpeedTreeBranchMotion.uasset" 223
"../../../Engine/Plugins/Editor/SpeedTreeImporter/Content/SpeedTree9/SpeedTreeBranchMotion.uexp" 224
"../../../Engine/Content/Functions/Engine_MaterialFunctions02/ObjectLocalBounds.uasset" 225
"../../../Engine/Content/Functions/Engine_MaterialFunctions02/ObjectLocalBounds.uexp" 226
"../../../Engine/Content/Functions/Engine_MaterialFunctions02/UVs/BoundingBoxBased_0-1_UVW.uasset" 227
"../../../Engine/Content/Functions/Engine_MaterialFunctions02/UVs/BoundingBoxBased_0-1_UVW.uexp" 228
"../../../Engine/Plugins/Editor/SpeedTreeImporter/Content/SpeedTree9/SpeedTreeWind.uasset" 229
"../../../Engine/Plugins/Editor/SpeedTreeImporter/Content/SpeedTree9/SpeedTreeWind.uexp" 230
"../../../Engine/Plugins/Editor/SpeedTreeImporter/Content/SpeedTree9/SpeedTreeCameraFacing.uasset" 231
"../../../Engine/Plugins/Editor/SpeedTreeImporter/Content/SpeedTree9/SpeedTreeCameraFacing.uexp" 232
"../../../Engine/Plugins/Editor/SpeedTreeImporter/Content/SpeedTree9/Empty.uasset" 233
"../../../Engine/Plugins/Editor/SpeedTreeImporter/Content/SpeedTree9/Empty.uexp" 234
"../../../Engine/Plugins/Editor/SpeedTreeImporter/Content/SpeedTree9/EmptyNormal.uasset" 235
"../../../Engine/Plugins/Editor/SpeedTreeImporter/Content/SpeedTree9/EmptyNormal.uexp" 236
"../../../Engine/Plugins/Editor/SpeedTreeImporter/Content/SpeedTree9/SpeedTreeMaster.uasset" 237
"../../../Engine/Plugins/Editor/SpeedTreeImporter/Content/SpeedTree9/SpeedTreeMaster.uexp" 238
"../../../Engine/Plugins/Editor/SpeedTreeImporter/Content/SpeedTree9/SpeedTreeBillboard.uasset" 239
"../../../Engine/Plugins/Editor/SpeedTreeImporter/Content/SpeedTree9/SpeedTreeBillboard.uexp" 240
"../../../Engine/Plugins/Editor/SpeedTreeImporter/Content/SpeedTree9/SpeedTreeBillboardMaster.uasset" 241
"../../../Engine/Plugins/Editor/SpeedTreeImporter/Content/SpeedTree9/SpeedTreeBillboardMaster.uexp" 242
"../../../Engine/Plugins/Animation/ControlRig/Content/Controls/ControlRigXRayMaterial.uasset" 243
"../../../Engine/Plugins/Animation/ControlRig/Content/Controls/ControlRigXRayMaterial.uexp" 244
"../../../Engine/Plugins/Animation/ControlRig/Content/Controls/ControlRigGizmoMaterial.uasset" 245
"../../../Engine/Plugins/Animation/ControlRig/Content/Controls/ControlRigGizmoMaterial.uexp" 246
"../../../Engine/Plugins/VirtualProduction/CameraCalibrationCore/Content/Materials/M_DefaultOddSquare.uasset" 247
"../../../Engine/Plugins/VirtualProduction/CameraCalibrationCore/Content/Materials/M_DefaultOddSquare.uexp" 248
"../../../Engine/Plugins/VirtualProduction/CameraCalibrationCore/Content/Materials/M_DefaultEvenSquare.uasset" 249
"../../../Engine/Plugins/VirtualProduction/CameraCalibrationCore/Content/Materials/M_DefaultEvenSquare.uexp" 250
"../../../Engine/Plugins/Runtime/HairStrands/Content/Materials/HairMeshesDefaultMaterial.uasset" 251
"../../../Engine/Plugins/Runtime/HairStrands/Content/Materials/HairMeshesDefaultMaterial.uexp" 252
"../../../Engine/Plugins/Runtime/HairStrands/Content/Materials/HairDefaultMaterial.uasset" 253
"../../../Engine/Plugins/Runtime/HairStrands/Content/Materials/HairDefaultMaterial.uexp" 254
"../../../Engine/Content/Functions/Engine_MaterialFunctions02/Utility/MakeFloat2.uasset" 255
"../../../Engine/Content/Functions/Engine_MaterialFunctions02/Utility/MakeFloat2.uexp" 256
"../../../Engine/Content/Functions/Engine_MaterialFunctions02/Utility/MakeFloat3.uasset" 257
"../../../Engine/Content/Functions/Engine_MaterialFunctions02/Utility/MakeFloat3.uexp" 258
"../../../Engine/Content/EngineMaterials/HairDebugColor.uasset" 259
"../../../Engine/Content/EngineMaterials/HairDebugColor.uexp" 260
"../../../Engine/Content/EngineMaterials/HairColorMap.uasset" 261
"../../../Engine/Content/EngineMaterials/HairColorMap.uexp" 262
"../../../Engine/Plugins/Runtime/HairStrands/Content/Materials/HairGroupColors.uasset" 263
"../../../Engine/Plugins/Runtime/HairStrands/Content/Materials/HairGroupColors.uexp" 264
"../../../Engine/Plugins/Runtime/HairStrands/Content/Materials/HairDebugMaterial.uasset" 265
"../../../Engine/Plugins/Runtime/HairStrands/Content/Materials/HairDebugMaterial.uexp" 266
"../../../Engine/Plugins/Runtime/HairStrands/Content/Materials/HairCardsDefaultMaterial.uasset" 267
"../../../Engine/Plugins/Runtime/HairStrands/Content/Materials/HairCardsDefaultMaterial.uexp" 268
"../../../Engine/Plugins/Runtime/AudioWidgets/Content/Resources/ScrubHandleDown_Clamped.uasset" 269
"../../../Engine/Plugins/Runtime/AudioWidgets/Content/Resources/ScrubHandleDown_Clamped.uexp" 270
"../../../Engine/Content/EditorMaterials/Dataflow/DataflowVertexMaterial.uasset" 271
"../../../Engine/Content/EditorMaterials/Dataflow/DataflowVertexMaterial.uexp" 272
"../../../Engine/Content/EditorMaterials/Dataflow/DataflowTwoSidedVertexMaterial.uasset" 273
"../../../Engine/Content/EditorMaterials/Dataflow/DataflowTwoSidedVertexMaterial.uexp" 274
"../../../Engine/Content/EngineResources/FilmGrains/Marcie_Grain_v3_128_M2_000.uasset" 275
"../../../Engine/Content/EngineResources/FilmGrains/Marcie_Grain_v3_128_M2_000.uexp" 276
"../../../Engine/Content/EngineResources/Development/ZenLogo_64.uasset" 277
"../../../Engine/Content/EngineResources/Development/ZenLogo_64.uexp" 278
"../../../Engine/Content/EngineMaterials/LTC/Sheen_LTC.uasset" 279
"../../../Engine/Content/EngineMaterials/LTC/Sheen_LTC.uexp" 280
"../../../Engine/Content/EngineMaterials/LTC/GGX_LTCMat.uasset" 281
"../../../Engine/Content/EngineMaterials/LTC/GGX_LTCMat.uexp" 282
"../../../Engine/Content/EngineMaterials/LTC/GGX_LTCAmp.uasset" 283
"../../../Engine/Content/EngineMaterials/LTC/GGX_LTCAmp.uexp" 284
"../../../Engine/Content/EngineMaterials/EnergyConservation/Sheen_Energy.uasset" 285
"../../../Engine/Content/EngineMaterials/EnergyConservation/Sheen_Energy.uexp" 286
"../../../Engine/Content/EngineMaterials/EnergyConservation/SheenLegacy_Energy.uasset" 287
"../../../Engine/Content/EngineMaterials/EnergyConservation/SheenLegacy_Energy.uexp" 288
"../../../Engine/Content/EngineMaterials/EnergyConservation/GGX_TransmissionEnergyArray.uasset" 289
"../../../Engine/Content/EngineMaterials/EnergyConservation/GGX_TransmissionEnergyArray.uexp" 290
"../../../Engine/Content/EngineMaterials/EnergyConservation/GGX_ReflectionEnergy.uasset" 291
"../../../Engine/Content/EngineMaterials/EnergyConservation/GGX_ReflectionEnergy.uexp" 292
"../../../Engine/Content/EngineMaterials/EnergyConservation/Diffuse_Energy.uasset" 293
"../../../Engine/Content/EngineMaterials/EnergyConservation/Diffuse_Energy.uexp" 294
"../../../Engine/Content/EditorResources/SequenceRecorder/RecordingIndicator.uasset" 295
"../../../Engine/Content/EditorResources/SequenceRecorder/RecordingIndicator.uexp" 296
"../../../Engine/Content/EditorResources/SequenceRecorder/Countdown.uasset" 297
"../../../Engine/Content/EditorResources/SequenceRecorder/Countdown.uexp" 298
"../../../Engine/Content/EditorMaterials/ParticleSystems/PSysThumbnail_OOD.ubulk" 299
"../../../Engine/Content/EditorMaterials/ParticleSystems/PSysThumbnail_OOD.uasset" 300
"../../../Engine/Content/EditorMaterials/ParticleSystems/PSysThumbnail_OOD.uexp" 301
"../../../Engine/Content/EditorMaterials/ParticleSystems/PSysThumbnail_NoImage.ubulk" 302
"../../../Engine/Content/EditorMaterials/ParticleSystems/PSysThumbnail_NoImage.uasset" 303
"../../../Engine/Content/EditorMaterials/ParticleSystems/PSysThumbnail_NoImage.uexp" 304
"../../../Engine/Content/Functions/Engine_MaterialFunctions01/Shading/PowerToRoughness.uasset" 305
"../../../Engine/Content/Functions/Engine_MaterialFunctions01/Shading/PowerToRoughness.uexp" 306
"../../../Engine/Content/Functions/Engine_MaterialFunctions01/Shading/ConvertFromDiffSpec.uasset" 307
"../../../Engine/Content/Functions/Engine_MaterialFunctions01/Shading/ConvertFromDiffSpec.uexp" 308
"../../../Engine/Content/EngineMaterials/T_Default_Material_Grid_M.ubulk" 309
"../../../Engine/Content/EngineMaterials/T_Default_Material_Grid_M.uasset" 310
"../../../Engine/Content/EngineMaterials/T_Default_Material_Grid_M.uexp" 311
"../../../Engine/Content/Functions/Engine_MaterialFunctions01/Opacity/CameraDepthFade.uasset" 312
"../../../Engine/Content/Functions/Engine_MaterialFunctions01/Opacity/CameraDepthFade.uexp" 313
"../../../Engine/Content/EngineMaterials/T_Default_Material_Grid_N.ubulk" 314
"../../../Engine/Content/EngineMaterials/T_Default_Material_Grid_N.uasset" 315
"../../../Engine/Content/EngineMaterials/T_Default_Material_Grid_N.uexp" 316
"../../../Engine/Content/EngineMaterials/WorldGridMaterial.uasset" 317
"../../../Engine/Content/EngineMaterials/WorldGridMaterial.uexp" 318
"../../../Engine/Content/ArtTools/RenderToTexture/Meshes/S_1_Unit_Plane.ubulk" 319
"../../../Engine/Content/ArtTools/RenderToTexture/Meshes/S_1_Unit_Plane.uasset" 320
"../../../Engine/Content/ArtTools/RenderToTexture/Meshes/S_1_Unit_Plane.uexp" 321
"../../../Engine/Content/VREditor/TransformGizmo/TranslucentTransformGizmoMaterial.uasset" 322
"../../../Engine/Content/VREditor/TransformGizmo/TranslucentTransformGizmoMaterial.uexp" 323
"../../../Engine/Content/VREditor/LaserPointer/VR_LaserPower_01.ubulk" 324
"../../../Engine/Content/VREditor/LaserPointer/VR_LaserPower_01.uasset" 325
"../../../Engine/Content/VREditor/LaserPointer/VR_LaserPower_01.uexp" 326
"../../../Engine/Content/VREditor/TransformGizmo/TransformGizmoMaterial.uasset" 327
"../../../Engine/Content/VREditor/TransformGizmo/TransformGizmoMaterial.uexp" 328
"../../../Engine/Content/VREditor/TransformGizmo/BoundingBoxCorner.ubulk" 329
"../../../Engine/Content/VREditor/TransformGizmo/BoundingBoxCorner.uasset" 330
"../../../Engine/Content/VREditor/TransformGizmo/BoundingBoxCorner.uexp" 331
"../../../Engine/Content/VREditor/TransformGizmo/BoundingBoxEdge.ubulk" 332
"../../../Engine/Content/VREditor/TransformGizmo/BoundingBoxEdge.uasset" 333
"../../../Engine/Content/VREditor/TransformGizmo/BoundingBoxEdge.uexp" 334
"../../../Engine/Content/VREditor/TransformGizmo/Xray.uasset" 335
"../../../Engine/Content/VREditor/TransformGizmo/Xray.uexp" 336
"../../../Engine/Content/VREditor/TransformGizmo/Main.uasset" 337
"../../../Engine/Content/VREditor/TransformGizmo/Main.uexp" 338
"../../../Engine/Content/VREditor/TransformGizmo/SM_Sequencer_Node.ubulk" 339
"../../../Engine/Content/VREditor/TransformGizmo/SM_Sequencer_Node.uasset" 340
"../../../Engine/Content/VREditor/TransformGizmo/SM_Sequencer_Node.uexp" 341
"../../../Engine/Content/EditorMaterials/Camera/CineMat.uasset" 342
"../../../Engine/Content/EditorMaterials/Camera/CineMat.uexp" 343
"../../../Engine/Content/EditorMaterials/Camera/MI_CineMat_Rig.uasset" 344
"../../../Engine/Content/EditorMaterials/Camera/MI_CineMat_Rig.uexp" 345
"../../../Engine/Content/EditorMeshes/Camera/SM_CraneRig_Arm.ubulk" 346
"../../../Engine/Content/EditorMeshes/Camera/SM_CraneRig_Arm.uasset" 347
"../../../Engine/Content/EditorMeshes/Camera/SM_CraneRig_Arm.uexp" 348
"../../../Engine/Content/EditorMeshes/Camera/SM_CraneRig_Base.ubulk" 349
"../../../Engine/Content/EditorMeshes/Camera/SM_CraneRig_Base.uasset" 350
"../../../Engine/Content/EditorMeshes/Camera/SM_CraneRig_Base.uexp" 351
"../../../Engine/Content/EditorMeshes/Camera/SM_CraneRig_Body.ubulk" 352
"../../../Engine/Content/EditorMeshes/Camera/SM_CraneRig_Body.uasset" 353
"../../../Engine/Content/EditorMeshes/Camera/SM_CraneRig_Body.uexp" 354
"../../../Engine/Content/EditorMeshes/Camera/SM_CraneRig_Mount.ubulk" 355
"../../../Engine/Content/EditorMeshes/Camera/SM_CraneRig_Mount.uasset" 356
"../../../Engine/Content/EditorMeshes/Camera/SM_CraneRig_Mount.uexp" 357
"../../../Engine/Content/EditorMeshes/Camera/SM_RailRig_Mount.ubulk" 358
"../../../Engine/Content/EditorMeshes/Camera/SM_RailRig_Mount.uasset" 359
"../../../Engine/Content/EditorMeshes/Camera/SM_RailRig_Mount.uexp" 360
"../../../Engine/Content/EditorMeshes/Camera/SM_RailRig_Track.ubulk" 361
"../../../Engine/Content/EditorMeshes/Camera/SM_RailRig_Track.uasset" 362
"../../../Engine/Content/EditorMeshes/Camera/SM_RailRig_Track.uexp" 363
"../../../Engine/Plugins/Animation/ControlRig/Content/Controls/ControlRig_Arrow2_1mm.ubulk" 364
"../../../Engine/Plugins/Animation/ControlRig/Content/Controls/ControlRig_Arrow2_1mm.uasset" 365
"../../../Engine/Plugins/Animation/ControlRig/Content/Controls/ControlRig_Arrow2_1mm.uexp" 366
"../../../Engine/Plugins/Animation/ControlRig/Content/Controls/ControlRig_Arrow2_3mm.ubulk" 367
"../../../Engine/Plugins/Animation/ControlRig/Content/Controls/ControlRig_Arrow2_3mm.uasset" 368
"../../../Engine/Plugins/Animation/ControlRig/Content/Controls/ControlRig_Arrow2_3mm.uexp" 369
"../../../Engine/Plugins/Animation/ControlRig/Content/Controls/ControlRig_Arrow2_solid.ubulk" 370
"../../../Engine/Plugins/Animation/ControlRig/Content/Controls/ControlRig_Arrow2_solid.uasset" 371
"../../../Engine/Plugins/Animation/ControlRig/Content/Controls/ControlRig_Arrow2_solid.uexp" 372
"../../../Engine/Plugins/Animation/ControlRig/Content/Controls/ControlRig_Arrow4_1mm.ubulk" 373
"../../../Engine/Plugins/Animation/ControlRig/Content/Controls/ControlRig_Arrow4_1mm.uasset" 374
"../../../Engine/Plugins/Animation/ControlRig/Content/Controls/ControlRig_Arrow4_1mm.uexp" 375
"../../../Engine/Plugins/Animation/ControlRig/Content/Controls/ControlRig_Arrow4_3mm.ubulk" 376
"../../../Engine/Plugins/Animation/ControlRig/Content/Controls/ControlRig_Arrow4_3mm.uasset" 377
"../../../Engine/Plugins/Animation/ControlRig/Content/Controls/ControlRig_Arrow4_3mm.uexp" 378
"../../../Engine/Plugins/Animation/ControlRig/Content/Controls/ControlRig_Arrow4_solid.ubulk" 379
"../../../Engine/Plugins/Animation/ControlRig/Content/Controls/ControlRig_Arrow4_solid.uasset" 380
"../../../Engine/Plugins/Animation/ControlRig/Content/Controls/ControlRig_Arrow4_solid.uexp" 381
"../../../Engine/Plugins/Animation/ControlRig/Content/Controls/ControlRig_Arrow_1mm.ubulk" 382
"../../../Engine/Plugins/Animation/ControlRig/Content/Controls/ControlRig_Arrow_1mm.uasset" 383
"../../../Engine/Plugins/Animation/ControlRig/Content/Controls/ControlRig_Arrow_1mm.uexp" 384
"../../../Engine/Plugins/Animation/ControlRig/Content/Controls/ControlRig_Arrow_3mm.ubulk" 385
"../../../Engine/Plugins/Animation/ControlRig/Content/Controls/ControlRig_Arrow_3mm.uasset" 386
"../../../Engine/Plugins/Animation/ControlRig/Content/Controls/ControlRig_Arrow_3mm.uexp" 387
"../../../Engine/Plugins/Animation/ControlRig/Content/Controls/ControlRig_Arrow_solid.ubulk" 388
"../../../Engine/Plugins/Animation/ControlRig/Content/Controls/ControlRig_Arrow_solid.uasset" 389
"../../../Engine/Plugins/Animation/ControlRig/Content/Controls/ControlRig_Arrow_solid.uexp" 390
"../../../Engine/Plugins/Animation/ControlRig/Content/Controls/ControlRig_Box_1mm.ubulk" 391
"../../../Engine/Plugins/Animation/ControlRig/Content/Controls/ControlRig_Box_1mm.uasset" 392
"../../../Engine/Plugins/Animation/ControlRig/Content/Controls/ControlRig_Box_1mm.uexp" 393
"../../../Engine/Plugins/Animation/ControlRig/Content/Controls/ControlRig_Box_3mm.ubulk" 394
"../../../Engine/Plugins/Animation/ControlRig/Content/Controls/ControlRig_Box_3mm.uasset" 395
"../../../Engine/Plugins/Animation/ControlRig/Content/Controls/ControlRig_Box_3mm.uexp" 396
"../../../Engine/Plugins/Animation/ControlRig/Content/Controls/ControlRig_Box_solid.ubulk" 397
"../../../Engine/Plugins/Animation/ControlRig/Content/Controls/ControlRig_Box_solid.uasset" 398
"../../../Engine/Plugins/Animation/ControlRig/Content/Controls/ControlRig_Box_solid.uexp" 399
"../../../Engine/Plugins/Animation/ControlRig/Content/Controls/ControlRig_Circle_1mm.ubulk" 400
"../../../Engine/Plugins/Animation/ControlRig/Content/Controls/ControlRig_Circle_1mm.uasset" 401
"../../../Engine/Plugins/Animation/ControlRig/Content/Controls/ControlRig_Circle_1mm.uexp" 402
"../../../Engine/Plugins/Animation/ControlRig/Content/Controls/ControlRig_Circle_3mm.ubulk" 403
"../../../Engine/Plugins/Animation/ControlRig/Content/Controls/ControlRig_Circle_3mm.uasset" 404
"../../../Engine/Plugins/Animation/ControlRig/Content/Controls/ControlRig_Circle_3mm.uexp" 405
"../../../Engine/Plugins/Animation/ControlRig/Content/Controls/ControlRig_Circle_solid.ubulk" 406
"../../../Engine/Plugins/Animation/ControlRig/Content/Controls/ControlRig_Circle_solid.uasset" 407
"../../../Engine/Plugins/Animation/ControlRig/Content/Controls/ControlRig_Circle_solid.uexp" 408
"../../../Engine/Plugins/Animation/ControlRig/Content/Controls/ControlRig_Diamond_1mm.ubulk" 409
"../../../Engine/Plugins/Animation/ControlRig/Content/Controls/ControlRig_Diamond_1mm.uasset" 410
"../../../Engine/Plugins/Animation/ControlRig/Content/Controls/ControlRig_Diamond_1mm.uexp" 411
"../../../Engine/Plugins/Animation/ControlRig/Content/Controls/ControlRig_Diamond_3mm.ubulk" 412
"../../../Engine/Plugins/Animation/ControlRig/Content/Controls/ControlRig_Diamond_3mm.uasset" 413
"../../../Engine/Plugins/Animation/ControlRig/Content/Controls/ControlRig_Diamond_3mm.uexp" 414
"../../../Engine/Plugins/Animation/ControlRig/Content/Controls/ControlRig_Diamond_solid.ubulk" 415
"../../../Engine/Plugins/Animation/ControlRig/Content/Controls/ControlRig_Diamond_solid.uasset" 416
"../../../Engine/Plugins/Animation/ControlRig/Content/Controls/ControlRig_Diamond_solid.uexp" 417
"../../../Engine/Plugins/Animation/ControlRig/Content/Controls/ControlRig_HalfCircle_1mm.ubulk" 418
"../../../Engine/Plugins/Animation/ControlRig/Content/Controls/ControlRig_HalfCircle_1mm.uasset" 419
"../../../Engine/Plugins/Animation/ControlRig/Content/Controls/ControlRig_HalfCircle_1mm.uexp" 420
"../../../Engine/Plugins/Animation/ControlRig/Content/Controls/ControlRig_HalfCircle_3mm.ubulk" 421
"../../../Engine/Plugins/Animation/ControlRig/Content/Controls/ControlRig_HalfCircle_3mm.uasset" 422
"../../../Engine/Plugins/Animation/ControlRig/Content/Controls/ControlRig_HalfCircle_3mm.uexp" 423
"../../../Engine/Plugins/Animation/ControlRig/Content/Controls/ControlRig_HalfCircle_solid.ubulk" 424
"../../../Engine/Plugins/Animation/ControlRig/Content/Controls/ControlRig_HalfCircle_solid.uasset" 425
"../../../Engine/Plugins/Animation/ControlRig/Content/Controls/ControlRig_HalfCircle_solid.uexp" 426
"../../../Engine/Plugins/Animation/ControlRig/Content/Controls/ControlRig_Hexagon_1mm.ubulk" 427
"../../../Engine/Plugins/Animation/ControlRig/Content/Controls/ControlRig_Hexagon_1mm.uasset" 428
"../../../Engine/Plugins/Animation/ControlRig/Content/Controls/ControlRig_Hexagon_1mm.uexp" 429
"../../../Engine/Plugins/Animation/ControlRig/Content/Controls/ControlRig_Hexagon_3mm.ubulk" 430
"../../../Engine/Plugins/Animation/ControlRig/Content/Controls/ControlRig_Hexagon_3mm.uasset" 431
"../../../Engine/Plugins/Animation/ControlRig/Content/Controls/ControlRig_Hexagon_3mm.uexp" 432
"../../../Engine/Plugins/Animation/ControlRig/Content/Controls/ControlRig_Hexagon_solid.ubulk" 433
"../../../Engine/Plugins/Animation/ControlRig/Content/Controls/ControlRig_Hexagon_solid.uasset" 434
"../../../Engine/Plugins/Animation/ControlRig/Content/Controls/ControlRig_Hexagon_solid.uexp" 435
"../../../Engine/Plugins/Animation/ControlRig/Content/Controls/ControlRig_Octagon_1mm.ubulk" 436
"../../../Engine/Plugins/Animation/ControlRig/Content/Controls/ControlRig_Octagon_1mm.uasset" 437
"../../../Engine/Plugins/Animation/ControlRig/Content/Controls/ControlRig_Octagon_1mm.uexp" 438
"../../../Engine/Plugins/Animation/ControlRig/Content/Controls/ControlRig_Octagon_3mm.ubulk" 439
"../../../Engine/Plugins/Animation/ControlRig/Content/Controls/ControlRig_Octagon_3mm.uasset" 440
"../../../Engine/Plugins/Animation/ControlRig/Content/Controls/ControlRig_Octagon_3mm.uexp" 441
"../../../Engine/Plugins/Animation/ControlRig/Content/Controls/ControlRig_Octagon_solid.ubulk" 442
"../../../Engine/Plugins/Animation/ControlRig/Content/Controls/ControlRig_Octagon_solid.uasset" 443
"../../../Engine/Plugins/Animation/ControlRig/Content/Controls/ControlRig_Octagon_solid.uexp" 444
"../../../Engine/Plugins/Animation/ControlRig/Content/Controls/ControlRig_Pyramid_1mm.ubulk" 445
"../../../Engine/Plugins/Animation/ControlRig/Content/Controls/ControlRig_Pyramid_1mm.uasset" 446
"../../../Engine/Plugins/Animation/ControlRig/Content/Controls/ControlRig_Pyramid_1mm.uexp" 447
"../../../Engine/Plugins/Animation/ControlRig/Content/Controls/ControlRig_Pyramid_3mm.ubulk" 448
"../../../Engine/Plugins/Animation/ControlRig/Content/Controls/ControlRig_Pyramid_3mm.uasset" 449
"../../../Engine/Plugins/Animation/ControlRig/Content/Controls/ControlRig_Pyramid_3mm.uexp" 450
"../../../Engine/Plugins/Animation/ControlRig/Content/Controls/ControlRig_Pyramid_solid.ubulk" 451
"../../../Engine/Plugins/Animation/ControlRig/Content/Controls/ControlRig_Pyramid_solid.uasset" 452
"../../../Engine/Plugins/Animation/ControlRig/Content/Controls/ControlRig_Pyramid_solid.uexp" 453
"../../../Engine/Plugins/Animation/ControlRig/Content/Controls/ControlRig_QuarterCircle_1mm.ubulk" 454
"../../../Engine/Plugins/Animation/ControlRig/Content/Controls/ControlRig_QuarterCircle_1mm.uasset" 455
"../../../Engine/Plugins/Animation/ControlRig/Content/Controls/ControlRig_QuarterCircle_1mm.uexp" 456
"../../../Engine/Plugins/Animation/ControlRig/Content/Controls/ControlRig_QuarterCircle_3mm.ubulk" 457
"../../../Engine/Plugins/Animation/ControlRig/Content/Controls/ControlRig_QuarterCircle_3mm.uasset" 458
"../../../Engine/Plugins/Animation/ControlRig/Content/Controls/ControlRig_QuarterCircle_3mm.uexp" 459
"../../../Engine/Plugins/Animation/ControlRig/Content/Controls/ControlRig_QuarterCircle_solid.ubulk" 460
"../../../Engine/Plugins/Animation/ControlRig/Content/Controls/ControlRig_QuarterCircle_solid.uasset" 461
"../../../Engine/Plugins/Animation/ControlRig/Content/Controls/ControlRig_QuarterCircle_solid.uexp" 462
"../../../Engine/Plugins/Animation/ControlRig/Content/Controls/ControlRig_RoundedSquare_1mm.ubulk" 463
"../../../Engine/Plugins/Animation/ControlRig/Content/Controls/ControlRig_RoundedSquare_1mm.uasset" 464
"../../../Engine/Plugins/Animation/ControlRig/Content/Controls/ControlRig_RoundedSquare_1mm.uexp" 465
"../../../Engine/Plugins/Animation/ControlRig/Content/Controls/ControlRig_RoundedSquare_3mm.ubulk" 466
"../../../Engine/Plugins/Animation/ControlRig/Content/Controls/ControlRig_RoundedSquare_3mm.uasset" 467
"../../../Engine/Plugins/Animation/ControlRig/Content/Controls/ControlRig_RoundedSquare_3mm.uexp" 468
"../../../Engine/Plugins/Animation/ControlRig/Content/Controls/ControlRig_RoundedSquare_solid.ubulk" 469
"../../../Engine/Plugins/Animation/ControlRig/Content/Controls/ControlRig_RoundedSquare_solid.uasset" 470
"../../../Engine/Plugins/Animation/ControlRig/Content/Controls/ControlRig_RoundedSquare_solid.uexp" 471
"../../../Engine/Plugins/Animation/ControlRig/Content/Controls/ControlRig_RoundedTriangle_1mm.ubulk" 472
"../../../Engine/Plugins/Animation/ControlRig/Content/Controls/ControlRig_RoundedTriangle_1mm.uasset" 473
"../../../Engine/Plugins/Animation/ControlRig/Content/Controls/ControlRig_RoundedTriangle_1mm.uexp" 474
"../../../Engine/Plugins/Animation/ControlRig/Content/Controls/ControlRig_RoundedTriangle_3mm.ubulk" 475
"../../../Engine/Plugins/Animation/ControlRig/Content/Controls/ControlRig_RoundedTriangle_3mm.uasset" 476
"../../../Engine/Plugins/Animation/ControlRig/Content/Controls/ControlRig_RoundedTriangle_3mm.uexp" 477
"../../../Engine/Plugins/Animation/ControlRig/Content/Controls/ControlRig_RoundedTriangle_solid.ubulk" 478
"../../../Engine/Plugins/Animation/ControlRig/Content/Controls/ControlRig_RoundedTriangle_solid.uasset" 479
"../../../Engine/Plugins/Animation/ControlRig/Content/Controls/ControlRig_RoundedTriangle_solid.uexp" 480
"../../../Engine/Plugins/Animation/ControlRig/Content/Controls/ControlRig_Sphere_1mm.ubulk" 481
"../../../Engine/Plugins/Animation/ControlRig/Content/Controls/ControlRig_Sphere_1mm.uasset" 482
"../../../Engine/Plugins/Animation/ControlRig/Content/Controls/ControlRig_Sphere_1mm.uexp" 483
"../../../Engine/Plugins/Animation/ControlRig/Content/Controls/ControlRig_Sphere_3mm.ubulk" 484
"../../../Engine/Plugins/Animation/ControlRig/Content/Controls/ControlRig_Sphere_3mm.uasset" 485
"../../../Engine/Plugins/Animation/ControlRig/Content/Controls/ControlRig_Sphere_3mm.uexp" 486
"../../../Engine/Plugins/Animation/ControlRig/Content/Controls/ControlRig_Sphere_solid.ubulk" 487
"../../../Engine/Plugins/Animation/ControlRig/Content/Controls/ControlRig_Sphere_solid.uasset" 488
"../../../Engine/Plugins/Animation/ControlRig/Content/Controls/ControlRig_Sphere_solid.uexp" 489
"../../../Engine/Plugins/Animation/ControlRig/Content/Controls/ControlRig_Square_1mm.ubulk" 490
"../../../Engine/Plugins/Animation/ControlRig/Content/Controls/ControlRig_Square_1mm.uasset" 491
"../../../Engine/Plugins/Animation/ControlRig/Content/Controls/ControlRig_Square_1mm.uexp" 492
"../../../Engine/Plugins/Animation/ControlRig/Content/Controls/ControlRig_Square_3mm.ubulk" 493
"../../../Engine/Plugins/Animation/ControlRig/Content/Controls/ControlRig_Square_3mm.uasset" 494
"../../../Engine/Plugins/Animation/ControlRig/Content/Controls/ControlRig_Square_3mm.uexp" 495
"../../../Engine/Plugins/Animation/ControlRig/Content/Controls/ControlRig_Square_solid.ubulk" 496
"../../../Engine/Plugins/Animation/ControlRig/Content/Controls/ControlRig_Square_solid.uasset" 497
"../../../Engine/Plugins/Animation/ControlRig/Content/Controls/ControlRig_Square_solid.uexp" 498
"../../../Engine/Plugins/Animation/ControlRig/Content/Controls/ControlRig_Star4_1mm.ubulk" 499
"../../../Engine/Plugins/Animation/ControlRig/Content/Controls/ControlRig_Star4_1mm.uasset" 500
"../../../Engine/Plugins/Animation/ControlRig/Content/Controls/ControlRig_Star4_1mm.uexp" 501
"../../../Engine/Plugins/Animation/ControlRig/Content/Controls/ControlRig_Star4_3mm.ubulk" 502
"../../../Engine/Plugins/Animation/ControlRig/Content/Controls/ControlRig_Star4_3mm.uasset" 503
"../../../Engine/Plugins/Animation/ControlRig/Content/Controls/ControlRig_Star4_3mm.uexp" 504
"../../../Engine/Plugins/Animation/ControlRig/Content/Controls/ControlRig_Star4_solid.ubulk" 505
"../../../Engine/Plugins/Animation/ControlRig/Content/Controls/ControlRig_Star4_solid.uasset" 506
"../../../Engine/Plugins/Animation/ControlRig/Content/Controls/ControlRig_Star4_solid.uexp" 507
"../../../Engine/Plugins/Animation/ControlRig/Content/Controls/ControlRig_Triangle_1mm.ubulk" 508
"../../../Engine/Plugins/Animation/ControlRig/Content/Controls/ControlRig_Triangle_1mm.uasset" 509
"../../../Engine/Plugins/Animation/ControlRig/Content/Controls/ControlRig_Triangle_1mm.uexp" 510
"../../../Engine/Plugins/Animation/ControlRig/Content/Controls/ControlRig_Triangle_3mm.ubulk" 511
"../../../Engine/Plugins/Animation/ControlRig/Content/Controls/ControlRig_Triangle_3mm.uasset" 512
"../../../Engine/Plugins/Animation/ControlRig/Content/Controls/ControlRig_Triangle_3mm.uexp" 513
"../../../Engine/Plugins/Animation/ControlRig/Content/Controls/ControlRig_Triangle_solid.ubulk" 514
"../../../Engine/Plugins/Animation/ControlRig/Content/Controls/ControlRig_Triangle_solid.uasset" 515
"../../../Engine/Plugins/Animation/ControlRig/Content/Controls/ControlRig_Triangle_solid.uexp" 516
"../../../Engine/Plugins/Animation/ControlRig/Content/Controls/ControlRig_Wedge_1mm.ubulk" 517
"../../../Engine/Plugins/Animation/ControlRig/Content/Controls/ControlRig_Wedge_1mm.uasset" 518
"../../../Engine/Plugins/Animation/ControlRig/Content/Controls/ControlRig_Wedge_1mm.uexp" 519
"../../../Engine/Plugins/Animation/ControlRig/Content/Controls/ControlRig_Wedge_3mm.ubulk" 520
"../../../Engine/Plugins/Animation/ControlRig/Content/Controls/ControlRig_Wedge_3mm.uasset" 521
"../../../Engine/Plugins/Animation/ControlRig/Content/Controls/ControlRig_Wedge_3mm.uexp" 522
"../../../Engine/Plugins/Animation/ControlRig/Content/Controls/ControlRig_Wedge_solid.ubulk" 523
"../../../Engine/Plugins/Animation/ControlRig/Content/Controls/ControlRig_Wedge_solid.uasset" 524
"../../../Engine/Plugins/Animation/ControlRig/Content/Controls/ControlRig_Wedge_solid.uexp" 525
"../../../Engine/Content/EngineDebugMaterials/DebugEditorMaterial.uasset" 526
"../../../Engine/Content/EngineDebugMaterials/DebugEditorMaterial.uexp" 527
"../../../Engine/Content/EngineDebugMaterials/DebugMeshMaterial.uasset" 528
"../../../Engine/Content/EngineDebugMaterials/DebugMeshMaterial.uexp" 529
"../../../Engine/Content/EngineDebugMaterials/M_SimpleUnlitTranslucent.uasset" 530
"../../../Engine/Content/EngineDebugMaterials/M_SimpleUnlitTranslucent.uexp" 531
"../../../Engine/Content/Functions/Engine_MaterialFunctions02/Utility/CameraDirectionVector.uasset" 532
"../../../Engine/Content/Functions/Engine_MaterialFunctions02/Utility/CameraDirectionVector.uexp" 533
"../../../Engine/Content/EngineDebugMaterials/VolumeToRender.uasset" 534
"../../../Engine/Content/EngineDebugMaterials/VolumeToRender.uexp" 535
"../../../Engine/Content/EngineDebugMaterials/M_VolumeRenderSphereTracePP.uasset" 536
"../../../Engine/Content/EngineDebugMaterials/M_VolumeRenderSphereTracePP.uexp" 537
"../../../Engine/Content/EngineMaterials/DefaultDiffuse.ubulk" 538
"../../../Engine/Content/EngineMaterials/DefaultDiffuse.uasset" 539
"../../../Engine/Content/EngineMaterials/DefaultDiffuse.uexp" 540
"../../../Engine/Content/EngineMaterials/DefaultDeferredDecalMaterial.uasset" 541
"../../../Engine/Content/EngineMaterials/DefaultDeferredDecalMaterial.uexp" 542
"../../../Engine/Content/EngineMaterials/DefaultLightFunctionMaterial.uasset" 543
"../../../Engine/Content/EngineMaterials/DefaultLightFunctionMaterial.uexp" 544
"../../../Engine/Content/EngineMaterials/DefaultPostProcessMaterial.uasset" 545
"../../../Engine/Content/EngineMaterials/DefaultPostProcessMaterial.uexp" 546
"../../../Engine/Content/EngineFonts/RobotoDistanceField.uasset" 547
"../../../Engine/Content/EngineFonts/RobotoDistanceField.uexp" 548
"../../../Engine/Content/EngineMaterials/DefaultTextMaterialOpaque.uasset" 549
"../../../Engine/Content/EngineMaterials/DefaultTextMaterialOpaque.uexp" 550
"../../../Engine/Content/EngineMaterials/DefaultWhiteGrid_Low.uasset" 551
"../../../Engine/Content/EngineMaterials/DefaultWhiteGrid_Low.uexp" 552
"../../../Engine/Content/EngineMaterials/EmissiveMeshMaterial.uasset" 553
"../../../Engine/Content/EngineMaterials/EmissiveMeshMaterial.uexp" 554
"../../../Engine/Content/EngineMaterials/BaseFlattenNormalMap.uasset" 555
"../../../Engine/Content/EngineMaterials/BaseFlattenNormalMap.uexp" 556
"../../../Engine/Content/EngineMaterials/BaseFlattenDiffuseMap.uasset" 557
"../../../Engine/Content/EngineMaterials/BaseFlattenDiffuseMap.uexp" 558
"../../../Engine/Content/EngineMaterials/BaseFlattenEmissiveMap.uasset" 559
"../../../Engine/Content/EngineMaterials/BaseFlattenEmissiveMap.uexp" 560
"../../../Engine/Content/EngineMaterials/BaseFlattenGrayscaleMap.uasset" 561
"../../../Engine/Content/EngineMaterials/BaseFlattenGrayscaleMap.uexp" 562
"../../../Engine/Content/EngineMaterials/BaseFlattenLinearColor.uasset" 563
"../../../Engine/Content/EngineMaterials/BaseFlattenLinearColor.uexp" 564
"../../../Engine/Content/Functions/Engine_MaterialFunctions02/PivotPainter2/Black_1x1_EXR_Texture.uasset" 565
"../../../Engine/Content/Functions/Engine_MaterialFunctions02/PivotPainter2/Black_1x1_EXR_Texture.uexp" 566
"../../../Engine/Content/EngineMaterials/FlattenMaterial.uasset" 567
"../../../Engine/Content/EngineMaterials/FlattenMaterial.uexp" 568
"../../../Engine/Content/EngineMaterials/BaseFlattenDiffuseMap_VT.uasset" 569
"../../../Engine/Content/EngineMaterials/BaseFlattenDiffuseMap_VT.uexp" 570
"../../../Engine/Content/EngineMaterials/BaseFlattenEmissiveMap_VT.uasset" 571
"../../../Engine/Content/EngineMaterials/BaseFlattenEmissiveMap_VT.uexp" 572
"../../../Engine/Content/EngineMaterials/BaseFlattenGrayscaleMap_VT.uasset" 573
"../../../Engine/Content/EngineMaterials/BaseFlattenGrayscaleMap_VT.uexp" 574
"../../../Engine/Content/EngineMaterials/BaseFlattenLinearColor_VT.uasset" 575
"../../../Engine/Content/EngineMaterials/BaseFlattenLinearColor_VT.uexp" 576
"../../../Engine/Content/EngineMaterials/BaseFlattenNormalMap_VT.uasset" 577
"../../../Engine/Content/EngineMaterials/BaseFlattenNormalMap_VT.uexp" 578
"../../../Engine/Content/EngineMaterials/Black_1x1_EXR_Texture_VT.uasset" 579
"../../../Engine/Content/EngineMaterials/Black_1x1_EXR_Texture_VT.uexp" 580
"../../../Engine/Content/EngineMaterials/FlattenMaterial_VT.uasset" 581
"../../../Engine/Content/EngineMaterials/FlattenMaterial_VT.uexp" 582
"../../../Engine/Content/EngineMaterials/FlattenMaterial_WS_Normal_VT.uasset" 583
"../../../Engine/Content/EngineMaterials/FlattenMaterial_WS_Normal_VT.uexp" 584
"../../../Engine/Content/EngineMaterials/GizmoMaterial.uasset" 585
"../../../Engine/Content/EngineMaterials/GizmoMaterial.uexp" 586
"../../../Engine/Content/EngineMaterials/InvalidLightmapSettings.ubulk" 587
"../../../Engine/Content/EngineMaterials/InvalidLightmapSettings.uasset" 588
"../../../Engine/Content/EngineMaterials/InvalidLightmapSettings.uexp" 589
"../../../Engine/Content/EngineMaterials/M_InvalidLightmapSettings.uasset" 590
"../../../Engine/Content/EngineMaterials/M_InvalidLightmapSettings.uexp" 591
"../../../Engine/Content/EngineMaterials/NaniteHiddenSectionMaterial.uasset" 592
"../../../Engine/Content/EngineMaterials/NaniteHiddenSectionMaterial.uexp" 593
"../../../Engine/Content/Functions/Engine_MaterialFunctions02/WorldPositionOffset/CameraOffset.uasset" 594
"../../../Engine/Content/Functions/Engine_MaterialFunctions02/WorldPositionOffset/CameraOffset.uexp" 595
"../../../Engine/Content/EngineMaterials/PhAT_JointLimitMaterial.uasset" 596
"../../../Engine/Content/EngineMaterials/PhAT_JointLimitMaterial.uexp" 597
"../../../Engine/Content/EngineMaterials/DefaultCalibrationColor.uasset" 598
"../../../Engine/Content/EngineMaterials/DefaultCalibrationColor.uexp" 599
"../../../Engine/Content/EngineMaterials/PPM_DefaultCalibrationColor.uasset" 600
"../../../Engine/Content/EngineMaterials/PPM_DefaultCalibrationColor.uexp" 601
"../../../Engine/Content/EngineMaterials/DefaultCalibrationGrayscale.uasset" 602
"../../../Engine/Content/EngineMaterials/DefaultCalibrationGrayscale.uexp" 603
"../../../Engine/Content/EngineMaterials/PPM_DefaultCalibrationGrayscale.uasset" 604
"../../../Engine/Content/EngineMaterials/PPM_DefaultCalibrationGrayscale.uexp" 605
"../../../Engine/Content/EngineMaterials/RemoveSurfaceMaterial.uasset" 606
"../../../Engine/Content/EngineMaterials/RemoveSurfaceMaterial.uexp" 607
"../../../Engine/Content/EngineMeshes/Sphere.ubulk" 608
"../../../Engine/Content/EngineMeshes/Sphere.uasset" 609
"../../../Engine/Content/EngineMeshes/Sphere.uexp" 610
"../../../Engine/Content/EditorLandscapeResources/DefaultAlphaTexture.uasset" 611
"../../../Engine/Content/EditorLandscapeResources/DefaultAlphaTexture.uexp" 612
"../../../Engine/Content/EditorLandscapeResources/LandscapeDirtyMaterial.uasset" 613
"../../../Engine/Content/EditorLandscapeResources/LandscapeDirtyMaterial.uexp" 614
"../../../Engine/Content/Functions/Engine_MaterialFunctions02/WorldPositionOffset/LocalPosition.uasset" 615
"../../../Engine/Content/Functions/Engine_MaterialFunctions02/WorldPositionOffset/LocalPosition.uexp" 616
"../../../Engine/Content/Functions/Engine_MaterialFunctions01/Texturing/TextureCropping.uasset" 617
"../../../Engine/Content/Functions/Engine_MaterialFunctions01/Texturing/TextureCropping.uexp" 618
"../../../Engine/Content/Functions/Engine_MaterialFunctions02/ExampleContent/DebugNumberStrip.uasset" 619
"../../../Engine/Content/Functions/Engine_MaterialFunctions02/ExampleContent/DebugNumberStrip.uexp" 620
"../../../Engine/Content/Functions/Engine_MaterialFunctions01/Debug/DebugIntValues.uasset" 621
"../../../Engine/Content/Functions/Engine_MaterialFunctions01/Debug/DebugIntValues.uexp" 622
"../../../Engine/Content/EditorLandscapeResources/LandscapeLayerUsageMaterial.uasset" 623
"../../../Engine/Content/EditorLandscapeResources/LandscapeLayerUsageMaterial.uexp" 624
"../../../Engine/Content/EditorLandscapeResources/WhiteSquareTexture.uasset" 625
"../../../Engine/Content/EditorLandscapeResources/WhiteSquareTexture.uexp" 626
"../../../Engine/Content/EditorLandscapeResources/LayerVisMaterial.uasset" 627
"../../../Engine/Content/EditorLandscapeResources/LayerVisMaterial.uexp" 628
"../../../Engine/Content/EditorLandscapeResources/SplineEditorMeshMat.uasset" 629
"../../../Engine/Content/EditorLandscapeResources/SplineEditorMeshMat.uexp" 630
"../../../Engine/Content/EditorLandscapeResources/SplineEditorMesh.ubulk" 631
"../../../Engine/Content/EditorLandscapeResources/SplineEditorMesh.uasset" 632
"../../../Engine/Content/EditorLandscapeResources/SplineEditorMesh.uexp" 633
"../../../Engine/Content/EditorMaterials/PhAT_NoCollisionMaterial.uasset" 634
"../../../Engine/Content/EditorMaterials/PhAT_NoCollisionMaterial.uexp" 635
"../../../Engine/Content/EditorMaterials/PhAT_UnselectedMaterial.uasset" 636
"../../../Engine/Content/EditorMaterials/PhAT_UnselectedMaterial.uexp" 637
"../../../Engine/Content/EditorMaterials/PreviewShadowIndicator.ubulk" 638
"../../../Engine/Content/EditorMaterials/PreviewShadowIndicator.uasset" 639
"../../../Engine/Content/EditorMaterials/PreviewShadowIndicator.uexp" 640
"../../../Engine/Content/EditorMaterials/PreviewShadowIndicatorMaterial.uasset" 641
"../../../Engine/Content/EditorMaterials/PreviewShadowIndicatorMaterial.uexp" 642
"../../../Engine/Content/EngineMaterials/DefaultMaterial.uasset" 643
"../../../Engine/Content/EngineMaterials/DefaultMaterial.uexp" 644
"../../../Engine/Content/BasicShapes/Cone.ubulk" 645
"../../../Engine/Content/BasicShapes/Cone.uasset" 646
"../../../Engine/Content/BasicShapes/Cone.uexp" 647
"../../../Engine/Content/BasicShapes/Cylinder.ubulk" 648
"../../../Engine/Content/BasicShapes/Cylinder.uasset" 649
"../../../Engine/Content/BasicShapes/Cylinder.uexp" 650
"../../../Engine/Plugins/Animation/ControlRig/Content/M_Manip.uasset" 651
"../../../Engine/Plugins/Animation/ControlRig/Content/M_Manip.uexp" 652
"../../../Engine/Plugins/Media/MediaPlate/Content/SM_MediaPlateScreen.ubulk" 653
"../../../Engine/Plugins/Media/MediaPlate/Content/SM_MediaPlateScreen.uasset" 654
"../../../Engine/Plugins/Media/MediaPlate/Content/SM_MediaPlateScreen.uexp" 655
"../../../Engine/Content/EngineResources/DefaultTextureCube.uasset" 656
"../../../Engine/Content/EngineResources/DefaultTextureCube.uexp" 657
"../../../Engine/Content/EngineMaterials/Substrate/GLints/AGlintTex2dArray.uasset" 658
"../../../Engine/Content/EngineMaterials/Substrate/GLints/AGlintTex2dArray.uexp" 659
"../../../Engine/Content/EngineMaterials/Substrate/Glints2/AGlintTex2dArray2.uasset" 660
"../../../Engine/Content/EngineMaterials/Substrate/Glints2/AGlintTex2dArray2.uexp" 661
"../../../Engine/Content/EngineMaterials/Substrate/Volume/SubstrateSimpleVolumeEnvLUT3D.uasset" 662
"../../../Engine/Content/EngineMaterials/Substrate/Volume/SubstrateSimpleVolumeEnvLUT3D.uexp" 663
"../../../Engine/Content/EngineMaterials/Substrate/Volume/SubstrateSimpleVolumeLUT3D.uasset" 664
"../../../Engine/Content/EngineMaterials/Substrate/Volume/SubstrateSimpleVolumeLUT3D.uexp" 665
"../../../Engine/Plugins/Interchange/Assets/Content/Utilities/New_LUT.uasset" 666
"../../../Engine/Plugins/Interchange/Assets/Content/Utilities/New_LUT.uexp" 667
"../../../Engine/Content/Functions/Engine_MaterialFunctions03/Math/RemapValueRange.uasset" 668
"../../../Engine/Content/Functions/Engine_MaterialFunctions03/Math/RemapValueRange.uexp" 669
"../../../Engine/Plugins/Interchange/Assets/Content/Functions/MF_Iridescence.uasset" 670
"../../../Engine/Plugins/Interchange/Assets/Content/Functions/MF_Iridescence.uexp" 671
"../../../Engine/Plugins/Interchange/Assets/Content/gltf/Textures/T_White_srgb.uasset" 672
"../../../Engine/Plugins/Interchange/Assets/Content/gltf/Textures/T_White_srgb.uexp" 673
"../../../Engine/Plugins/Interchange/Assets/Content/gltf/MaterialFunctions/MF_BaseColor.uasset" 674
"../../../Engine/Plugins/Interchange/Assets/Content/gltf/MaterialFunctions/MF_BaseColor.uexp" 675
"../../../Engine/Plugins/Interchange/Assets/Content/gltf/MaterialFunctions/MF_RotateV2.uasset" 676
"../../../Engine/Plugins/Interchange/Assets/Content/gltf/MaterialFunctions/MF_RotateV2.uexp" 677
"../../../Engine/Plugins/Interchange/Assets/Content/gltf/MaterialFunctions/MF_TransformUVs.uasset" 678
"../../../Engine/Plugins/Interchange/Assets/Content/gltf/MaterialFunctions/MF_TransformUVs.uexp" 679
"../../../Engine/Plugins/Interchange/Assets/Content/gltf/MaterialFunctions/MF_IOR.uasset" 680
"../../../Engine/Plugins/Interchange/Assets/Content/gltf/MaterialFunctions/MF_IOR.uexp" 681
"../../../Engine/Plugins/Interchange/Assets/Content/gltf/MaterialFunctions/MF_Iridescence.uasset" 682
"../../../Engine/Plugins/Interchange/Assets/Content/gltf/MaterialFunctions/MF_Iridescence.uexp" 683
"../../../Engine/Plugins/Interchange/Assets/Content/gltf/Textures/T_White_Linear.uasset" 684
"../../../Engine/Plugins/Interchange/Assets/Content/gltf/Textures/T_White_Linear.uexp" 685
"../../../Engine/Plugins/Interchange/Assets/Content/gltf/MaterialFunctions/MF_MetallicRoughness.uasset" 686
"../../../Engine/Plugins/Interchange/Assets/Content/gltf/MaterialFunctions/MF_MetallicRoughness.uexp" 687
"../../../Engine/Content/Functions/Engine_MaterialFunctions02/Math/Transform3x3Matrix.uasset" 688
"../../../Engine/Content/Functions/Engine_MaterialFunctions02/Math/Transform3x3Matrix.uexp" 689
"../../../Engine/Plugins/Interchange/Assets/Content/gltf/MaterialFunctions/MF_RotateNormals_TS.uasset" 690
"../../../Engine/Plugins/Interchange/Assets/Content/gltf/MaterialFunctions/MF_RotateNormals_TS.uexp" 691
"../../../Engine/Plugins/Interchange/Assets/Content/gltf/MaterialFunctions/MF_ScaleNormal.uasset" 692
"../../../Engine/Plugins/Interchange/Assets/Content/gltf/MaterialFunctions/MF_ScaleNormal.uexp" 693
"../../../Engine/Plugins/Interchange/Assets/Content/gltf/Textures/T_Generic_N.uasset" 694
"../../../Engine/Plugins/Interchange/Assets/Content/gltf/Textures/T_Generic_N.uexp" 695
"../../../Engine/Plugins/Interchange/Assets/Content/gltf/MaterialFunctions/MF_Normals.uasset" 696
"../../../Engine/Plugins/Interchange/Assets/Content/gltf/MaterialFunctions/MF_Normals.uexp" 697
"../../../Engine/Plugins/Interchange/Assets/Content/gltf/MaterialFunctions/MF_Occlusion.uasset" 698
"../../../Engine/Plugins/Interchange/Assets/Content/gltf/MaterialFunctions/MF_Occlusion.uexp" 699
"../../../Engine/Plugins/Interchange/Assets/Content/gltf/MaterialFunctions/MF_Specular.uasset" 700
"../../../Engine/Plugins/Interchange/Assets/Content/gltf/MaterialFunctions/MF_Specular.uexp" 701
"../../../Engine/Plugins/Interchange/Assets/Content/gltf/Textures/T_Anisotropy_Direction_Linear.uasset" 702
"../../../Engine/Plugins/Interchange/Assets/Content/gltf/Textures/T_Anisotropy_Direction_Linear.uexp" 703
"../../../Engine/Plugins/Interchange/Assets/Content/gltf/MaterialFunctions/MF_SpecularAnisotropy.uasset" 704
"../../../Engine/Plugins/Interchange/Assets/Content/gltf/MaterialFunctions/MF_SpecularAnisotropy.uexp" 705
"../../../Engine/Plugins/Interchange/Assets/Content/gltf/MaterialFunctions/MF_Emissive.uasset" 706
"../../../Engine/Plugins/Interchange/Assets/Content/gltf/MaterialFunctions/MF_Emissive.uexp" 707
"../../../Engine/Content/Functions/Engine_MaterialFunctions01/Texturing/FlattenNormal.uasset" 708
"../../../Engine/Content/Functions/Engine_MaterialFunctions01/Texturing/FlattenNormal.uexp" 709
"../../../Engine/Plugins/Interchange/Assets/Content/gltf/MaterialFunctions/MF_Clearcoat.uasset" 710
"../../../Engine/Plugins/Interchange/Assets/Content/gltf/MaterialFunctions/MF_Clearcoat.uexp" 711
"../../../Engine/Plugins/Interchange/Assets/Content/gltf/MaterialBodies/MF_ClearCoat_Body.uasset" 712
"../../../Engine/Plugins/Interchange/Assets/Content/gltf/MaterialBodies/MF_ClearCoat_Body.uexp" 713
"../../../Engine/Plugins/Interchange/Assets/Content/gltf/M_ClearCoat.uasset" 714
"../../../Engine/Plugins/Interchange/Assets/Content/gltf/M_ClearCoat.uexp" 715
"../../../Engine/Plugins/Interchange/Assets/Content/gltf/MaterialInstances/MI_ClearCoat_Blend.uasset" 716
"../../../Engine/Plugins/Interchange/Assets/Content/gltf/MaterialInstances/MI_ClearCoat_Blend.uexp" 717
"../../../Engine/Plugins/Interchange/Assets/Content/gltf/MaterialInstances/MI_ClearCoat_Blend_DS.uasset" 718
"../../../Engine/Plugins/Interchange/Assets/Content/gltf/MaterialInstances/MI_ClearCoat_Blend_DS.uexp" 719
"../../../Engine/Plugins/Interchange/Assets/Content/gltf/MaterialInstances/MI_ClearCoat_Mask.uasset" 720
"../../../Engine/Plugins/Interchange/Assets/Content/gltf/MaterialInstances/MI_ClearCoat_Mask.uexp" 721
"../../../Engine/Plugins/Interchange/Assets/Content/gltf/MaterialInstances/MI_ClearCoat_Mask_DS.uasset" 722
"../../../Engine/Plugins/Interchange/Assets/Content/gltf/MaterialInstances/MI_ClearCoat_Mask_DS.uexp" 723
"../../../Engine/Plugins/Interchange/Assets/Content/gltf/MaterialInstances/MI_ClearCoat_Opaque.uasset" 724
"../../../Engine/Plugins/Interchange/Assets/Content/gltf/MaterialInstances/MI_ClearCoat_Opaque.uexp" 725
"../../../Engine/Plugins/Interchange/Assets/Content/gltf/MaterialInstances/MI_ClearCoat_Opaque_DS.uasset" 726
"../../../Engine/Plugins/Interchange/Assets/Content/gltf/MaterialInstances/MI_ClearCoat_Opaque_DS.uexp" 727
"../../../Engine/Plugins/Interchange/Assets/Content/gltf/MaterialBodies/MF_Default_Body.uasset" 728
"../../../Engine/Plugins/Interchange/Assets/Content/gltf/MaterialBodies/MF_Default_Body.uexp" 729
"../../../Engine/Plugins/Interchange/Assets/Content/gltf/M_Default.uasset" 730
"../../../Engine/Plugins/Interchange/Assets/Content/gltf/M_Default.uexp" 731
"../../../Engine/Plugins/Interchange/Assets/Content/gltf/MaterialInstances/MI_Default_Blend.uasset" 732
"../../../Engine/Plugins/Interchange/Assets/Content/gltf/MaterialInstances/MI_Default_Blend.uexp" 733
"../../../Engine/Plugins/Interchange/Assets/Content/gltf/MaterialInstances/MI_Default_Blend_DS.uasset" 734
"../../../Engine/Plugins/Interchange/Assets/Content/gltf/MaterialInstances/MI_Default_Blend_DS.uexp" 735
"../../../Engine/Plugins/Interchange/Assets/Content/gltf/MaterialInstances/MI_Default_Mask.uasset" 736
"../../../Engine/Plugins/Interchange/Assets/Content/gltf/MaterialInstances/MI_Default_Mask.uexp" 737
"../../../Engine/Plugins/Interchange/Assets/Content/gltf/MaterialInstances/MI_Default_Mask_DS.uasset" 738
"../../../Engine/Plugins/Interchange/Assets/Content/gltf/MaterialInstances/MI_Default_Mask_DS.uexp" 739
"../../../Engine/Plugins/Interchange/Assets/Content/gltf/MaterialInstances/MI_Default_Opaque.uasset" 740
"../../../Engine/Plugins/Interchange/Assets/Content/gltf/MaterialInstances/MI_Default_Opaque.uexp" 741
"../../../Engine/Plugins/Interchange/Assets/Content/gltf/MaterialInstances/MI_Default_Opaque_DS.uasset" 742
"../../../Engine/Plugins/Interchange/Assets/Content/gltf/MaterialInstances/MI_Default_Opaque_DS.uexp" 743
"../../../Engine/Plugins/Interchange/Assets/Content/gltf/MaterialFunctions/MF_Sheen.uasset" 744
"../../../Engine/Plugins/Interchange/Assets/Content/gltf/MaterialFunctions/MF_Sheen.uexp" 745
"../../../Engine/Plugins/Interchange/Assets/Content/gltf/MaterialBodies/MF_Sheen_Body.uasset" 746
"../../../Engine/Plugins/Interchange/Assets/Content/gltf/MaterialBodies/MF_Sheen_Body.uexp" 747
"../../../Engine/Plugins/Interchange/Assets/Content/gltf/M_Sheen.uasset" 748
"../../../Engine/Plugins/Interchange/Assets/Content/gltf/M_Sheen.uexp" 749
"../../../Engine/Plugins/Interchange/Assets/Content/gltf/MaterialInstances/MI_Sheen_Blend.uasset" 750
"../../../Engine/Plugins/Interchange/Assets/Content/gltf/MaterialInstances/MI_Sheen_Blend.uexp" 751
"../../../Engine/Plugins/Interchange/Assets/Content/gltf/MaterialInstances/MI_Sheen_Blend_DS.uasset" 752
"../../../Engine/Plugins/Interchange/Assets/Content/gltf/MaterialInstances/MI_Sheen_Blend_DS.uexp" 753
"../../../Engine/Plugins/Interchange/Assets/Content/gltf/MaterialInstances/MI_Sheen_Mask.uasset" 754
"../../../Engine/Plugins/Interchange/Assets/Content/gltf/MaterialInstances/MI_Sheen_Mask.uexp" 755
"../../../Engine/Plugins/Interchange/Assets/Content/gltf/MaterialInstances/MI_Sheen_Mask_DS.uasset" 756
"../../../Engine/Plugins/Interchange/Assets/Content/gltf/MaterialInstances/MI_Sheen_Mask_DS.uexp" 757
"../../../Engine/Plugins/Interchange/Assets/Content/gltf/MaterialInstances/MI_Sheen_Opaque.uasset" 758
"../../../Engine/Plugins/Interchange/Assets/Content/gltf/MaterialInstances/MI_Sheen_Opaque.uexp" 759
"../../../Engine/Plugins/Interchange/Assets/Content/gltf/MaterialInstances/MI_Sheen_Opaque_DS.uasset" 760
"../../../Engine/Plugins/Interchange/Assets/Content/gltf/MaterialInstances/MI_Sheen_Opaque_DS.uexp" 761
"../../../Engine/Content/Functions/Engine_MaterialFunctions02/Math/AddComponents.uasset" 762
"../../../Engine/Content/Functions/Engine_MaterialFunctions02/Math/AddComponents.uexp" 763
"../../../Engine/Plugins/Interchange/Assets/Content/gltf/MaterialFunctions/MF_DiffuseSpecGloss.uasset" 764
"../../../Engine/Plugins/Interchange/Assets/Content/gltf/MaterialFunctions/MF_DiffuseSpecGloss.uexp" 765
"../../../Engine/Plugins/Interchange/Assets/Content/gltf/MaterialFunctions/MF_MaxComponentValue.uasset" 766
"../../../Engine/Plugins/Interchange/Assets/Content/gltf/MaterialFunctions/MF_MaxComponentValue.uexp" 767
"../../../Engine/Plugins/Interchange/Assets/Content/gltf/MaterialFunctions/MF_PerceivedBrightness.uasset" 768
"../../../Engine/Plugins/Interchange/Assets/Content/gltf/MaterialFunctions/MF_PerceivedBrightness.uexp" 769
"../../../Engine/Plugins/Interchange/Assets/Content/gltf/MaterialFunctions/MF_SpecGlossToMetalRoughness.uasset" 770
"../../../Engine/Plugins/Interchange/Assets/Content/gltf/MaterialFunctions/MF_SpecGlossToMetalRoughness.uexp" 771
"../../../Engine/Plugins/Interchange/Assets/Content/gltf/MaterialBodies/MF_SpecularGlossiness_Body.uasset" 772
"../../../Engine/Plugins/Interchange/Assets/Content/gltf/MaterialBodies/MF_SpecularGlossiness_Body.uexp" 773
"../../../Engine/Plugins/Interchange/Assets/Content/gltf/M_SpecularGlossiness.uasset" 774
"../../../Engine/Plugins/Interchange/Assets/Content/gltf/M_SpecularGlossiness.uexp" 775
"../../../Engine/Plugins/Interchange/Assets/Content/gltf/MaterialInstances/MI_SpecularGlossiness_Blend.uasset" 776
"../../../Engine/Plugins/Interchange/Assets/Content/gltf/MaterialInstances/MI_SpecularGlossiness_Blend.uexp" 777
"../../../Engine/Plugins/Interchange/Assets/Content/gltf/MaterialInstances/MI_SpecularGlossiness_Blend_DS.uasset" 778
"../../../Engine/Plugins/Interchange/Assets/Content/gltf/MaterialInstances/MI_SpecularGlossiness_Blend_DS.uexp" 779
"../../../Engine/Plugins/Interchange/Assets/Content/gltf/MaterialInstances/MI_SpecularGlossiness_Mask.uasset" 780
"../../../Engine/Plugins/Interchange/Assets/Content/gltf/MaterialInstances/MI_SpecularGlossiness_Mask.uexp" 781
"../../../Engine/Plugins/Interchange/Assets/Content/gltf/MaterialInstances/MI_SpecularGlossiness_Mask_DS.uasset" 782
"../../../Engine/Plugins/Interchange/Assets/Content/gltf/MaterialInstances/MI_SpecularGlossiness_Mask_DS.uexp" 783
"../../../Engine/Plugins/Interchange/Assets/Content/gltf/MaterialInstances/MI_SpecularGlossiness_Opaque.uasset" 784
"../../../Engine/Plugins/Interchange/Assets/Content/gltf/MaterialInstances/MI_SpecularGlossiness_Opaque.uexp" 785
"../../../Engine/Plugins/Interchange/Assets/Content/gltf/MaterialInstances/MI_SpecularGlossiness_Opaque_DS.uasset" 786
"../../../Engine/Plugins/Interchange/Assets/Content/gltf/MaterialInstances/MI_SpecularGlossiness_Opaque_DS.uexp" 787
"../../../Engine/Content/EngineMaterials/Good64x64TilingNoiseHighFreq.uasset" 788
"../../../Engine/Content/EngineMaterials/Good64x64TilingNoiseHighFreq.uexp" 789
"../../../Engine/Content/Functions/Engine_MaterialFunctions02/Texturing/ScreenAlignedPixelToPixelUVs.uasset" 790
"../../../Engine/Content/Functions/Engine_MaterialFunctions02/Texturing/ScreenAlignedPixelToPixelUVs.uexp" 791
"../../../Engine/Plugins/Interchange/Assets/Content/gltf/MaterialFunctions/MF_Fresnel_DS.uasset" 792
"../../../Engine/Plugins/Interchange/Assets/Content/gltf/MaterialFunctions/MF_Fresnel_DS.uexp" 793
"../../../Engine/Plugins/Interchange/Assets/Content/gltf/MaterialFunctions/MF_Temporal_Blur.uasset" 794
"../../../Engine/Plugins/Interchange/Assets/Content/gltf/MaterialFunctions/MF_Temporal_Blur.uexp" 795
"../../../Engine/Plugins/Interchange/Assets/Content/gltf/MaterialFunctions/MF_Transmission.uasset" 796
"../../../Engine/Plugins/Interchange/Assets/Content/gltf/MaterialFunctions/MF_Transmission.uexp" 797
"../../../Engine/Plugins/Interchange/Assets/Content/gltf/MaterialBodies/MF_Transmission_Body.uasset" 798
"../../../Engine/Plugins/Interchange/Assets/Content/gltf/MaterialBodies/MF_Transmission_Body.uexp" 799
"../../../Engine/Plugins/Interchange/Assets/Content/gltf/M_Transmission.uasset" 800
"../../../Engine/Plugins/Interchange/Assets/Content/gltf/M_Transmission.uexp" 801
"../../../Engine/Plugins/Interchange/Assets/Content/gltf/MaterialInstances/MI_Transmission.uasset" 802
"../../../Engine/Plugins/Interchange/Assets/Content/gltf/MaterialInstances/MI_Transmission.uexp" 803
"../../../Engine/Plugins/Interchange/Assets/Content/gltf/MaterialInstances/MI_Transmission_DS.uasset" 804
"../../../Engine/Plugins/Interchange/Assets/Content/gltf/MaterialInstances/MI_Transmission_DS.uexp" 805
"../../../Engine/Plugins/Interchange/Assets/Content/gltf/MaterialBodies/MF_Unlit_Body.uasset" 806
"../../../Engine/Plugins/Interchange/Assets/Content/gltf/MaterialBodies/MF_Unlit_Body.uexp" 807
"../../../Engine/Plugins/Interchange/Assets/Content/gltf/M_Unlit.uasset" 808
"../../../Engine/Plugins/Interchange/Assets/Content/gltf/M_Unlit.uexp" 809
"../../../Engine/Plugins/Interchange/Assets/Content/gltf/MaterialInstances/MI_Unlit_Blend.uasset" 810
"../../../Engine/Plugins/Interchange/Assets/Content/gltf/MaterialInstances/MI_Unlit_Blend.uexp" 811
"../../../Engine/Plugins/Interchange/Assets/Content/gltf/MaterialInstances/MI_Unlit_Blend_DS.uasset" 812
"../../../Engine/Plugins/Interchange/Assets/Content/gltf/MaterialInstances/MI_Unlit_Blend_DS.uexp" 813
"../../../Engine/Plugins/Interchange/Assets/Content/gltf/MaterialInstances/MI_Unlit_Mask.uasset" 814
"../../../Engine/Plugins/Interchange/Assets/Content/gltf/MaterialInstances/MI_Unlit_Mask.uexp" 815
"../../../Engine/Plugins/Interchange/Assets/Content/gltf/MaterialInstances/MI_Unlit_Mask_DS.uasset" 816
"../../../Engine/Plugins/Interchange/Assets/Content/gltf/MaterialInstances/MI_Unlit_Mask_DS.uexp" 817
"../../../Engine/Plugins/Interchange/Assets/Content/gltf/MaterialInstances/MI_Unlit_Opaque.uasset" 818
"../../../Engine/Plugins/Interchange/Assets/Content/gltf/MaterialInstances/MI_Unlit_Opaque.uexp" 819
"../../../Engine/Plugins/Interchange/Assets/Content/gltf/MaterialInstances/MI_Unlit_Opaque_DS.uasset" 820
"../../../Engine/Plugins/Interchange/Assets/Content/gltf/MaterialInstances/MI_Unlit_Opaque_DS.uexp" 821
"../../../Engine/Content/VREditor/Sounds/UI/Drop_Item_From_ContentBrowser.ubulk" 822
"../../../Engine/Content/VREditor/Sounds/UI/Drop_Item_From_ContentBrowser.uasset" 823
"../../../Engine/Content/VREditor/Sounds/UI/Drop_Item_From_ContentBrowser.uexp" 824
"../../../Engine/Content/VREditor/TransformGizmo/TransformGizmoMaterial_Inst.uasset" 825
"../../../Engine/Content/VREditor/TransformGizmo/TransformGizmoMaterial_Inst.uexp" 826
"../../../Engine/Content/VREditor/TransformGizmo/TranslucentTransformGizmoMaterial_Inst.uasset" 827
"../../../Engine/Content/VREditor/TransformGizmo/TranslucentTransformGizmoMaterial_Inst.uexp" 828
"../../../Engine/Content/Functions/Engine_MaterialFunctions02/SplitComponents.uasset" 829
"../../../Engine/Content/Functions/Engine_MaterialFunctions02/SplitComponents.uexp" 830
"../../../Engine/Content/VREditor/SnapGrid/SnapGridMaterial.uasset" 831
"../../../Engine/Content/VREditor/SnapGrid/SnapGridMaterial.uexp" 832
"../../../Engine/Content/VREditor/SnapGrid/SnapGridPlaneMesh.ubulk" 833
"../../../Engine/Content/VREditor/SnapGrid/SnapGridPlaneMesh.uasset" 834
"../../../Engine/Content/VREditor/SnapGrid/SnapGridPlaneMesh.uexp" 835
"../../../Engine/Content/VREditor/Sounds/UI/Gizmo_Handle_Clicked.ubulk" 836
"../../../Engine/Content/VREditor/Sounds/UI/Gizmo_Handle_Clicked.uasset" 837
"../../../Engine/Content/VREditor/Sounds/UI/Gizmo_Handle_Clicked.uexp" 838
"../../../Engine/Content/VREditor/Sounds/UI/Object_PickUp.ubulk" 839
"../../../Engine/Content/VREditor/Sounds/UI/Object_PickUp.uasset" 840
"../../../Engine/Content/VREditor/Sounds/UI/Object_PickUp.uexp" 841
"../../../Engine/Content/VREditor/Sounds/UI/Object_Snaps_To_Another_Actor.ubulk" 842
"../../../Engine/Content/VREditor/Sounds/UI/Object_Snaps_To_Another_Actor.uasset" 843
"../../../Engine/Content/VREditor/Sounds/UI/Object_Snaps_To_Another_Actor.uexp" 844
"../../../Engine/Content/VREditor/Sounds/UI/Object_Snaps_To_Grid.ubulk" 845
"../../../Engine/Content/VREditor/Sounds/UI/Object_Snaps_To_Grid.uasset" 846
"../../../Engine/Content/VREditor/Sounds/UI/Object_Snaps_To_Grid.uexp" 847
"../../../Engine/Content/VREditor/Sounds/UI/Scaling_Down.ubulk" 848
"../../../Engine/Content/VREditor/Sounds/UI/Scaling_Down.uasset" 849
"../../../Engine/Content/VREditor/Sounds/UI/Scaling_Down.uexp" 850
"../../../Engine/Content/VREditor/Sounds/UI/Scaling_Up.ubulk" 851
"../../../Engine/Content/VREditor/Sounds/UI/Scaling_Up.uasset" 852
"../../../Engine/Content/VREditor/Sounds/UI/Scaling_Up.uexp" 853
"../../../Engine/Content/VREditor/Sounds/UI/Selection_Changes.ubulk" 854
"../../../Engine/Content/VREditor/Sounds/UI/Selection_Changes.uasset" 855
"../../../Engine/Content/VREditor/Sounds/UI/Selection_Changes.uexp" 856
"../../../Engine/Content/VREditor/TransformGizmo/PlaneTranslationHandle.ubulk" 857
"../../../Engine/Content/VREditor/TransformGizmo/PlaneTranslationHandle.uasset" 858
"../../../Engine/Content/VREditor/TransformGizmo/PlaneTranslationHandle.uexp" 859
"../../../Engine/Content/VREditor/TransformGizmo/RotationHandleFull.ubulk" 860
"../../../Engine/Content/VREditor/TransformGizmo/RotationHandleFull.uasset" 861
"../../../Engine/Content/VREditor/TransformGizmo/RotationHandleFull.uexp" 862
"../../../Engine/Content/VREditor/TransformGizmo/RotationHandleIndicator.ubulk" 863
"../../../Engine/Content/VREditor/TransformGizmo/RotationHandleIndicator.uasset" 864
"../../../Engine/Content/VREditor/TransformGizmo/RotationHandleIndicator.uexp" 865
"../../../Engine/Content/VREditor/TransformGizmo/RotationHandleQuarter.ubulk" 866
"../../../Engine/Content/VREditor/TransformGizmo/RotationHandleQuarter.uasset" 867
"../../../Engine/Content/VREditor/TransformGizmo/RotationHandleQuarter.uexp" 868
"../../../Engine/Content/VREditor/TransformGizmo/StartRotationHandleIndicator.ubulk" 869
"../../../Engine/Content/VREditor/TransformGizmo/StartRotationHandleIndicator.uasset" 870
"../../../Engine/Content/VREditor/TransformGizmo/StartRotationHandleIndicator.uexp" 871
"../../../Engine/Content/VREditor/TransformGizmo/TransformGizmoFreeRotation.ubulk" 872
"../../../Engine/Content/VREditor/TransformGizmo/TransformGizmoFreeRotation.uasset" 873
"../../../Engine/Content/VREditor/TransformGizmo/TransformGizmoFreeRotation.uexp" 874
"../../../Engine/Content/VREditor/TransformGizmo/TranslateArrowHandle.ubulk" 875
"../../../Engine/Content/VREditor/TransformGizmo/TranslateArrowHandle.uasset" 876
"../../../Engine/Content/VREditor/TransformGizmo/TranslateArrowHandle.uexp" 877
"../../../Engine/Content/VREditor/TransformGizmo/UniformScaleHandle.ubulk" 878
"../../../Engine/Content/VREditor/TransformGizmo/UniformScaleHandle.uasset" 879
"../../../Engine/Content/VREditor/TransformGizmo/UniformScaleHandle.uexp" 880
"../../../Engine/Content/EngineMaterials/WeightMapPlaceholderTexture.uasset" 881
"../../../Engine/Content/EngineMaterials/WeightMapPlaceholderTexture.uexp" 882
"../../../Engine/Content/EngineMaterials/WeightMapArrayPlaceholderTexture.uasset" 883
"../../../Engine/Content/EngineMaterials/WeightMapArrayPlaceholderTexture.uexp" 884
"../../../Engine/Content/EngineMaterials/Widget3DPassThrough.uasset" 885
"../../../Engine/Content/EngineMaterials/Widget3DPassThrough.uexp" 886
"../../../Engine/Content/EngineMaterials/Widget3DPassThrough_Masked.uasset" 887
"../../../Engine/Content/EngineMaterials/Widget3DPassThrough_Masked.uexp" 888
"../../../Engine/Content/EngineMaterials/Widget3DPassThrough_Opaque.uasset" 889
"../../../Engine/Content/EngineMaterials/Widget3DPassThrough_Opaque.uexp" 890
"../../../Engine/Content/EngineMaterials/Widget3DPassThrough_Masked_OneSided.uasset" 891
"../../../Engine/Content/EngineMaterials/Widget3DPassThrough_Masked_OneSided.uexp" 892
"../../../Engine/Content/EngineMaterials/Widget3DPassThrough_Opaque_OneSided.uasset" 893
"../../../Engine/Content/EngineMaterials/Widget3DPassThrough_Opaque_OneSided.uexp" 894
"../../../Engine/Content/EngineMaterials/Widget3DPassThrough_Translucent.uasset" 895
"../../../Engine/Content/EngineMaterials/Widget3DPassThrough_Translucent.uexp" 896
"../../../Engine/Content/EngineMaterials/Widget3DPassThrough_Translucent_OneSided.uasset" 897
"../../../Engine/Content/EngineMaterials/Widget3DPassThrough_Translucent_OneSided.uexp" 898
"../../../Engine/Content/EngineResources/LandscapeVisibilityLayerInfo.uasset" 899
"../../../Engine/Content/EngineResources/LandscapeVisibilityLayerInfo.uexp" 900
"../../../Engine/Content/EditorLandscapeResources/ColorMaskBrushMaterial.uasset" 901
"../../../Engine/Content/EditorLandscapeResources/ColorMaskBrushMaterial.uexp" 902
"../../../Engine/Content/EditorLandscapeResources/ColorMaskBrushMaterial_MaskedRegion.uasset" 903
"../../../Engine/Content/EditorLandscapeResources/ColorMaskBrushMaterial_MaskedRegion.uexp" 904
"../../../Engine/Content/Functions/Engine_MaterialFunctions03/Math/WithinRangeFloat2.uasset" 905
"../../../Engine/Content/Functions/Engine_MaterialFunctions03/Math/WithinRangeFloat2.uexp" 906
"../../../Engine/Content/EditorLandscapeResources/MaskBrushMaterial.uasset" 907
"../../../Engine/Content/EditorLandscapeResources/MaskBrushMaterial.uexp" 908
"../../../Engine/Content/EditorLandscapeResources/MaskBrushMaterial_MaskedRegion.uasset" 909
"../../../Engine/Content/EditorLandscapeResources/MaskBrushMaterial_MaskedRegion.uexp" 910
"../../../Engine/Content/EditorLandscapeResources/SelectBrushMaterial.uasset" 911
"../../../Engine/Content/EditorLandscapeResources/SelectBrushMaterial.uexp" 912
"../../../Engine/Content/EditorLandscapeResources/SelectBrushMaterial_Selected.uasset" 913
"../../../Engine/Content/EditorLandscapeResources/SelectBrushMaterial_Selected.uexp" 914
"../../../Engine/Content/EditorLandscapeResources/SelectBrushMaterial_SelectedRegion.uasset" 915
"../../../Engine/Content/EditorLandscapeResources/SelectBrushMaterial_SelectedRegion.uexp" 916
"../../../Engine/Plugins/2D/Paper2D/Content/DefaultSpriteMaterial.uasset" 917
"../../../Engine/Plugins/2D/Paper2D/Content/DefaultSpriteMaterial.uexp" 918
"../../../Engine/Plugins/2D/Paper2D/Content/MaskedUnlitSpriteMaterial.uasset" 919
"../../../Engine/Plugins/2D/Paper2D/Content/MaskedUnlitSpriteMaterial.uexp" 920
"../../../Engine/Plugins/2D/Paper2D/Content/OpaqueUnlitSpriteMaterial.uasset" 921
"../../../Engine/Plugins/2D/Paper2D/Content/OpaqueUnlitSpriteMaterial.uexp" 922
"C:/Users/fputi/Documents/GitHub/BuscaMines/Content/FP/GUI/Widgets/Cursor/bomb_cursor.uasset" 923
"C:/Users/fputi/Documents/GitHub/BuscaMines/Content/FP/GUI/Widgets/Cursor/bomb_cursor.uexp" 924
"C:/Users/fputi/Documents/GitHub/BuscaMines/Content/FP/GUI/Widgets/Cursor/UW_C_bomb.uasset" 925
"C:/Users/fputi/Documents/GitHub/BuscaMines/Content/FP/GUI/Widgets/Cursor/UW_C_bomb.uexp" 926
"../../../Engine/Plugins/Animation/DeformerGraph/Content/DeformerFunctions/DG_Function_LinearBlendSkin_Morph_Cloth.uasset" 927
"../../../Engine/Plugins/Animation/DeformerGraph/Content/DeformerFunctions/DG_Function_LinearBlendSkin_Morph_Cloth.uexp" 928
"../../../Engine/Plugins/Animation/DeformerGraph/Content/Deformers/DG_LinearBlendSkin_Morph_Cloth.uasset" 929
"../../../Engine/Plugins/Animation/DeformerGraph/Content/Deformers/DG_LinearBlendSkin_Morph_Cloth.uexp" 930
"../../../Engine/Plugins/Animation/DeformerGraph/Content/DeformerFunctions/DG_Function_LinearBlendSkin_Morph_Cloth_PositionOnly.uasset" 931
"../../../Engine/Plugins/Animation/DeformerGraph/Content/DeformerFunctions/DG_Function_LinearBlendSkin_Morph_Cloth_PositionOnly.uexp" 932
"../../../Engine/Plugins/Animation/DeformerGraph/Content/DeformerFunctions/DG_Function_ComputeNormalsTangents.uasset" 933
"../../../Engine/Plugins/Animation/DeformerGraph/Content/DeformerFunctions/DG_Function_ComputeNormalsTangents.uexp" 934
"../../../Engine/Plugins/Animation/DeformerGraph/Content/Deformers/DG_LinearBlendSkin_Morph_Cloth_RecomputeNormals.uasset" 935
"../../../Engine/Plugins/Animation/DeformerGraph/Content/Deformers/DG_LinearBlendSkin_Morph_Cloth_RecomputeNormals.uexp" 936
"../../../Engine/Content/Maps/Entry_BuiltData.uasset" 937
"../../../Engine/Content/Maps/Entry_BuiltData.uexp" 938
"../../../Engine/Content/Maps/Entry.uexp" 939
"../../../Engine/Content/Maps/Entry.umap" 940
"../../../Engine/Content/EditorBlueprintResources/StandardMacros.uasset" 941
"../../../Engine/Content/EditorBlueprintResources/StandardMacros.uexp" 942
"../../../Engine/Content/EngineSky/T_Sky_Stars.ubulk" 943
"../../../Engine/Content/EngineSky/T_Sky_Stars.uasset" 944
"../../../Engine/Content/EngineSky/T_Sky_Stars.uexp" 945
"../../../Engine/Content/EngineSky/T_Sky_Clouds_M.ubulk" 946
"../../../Engine/Content/EngineSky/T_Sky_Clouds_M.uasset" 947
"../../../Engine/Content/EngineSky/T_Sky_Clouds_M.uexp" 948
"../../../Engine/Content/EngineSky/T_Sky_Blue.ubulk" 949
"../../../Engine/Content/EngineSky/T_Sky_Blue.uasset" 950
"../../../Engine/Content/EngineSky/T_Sky_Blue.uexp" 951
"../../../Engine/Content/EngineSky/M_Sky_Panning_Clouds2.uasset" 952
"../../../Engine/Content/EngineSky/M_Sky_Panning_Clouds2.uexp" 953
"../../../Engine/Content/EngineSky/SM_SkySphere.ubulk" 954
"../../../Engine/Content/EngineSky/SM_SkySphere.uasset" 955
"../../../Engine/Content/EngineSky/SM_SkySphere.uexp" 956
"../../../Engine/Content/EngineSky/C_Sky_Zenith_Color.uasset" 957
"../../../Engine/Content/EngineSky/C_Sky_Zenith_Color.uexp" 958
"../../../Engine/Content/EngineSky/C_Sky_Horizon_Color.uasset" 959
"../../../Engine/Content/EngineSky/C_Sky_Horizon_Color.uexp" 960
"../../../Engine/Content/EngineSky/C_Sky_Cloud_Color.uasset" 961
"../../../Engine/Content/EngineSky/C_Sky_Cloud_Color.uexp" 962
"../../../Engine/Content/EngineSky/BP_Sky_Sphere.uasset" 963
"../../../Engine/Content/EngineSky/BP_Sky_Sphere.uexp" 964
"../../../Engine/Content/EngineMaterials/DefaultPhysicalMaterial.uasset" 965
"../../../Engine/Content/EngineMaterials/DefaultPhysicalMaterial.uexp" 966
"C:/Users/fputi/Documents/GitHub/BuscaMines/Content/Kobo_ForestVillage/Textures/RVT-LandscapeGrass.uasset" 967
"C:/Users/fputi/Documents/GitHub/BuscaMines/Content/Kobo_ForestVillage/Textures/RVT-LandscapeGrass.uexp" 968
"../../../Engine/Content/EngineMaterials/OrientParticle.uasset" 969
"../../../Engine/Content/EngineMaterials/OrientParticle.uexp" 970
"../../../Engine/Content/EngineMaterials/DefaultParticle.uasset" 971
"../../../Engine/Content/EngineMaterials/DefaultParticle.uexp" 972
"../../../Engine/Content/Functions/Engine_MaterialFunctions01/Density/ExponentialDensity.uasset" 973
"../../../Engine/Content/Functions/Engine_MaterialFunctions01/Density/ExponentialDensity.uexp" 974
"../../../Engine/Content/Functions/Engine_MaterialFunctions01/Gradient/RadialGradientExponential.uasset" 975
"../../../Engine/Content/Functions/Engine_MaterialFunctions01/Gradient/RadialGradientExponential.uexp" 976
"C:/Users/fputi/Documents/GitHub/BuscaMines/Content/Kobo_ForestVillage/Materials/M-Particles/M-WindParticles.uasset" 977
"C:/Users/fputi/Documents/GitHub/BuscaMines/Content/Kobo_ForestVillage/Materials/M-Particles/M-WindParticles.uexp" 978
"C:/Users/fputi/Documents/GitHub/BuscaMines/Content/Kobo_ForestVillage/Particles/P-WindTrails.uasset" 979
"C:/Users/fputi/Documents/GitHub/BuscaMines/Content/Kobo_ForestVillage/Particles/P-WindTrails.uexp" 980
"../../../Engine/Plugins/FX/Niagara/Content/DefaultAssets/DefaultSpriteMaterial.uasset" 981
"../../../Engine/Plugins/FX/Niagara/Content/DefaultAssets/DefaultSpriteMaterial.uexp" 982
"../../../Engine/Plugins/FX/Niagara/Content/VectorFields/Assets/TilingCurl32.uasset" 983
"../../../Engine/Plugins/FX/Niagara/Content/VectorFields/Assets/TilingCurl32.uexp" 984
"C:/Users/fputi/Documents/GitHub/BuscaMines/Content/Kobo_ForestVillage/Particles/P-ChimneySmoke.uasset" 985
"C:/Users/fputi/Documents/GitHub/BuscaMines/Content/Kobo_ForestVillage/Particles/P-ChimneySmoke.uexp" 986
"C:/Users/fputi/Documents/GitHub/BuscaMines/Content/Kobo_ForestVillage/Textures/T-Alpha/T-A-Dust-01.ubulk" 987
"C:/Users/fputi/Documents/GitHub/BuscaMines/Content/Kobo_ForestVillage/Textures/T-Alpha/T-A-Dust-01.uasset" 988
"C:/Users/fputi/Documents/GitHub/BuscaMines/Content/Kobo_ForestVillage/Textures/T-Alpha/T-A-Dust-01.uexp" 989
"C:/Users/fputi/Documents/GitHub/BuscaMines/Content/Kobo_ForestVillage/Materials/M-Particles/M-AmbientDust.uasset" 990
"C:/Users/fputi/Documents/GitHub/BuscaMines/Content/Kobo_ForestVillage/Materials/M-Particles/M-AmbientDust.uexp" 991
"C:/Users/fputi/Documents/GitHub/BuscaMines/Content/Kobo_ForestVillage/Materials/M-Particles/MI-AmbientDust-01.uasset" 992
"C:/Users/fputi/Documents/GitHub/BuscaMines/Content/Kobo_ForestVillage/Materials/M-Particles/MI-AmbientDust-01.uexp" 993
"C:/Users/fputi/Documents/GitHub/BuscaMines/Content/Kobo_ForestVillage/Textures/T-Alpha/T-A-Dust-02.ubulk" 994
"C:/Users/fputi/Documents/GitHub/BuscaMines/Content/Kobo_ForestVillage/Textures/T-Alpha/T-A-Dust-02.uasset" 995
"C:/Users/fputi/Documents/GitHub/BuscaMines/Content/Kobo_ForestVillage/Textures/T-Alpha/T-A-Dust-02.uexp" 996
"C:/Users/fputi/Documents/GitHub/BuscaMines/Content/Kobo_ForestVillage/Materials/M-Particles/MI-AmbientDust-02.uasset" 997
"C:/Users/fputi/Documents/GitHub/BuscaMines/Content/Kobo_ForestVillage/Materials/M-Particles/MI-AmbientDust-02.uexp" 998
"C:/Users/fputi/Documents/GitHub/BuscaMines/Content/Kobo_ForestVillage/Particles/P-AmbientDust.uasset" 999
"C:/Users/fputi/Documents/GitHub/BuscaMines/Content/Kobo_ForestVillage/Particles/P-AmbientDust.uexp" 1000
"../../../Engine/Content/Functions/Engine_MaterialFunctions02/Texturing/CustomRotator.uasset" 1001
"../../../Engine/Content/Functions/Engine_MaterialFunctions02/Texturing/CustomRotator.uexp" 1002
"C:/Users/fputi/Documents/GitHub/BuscaMines/Content/Kobo_ForestVillage/Textures/T-Normal/T-N-Blank.ubulk" 1003
"C:/Users/fputi/Documents/GitHub/BuscaMines/Content/Kobo_ForestVillage/Textures/T-Normal/T-N-Blank.uasset" 1004
"C:/Users/fputi/Documents/GitHub/BuscaMines/Content/Kobo_ForestVillage/Textures/T-Normal/T-N-Blank.uexp" 1005
"C:/Users/fputi/Documents/GitHub/BuscaMines/Content/Kobo_ForestVillage/Materials/M-Master/M-RVTGrass.uasset" 1006
"C:/Users/fputi/Documents/GitHub/BuscaMines/Content/Kobo_ForestVillage/Materials/M-Master/M-RVTGrass.uexp" 1007
"C:/Users/fputi/Documents/GitHub/BuscaMines/Content/Kobo_ForestVillage/Materials/M-Instances/MI-Water-01.uasset" 1008
"C:/Users/fputi/Documents/GitHub/BuscaMines/Content/Kobo_ForestVillage/Materials/M-Instances/MI-Water-01.uexp" 1009
"C:/Users/fputi/Documents/GitHub/BuscaMines/Content/Kobo_ForestVillage/Meshes/SM-Water-01.ubulk" 1010
"C:/Users/fputi/Documents/GitHub/BuscaMines/Content/Kobo_ForestVillage/Meshes/SM-Water-01.uasset" 1011
"C:/Users/fputi/Documents/GitHub/BuscaMines/Content/Kobo_ForestVillage/Meshes/SM-Water-01.uexp" 1012
"C:/Users/fputi/Documents/GitHub/BuscaMines/Content/Kobo_ForestVillage/Textures/T-Normal/T-N-Tree-06.ubulk" 1013
"C:/Users/fputi/Documents/GitHub/BuscaMines/Content/Kobo_ForestVillage/Textures/T-Normal/T-N-Tree-06.uasset" 1014
"C:/Users/fputi/Documents/GitHub/BuscaMines/Content/Kobo_ForestVillage/Textures/T-Normal/T-N-Tree-06.uexp" 1015
"C:/Users/fputi/Documents/GitHub/BuscaMines/Content/Kobo_ForestVillage/Textures/T-Albedo/T-A-Tree-06.ubulk" 1016
"C:/Users/fputi/Documents/GitHub/BuscaMines/Content/Kobo_ForestVillage/Textures/T-Albedo/T-A-Tree-06.uasset" 1017
"C:/Users/fputi/Documents/GitHub/BuscaMines/Content/Kobo_ForestVillage/Textures/T-Albedo/T-A-Tree-06.uexp" 1018
"../../../Engine/Content/EngineDebugMaterials/HeatmapGradient.ubulk" 1019
"../../../Engine/Content/EngineDebugMaterials/HeatmapGradient.uasset" 1020
"../../../Engine/Content/EngineDebugMaterials/HeatmapGradient.uexp" 1021
"../../../Engine/Content/Functions/Engine_MaterialFunctions01/ImageAdjustment/CheapContrast_RGB.uasset" 1022
"../../../Engine/Content/Functions/Engine_MaterialFunctions01/ImageAdjustment/CheapContrast_RGB.uexp" 1023
"../../../Engine/Content/Functions/Engine_MaterialFunctions02/HueShift.uasset" 1024
"../../../Engine/Content/Functions/Engine_MaterialFunctions02/HueShift.uexp" 1025
"../../../Engine/Content/Functions/Engine_MaterialFunctions02/WorldPositionOffset/ObjectPivotPoint.uasset" 1026
"../../../Engine/Content/Functions/Engine_MaterialFunctions02/WorldPositionOffset/ObjectPivotPoint.uexp" 1027
"C:/Users/fputi/Documents/GitHub/BuscaMines/Content/Kobo_ForestVillage/Materials/MPC-WindSettings.uasset" 1028
"C:/Users/fputi/Documents/GitHub/BuscaMines/Content/Kobo_ForestVillage/Materials/MPC-WindSettings.uexp" 1029
"C:/Users/fputi/Documents/GitHub/BuscaMines/Content/Kobo_ForestVillage/Textures/T-Albedo/T-A-Blank-01.ubulk" 1030
"C:/Users/fputi/Documents/GitHub/BuscaMines/Content/Kobo_ForestVillage/Textures/T-Albedo/T-A-Blank-01.uasset" 1031
"C:/Users/fputi/Documents/GitHub/BuscaMines/Content/Kobo_ForestVillage/Textures/T-Albedo/T-A-Blank-01.uexp" 1032
"C:/Users/fputi/Documents/GitHub/BuscaMines/Content/Kobo_ForestVillage/Materials/M-Master/M-ClayMaster.uasset" 1033
"C:/Users/fputi/Documents/GitHub/BuscaMines/Content/Kobo_ForestVillage/Materials/M-Master/M-ClayMaster.uexp" 1034
"C:/Users/fputi/Documents/GitHub/BuscaMines/Content/Kobo_ForestVillage/Materials/M-Instances/MI-Tree-06.uasset" 1035
"C:/Users/fputi/Documents/GitHub/BuscaMines/Content/Kobo_ForestVillage/Materials/M-Instances/MI-Tree-06.uexp" 1036
"C:/Users/fputi/Documents/GitHub/BuscaMines/Content/Kobo_ForestVillage/Meshes/SM-Tree-06.ubulk" 1037
"C:/Users/fputi/Documents/GitHub/BuscaMines/Content/Kobo_ForestVillage/Meshes/SM-Tree-06.uasset" 1038
"C:/Users/fputi/Documents/GitHub/BuscaMines/Content/Kobo_ForestVillage/Meshes/SM-Tree-06.uexp" 1039
"C:/Users/fputi/Documents/GitHub/BuscaMines/Content/Kobo_ForestVillage/Textures/T-Normal/T-N-Tree-05.ubulk" 1040
"C:/Users/fputi/Documents/GitHub/BuscaMines/Content/Kobo_ForestVillage/Textures/T-Normal/T-N-Tree-05.uasset" 1041
"C:/Users/fputi/Documents/GitHub/BuscaMines/Content/Kobo_ForestVillage/Textures/T-Normal/T-N-Tree-05.uexp" 1042
"C:/Users/fputi/Documents/GitHub/BuscaMines/Content/Kobo_ForestVillage/Textures/T-Albedo/T-A-Tree-05.ubulk" 1043
"C:/Users/fputi/Documents/GitHub/BuscaMines/Content/Kobo_ForestVillage/Textures/T-Albedo/T-A-Tree-05.uasset" 1044
"C:/Users/fputi/Documents/GitHub/BuscaMines/Content/Kobo_ForestVillage/Textures/T-Albedo/T-A-Tree-05.uexp" 1045
"C:/Users/fputi/Documents/GitHub/BuscaMines/Content/Kobo_ForestVillage/Materials/M-Instances/MI-Tree-05.uasset" 1046
"C:/Users/fputi/Documents/GitHub/BuscaMines/Content/Kobo_ForestVillage/Materials/M-Instances/MI-Tree-05.uexp" 1047
"C:/Users/fputi/Documents/GitHub/BuscaMines/Content/Kobo_ForestVillage/Meshes/SM-Tree-05.ubulk" 1048
"C:/Users/fputi/Documents/GitHub/BuscaMines/Content/Kobo_ForestVillage/Meshes/SM-Tree-05.uasset" 1049
"C:/Users/fputi/Documents/GitHub/BuscaMines/Content/Kobo_ForestVillage/Meshes/SM-Tree-05.uexp" 1050
"C:/Users/fputi/Documents/GitHub/BuscaMines/Content/Kobo_ForestVillage/Textures/T-Normal/T-N-Tree-04.ubulk" 1051
"C:/Users/fputi/Documents/GitHub/BuscaMines/Content/Kobo_ForestVillage/Textures/T-Normal/T-N-Tree-04.uasset" 1052
"C:/Users/fputi/Documents/GitHub/BuscaMines/Content/Kobo_ForestVillage/Textures/T-Normal/T-N-Tree-04.uexp" 1053
"C:/Users/fputi/Documents/GitHub/BuscaMines/Content/Kobo_ForestVillage/Textures/T-Albedo/T-A-Tree-04.ubulk" 1054
"C:/Users/fputi/Documents/GitHub/BuscaMines/Content/Kobo_ForestVillage/Textures/T-Albedo/T-A-Tree-04.uasset" 1055
"C:/Users/fputi/Documents/GitHub/BuscaMines/Content/Kobo_ForestVillage/Textures/T-Albedo/T-A-Tree-04.uexp" 1056
"C:/Users/fputi/Documents/GitHub/BuscaMines/Content/Kobo_ForestVillage/Materials/M-Instances/MI-Tree-04.uasset" 1057
"C:/Users/fputi/Documents/GitHub/BuscaMines/Content/Kobo_ForestVillage/Materials/M-Instances/MI-Tree-04.uexp" 1058
"C:/Users/fputi/Documents/GitHub/BuscaMines/Content/Kobo_ForestVillage/Meshes/SM-Tree-04.ubulk" 1059
"C:/Users/fputi/Documents/GitHub/BuscaMines/Content/Kobo_ForestVillage/Meshes/SM-Tree-04.uasset" 1060
"C:/Users/fputi/Documents/GitHub/BuscaMines/Content/Kobo_ForestVillage/Meshes/SM-Tree-04.uexp" 1061
"C:/Users/fputi/Documents/GitHub/BuscaMines/Content/Kobo_ForestVillage/Textures/T-Normal/T-N-Tree-03.ubulk" 1062
"C:/Users/fputi/Documents/GitHub/BuscaMines/Content/Kobo_ForestVillage/Textures/T-Normal/T-N-Tree-03.uasset" 1063
"C:/Users/fputi/Documents/GitHub/BuscaMines/Content/Kobo_ForestVillage/Textures/T-Normal/T-N-Tree-03.uexp" 1064
"C:/Users/fputi/Documents/GitHub/BuscaMines/Content/Kobo_ForestVillage/Textures/T-Albedo/T-A-Tree-03.ubulk" 1065
"C:/Users/fputi/Documents/GitHub/BuscaMines/Content/Kobo_ForestVillage/Textures/T-Albedo/T-A-Tree-03.uasset" 1066
"C:/Users/fputi/Documents/GitHub/BuscaMines/Content/Kobo_ForestVillage/Textures/T-Albedo/T-A-Tree-03.uexp" 1067
"C:/Users/fputi/Documents/GitHub/BuscaMines/Content/Kobo_ForestVillage/Materials/M-Instances/MI-Tree-03.uasset" 1068
"C:/Users/fputi/Documents/GitHub/BuscaMines/Content/Kobo_ForestVillage/Materials/M-Instances/MI-Tree-03.uexp" 1069
"C:/Users/fputi/Documents/GitHub/BuscaMines/Content/Kobo_ForestVillage/Meshes/SM-Tree-03.ubulk" 1070
"C:/Users/fputi/Documents/GitHub/BuscaMines/Content/Kobo_ForestVillage/Meshes/SM-Tree-03.uasset" 1071
"C:/Users/fputi/Documents/GitHub/BuscaMines/Content/Kobo_ForestVillage/Meshes/SM-Tree-03.uexp" 1072
"C:/Users/fputi/Documents/GitHub/BuscaMines/Content/Kobo_ForestVillage/Textures/T-Normal/T-N-Tree-02.ubulk" 1073
"C:/Users/fputi/Documents/GitHub/BuscaMines/Content/Kobo_ForestVillage/Textures/T-Normal/T-N-Tree-02.uasset" 1074
"C:/Users/fputi/Documents/GitHub/BuscaMines/Content/Kobo_ForestVillage/Textures/T-Normal/T-N-Tree-02.uexp" 1075
"C:/Users/fputi/Documents/GitHub/BuscaMines/Content/Kobo_ForestVillage/Textures/T-Albedo/T-A-Tree-02.ubulk" 1076
"C:/Users/fputi/Documents/GitHub/BuscaMines/Content/Kobo_ForestVillage/Textures/T-Albedo/T-A-Tree-02.uasset" 1077
"C:/Users/fputi/Documents/GitHub/BuscaMines/Content/Kobo_ForestVillage/Textures/T-Albedo/T-A-Tree-02.uexp" 1078
"C:/Users/fputi/Documents/GitHub/BuscaMines/Content/Kobo_ForestVillage/Materials/M-Instances/MI-Tree-02.uasset" 1079
"C:/Users/fputi/Documents/GitHub/BuscaMines/Content/Kobo_ForestVillage/Materials/M-Instances/MI-Tree-02.uexp" 1080
"C:/Users/fputi/Documents/GitHub/BuscaMines/Content/Kobo_ForestVillage/Meshes/SM-Tree-02.ubulk" 1081
"C:/Users/fputi/Documents/GitHub/BuscaMines/Content/Kobo_ForestVillage/Meshes/SM-Tree-02.uasset" 1082
"C:/Users/fputi/Documents/GitHub/BuscaMines/Content/Kobo_ForestVillage/Meshes/SM-Tree-02.uexp" 1083
"C:/Users/fputi/Documents/GitHub/BuscaMines/Content/Kobo_ForestVillage/Textures/T-Normal/T-N-Tree-01.ubulk" 1084
"C:/Users/fputi/Documents/GitHub/BuscaMines/Content/Kobo_ForestVillage/Textures/T-Normal/T-N-Tree-01.uasset" 1085
"C:/Users/fputi/Documents/GitHub/BuscaMines/Content/Kobo_ForestVillage/Textures/T-Normal/T-N-Tree-01.uexp" 1086
"C:/Users/fputi/Documents/GitHub/BuscaMines/Content/Kobo_ForestVillage/Textures/T-Albedo/T-A-Tree-01.ubulk" 1087
"C:/Users/fputi/Documents/GitHub/BuscaMines/Content/Kobo_ForestVillage/Textures/T-Albedo/T-A-Tree-01.uasset" 1088
"C:/Users/fputi/Documents/GitHub/BuscaMines/Content/Kobo_ForestVillage/Textures/T-Albedo/T-A-Tree-01.uexp" 1089
"C:/Users/fputi/Documents/GitHub/BuscaMines/Content/Kobo_ForestVillage/Materials/M-Instances/MI-Tree-01.uasset" 1090
"C:/Users/fputi/Documents/GitHub/BuscaMines/Content/Kobo_ForestVillage/Materials/M-Instances/MI-Tree-01.uexp" 1091
"C:/Users/fputi/Documents/GitHub/BuscaMines/Content/Kobo_ForestVillage/Meshes/SM-Tree-01.ubulk" 1092
"C:/Users/fputi/Documents/GitHub/BuscaMines/Content/Kobo_ForestVillage/Meshes/SM-Tree-01.uasset" 1093
"C:/Users/fputi/Documents/GitHub/BuscaMines/Content/Kobo_ForestVillage/Meshes/SM-Tree-01.uexp" 1094
"C:/Users/fputi/Documents/GitHub/BuscaMines/Content/Kobo_ForestVillage/Textures/T-Normal/T-N-Stump-01.ubulk" 1095
"C:/Users/fputi/Documents/GitHub/BuscaMines/Content/Kobo_ForestVillage/Textures/T-Normal/T-N-Stump-01.uasset" 1096
"C:/Users/fputi/Documents/GitHub/BuscaMines/Content/Kobo_ForestVillage/Textures/T-Normal/T-N-Stump-01.uexp" 1097
"C:/Users/fputi/Documents/GitHub/BuscaMines/Content/Kobo_ForestVillage/Textures/T-Albedo/T-A-Stump-01.ubulk" 1098
"C:/Users/fputi/Documents/GitHub/BuscaMines/Content/Kobo_ForestVillage/Textures/T-Albedo/T-A-Stump-01.uasset" 1099
"C:/Users/fputi/Documents/GitHub/BuscaMines/Content/Kobo_ForestVillage/Textures/T-Albedo/T-A-Stump-01.uexp" 1100
"C:/Users/fputi/Documents/GitHub/BuscaMines/Content/Kobo_ForestVillage/Materials/M-Instances/MI-Stump-01.uasset" 1101
"C:/Users/fputi/Documents/GitHub/BuscaMines/Content/Kobo_ForestVillage/Materials/M-Instances/MI-Stump-01.uexp" 1102
"C:/Users/fputi/Documents/GitHub/BuscaMines/Content/Kobo_ForestVillage/Meshes/SM-Stump-01.ubulk" 1103
"C:/Users/fputi/Documents/GitHub/BuscaMines/Content/Kobo_ForestVillage/Meshes/SM-Stump-01.uasset" 1104
"C:/Users/fputi/Documents/GitHub/BuscaMines/Content/Kobo_ForestVillage/Meshes/SM-Stump-01.uexp" 1105
"C:/Users/fputi/Documents/GitHub/BuscaMines/Content/Kobo_ForestVillage/Textures/T-Normal/T-N-RVTGrass-01.ubulk" 1106
"C:/Users/fputi/Documents/GitHub/BuscaMines/Content/Kobo_ForestVillage/Textures/T-Normal/T-N-RVTGrass-01.uasset" 1107
"C:/Users/fputi/Documents/GitHub/BuscaMines/Content/Kobo_ForestVillage/Textures/T-Normal/T-N-RVTGrass-01.uexp" 1108
"C:/Users/fputi/Documents/GitHub/BuscaMines/Content/Kobo_ForestVillage/Materials/M-Instances/MI-RVTGrass-01.uasset" 1109
"C:/Users/fputi/Documents/GitHub/BuscaMines/Content/Kobo_ForestVillage/Materials/M-Instances/MI-RVTGrass-01.uexp" 1110
"C:/Users/fputi/Documents/GitHub/BuscaMines/Content/Kobo_ForestVillage/Meshes/SM-RVTGrass-01.ubulk" 1111
"C:/Users/fputi/Documents/GitHub/BuscaMines/Content/Kobo_ForestVillage/Meshes/SM-RVTGrass-01.uasset" 1112
"C:/Users/fputi/Documents/GitHub/BuscaMines/Content/Kobo_ForestVillage/Meshes/SM-RVTGrass-01.uexp" 1113
"C:/Users/fputi/Documents/GitHub/BuscaMines/Content/Kobo_ForestVillage/Textures/T-Normal/T-N-Rock-06.ubulk" 1114
"C:/Users/fputi/Documents/GitHub/BuscaMines/Content/Kobo_ForestVillage/Textures/T-Normal/T-N-Rock-06.uasset" 1115
"C:/Users/fputi/Documents/GitHub/BuscaMines/Content/Kobo_ForestVillage/Textures/T-Normal/T-N-Rock-06.uexp" 1116
"C:/Users/fputi/Documents/GitHub/BuscaMines/Content/Kobo_ForestVillage/Textures/T-Albedo/T-A-Rock-06.ubulk" 1117
"C:/Users/fputi/Documents/GitHub/BuscaMines/Content/Kobo_ForestVillage/Textures/T-Albedo/T-A-Rock-06.uasset" 1118
"C:/Users/fputi/Documents/GitHub/BuscaMines/Content/Kobo_ForestVillage/Textures/T-Albedo/T-A-Rock-06.uexp" 1119
"C:/Users/fputi/Documents/GitHub/BuscaMines/Content/Kobo_ForestVillage/Materials/M-Instances/MI-Rock-06.uasset" 1120
"C:/Users/fputi/Documents/GitHub/BuscaMines/Content/Kobo_ForestVillage/Materials/M-Instances/MI-Rock-06.uexp" 1121
"C:/Users/fputi/Documents/GitHub/BuscaMines/Content/Kobo_ForestVillage/Meshes/SM-Rock-06.ubulk" 1122
"C:/Users/fputi/Documents/GitHub/BuscaMines/Content/Kobo_ForestVillage/Meshes/SM-Rock-06.uasset" 1123
"C:/Users/fputi/Documents/GitHub/BuscaMines/Content/Kobo_ForestVillage/Meshes/SM-Rock-06.uexp" 1124
"C:/Users/fputi/Documents/GitHub/BuscaMines/Content/Kobo_ForestVillage/Textures/T-Normal/T-N-Rock-05.ubulk" 1125
"C:/Users/fputi/Documents/GitHub/BuscaMines/Content/Kobo_ForestVillage/Textures/T-Normal/T-N-Rock-05.uasset" 1126
"C:/Users/fputi/Documents/GitHub/BuscaMines/Content/Kobo_ForestVillage/Textures/T-Normal/T-N-Rock-05.uexp" 1127
"C:/Users/fputi/Documents/GitHub/BuscaMines/Content/Kobo_ForestVillage/Textures/T-Albedo/T-A-Rock-05.ubulk" 1128
"C:/Users/fputi/Documents/GitHub/BuscaMines/Content/Kobo_ForestVillage/Textures/T-Albedo/T-A-Rock-05.uasset" 1129
"C:/Users/fputi/Documents/GitHub/BuscaMines/Content/Kobo_ForestVillage/Textures/T-Albedo/T-A-Rock-05.uexp" 1130
"C:/Users/fputi/Documents/GitHub/BuscaMines/Content/Kobo_ForestVillage/Materials/M-Instances/MI-Rock-05.uasset" 1131
"C:/Users/fputi/Documents/GitHub/BuscaMines/Content/Kobo_ForestVillage/Materials/M-Instances/MI-Rock-05.uexp" 1132
"C:/Users/fputi/Documents/GitHub/BuscaMines/Content/Kobo_ForestVillage/Meshes/SM-Rock-05.ubulk" 1133
"C:/Users/fputi/Documents/GitHub/BuscaMines/Content/Kobo_ForestVillage/Meshes/SM-Rock-05.uasset" 1134
"C:/Users/fputi/Documents/GitHub/BuscaMines/Content/Kobo_ForestVillage/Meshes/SM-Rock-05.uexp" 1135
"C:/Users/fputi/Documents/GitHub/BuscaMines/Content/Kobo_ForestVillage/Textures/T-Normal/T-N-Rock-04.ubulk" 1136
"C:/Users/fputi/Documents/GitHub/BuscaMines/Content/Kobo_ForestVillage/Textures/T-Normal/T-N-Rock-04.uasset" 1137
"C:/Users/fputi/Documents/GitHub/BuscaMines/Content/Kobo_ForestVillage/Textures/T-Normal/T-N-Rock-04.uexp" 1138
"C:/Users/fputi/Documents/GitHub/BuscaMines/Content/Kobo_ForestVillage/Textures/T-Albedo/T-A-Rock-04.ubulk" 1139
"C:/Users/fputi/Documents/GitHub/BuscaMines/Content/Kobo_ForestVillage/Textures/T-Albedo/T-A-Rock-04.uasset" 1140
"C:/Users/fputi/Documents/GitHub/BuscaMines/Content/Kobo_ForestVillage/Textures/T-Albedo/T-A-Rock-04.uexp" 1141
"C:/Users/fputi/Documents/GitHub/BuscaMines/Content/Kobo_ForestVillage/Materials/M-Instances/MI-Rock-04.uasset" 1142
"C:/Users/fputi/Documents/GitHub/BuscaMines/Content/Kobo_ForestVillage/Materials/M-Instances/MI-Rock-04.uexp" 1143
"C:/Users/fputi/Documents/GitHub/BuscaMines/Content/Kobo_ForestVillage/Meshes/SM-Rock-04.ubulk" 1144
"C:/Users/fputi/Documents/GitHub/BuscaMines/Content/Kobo_ForestVillage/Meshes/SM-Rock-04.uasset" 1145
"C:/Users/fputi/Documents/GitHub/BuscaMines/Content/Kobo_ForestVillage/Meshes/SM-Rock-04.uexp" 1146
"C:/Users/fputi/Documents/GitHub/BuscaMines/Content/Kobo_ForestVillage/Textures/T-Normal/T-N-Rock-03.ubulk" 1147
"C:/Users/fputi/Documents/GitHub/BuscaMines/Content/Kobo_ForestVillage/Textures/T-Normal/T-N-Rock-03.uasset" 1148
"C:/Users/fputi/Documents/GitHub/BuscaMines/Content/Kobo_ForestVillage/Textures/T-Normal/T-N-Rock-03.uexp" 1149
"C:/Users/fputi/Documents/GitHub/BuscaMines/Content/Kobo_ForestVillage/Textures/T-Albedo/T-A-Rock-03.ubulk" 1150
"C:/Users/fputi/Documents/GitHub/BuscaMines/Content/Kobo_ForestVillage/Textures/T-Albedo/T-A-Rock-03.uasset" 1151
"C:/Users/fputi/Documents/GitHub/BuscaMines/Content/Kobo_ForestVillage/Textures/T-Albedo/T-A-Rock-03.uexp" 1152
"C:/Users/fputi/Documents/GitHub/BuscaMines/Content/Kobo_ForestVillage/Materials/M-Instances/MI-Rock-03.uasset" 1153
"C:/Users/fputi/Documents/GitHub/BuscaMines/Content/Kobo_ForestVillage/Materials/M-Instances/MI-Rock-03.uexp" 1154
"C:/Users/fputi/Documents/GitHub/BuscaMines/Content/Kobo_ForestVillage/Meshes/SM-Rock-03.ubulk" 1155
"C:/Users/fputi/Documents/GitHub/BuscaMines/Content/Kobo_ForestVillage/Meshes/SM-Rock-03.uasset" 1156
"C:/Users/fputi/Documents/GitHub/BuscaMines/Content/Kobo_ForestVillage/Meshes/SM-Rock-03.uexp" 1157
"C:/Users/fputi/Documents/GitHub/BuscaMines/Content/Kobo_ForestVillage/Textures/T-Normal/T-N-Rock-02.ubulk" 1158
"C:/Users/fputi/Documents/GitHub/BuscaMines/Content/Kobo_ForestVillage/Textures/T-Normal/T-N-Rock-02.uasset" 1159
"C:/Users/fputi/Documents/GitHub/BuscaMines/Content/Kobo_ForestVillage/Textures/T-Normal/T-N-Rock-02.uexp" 1160
"C:/Users/fputi/Documents/GitHub/BuscaMines/Content/Kobo_ForestVillage/Textures/T-Albedo/T-A-Rock-02.ubulk" 1161
"C:/Users/fputi/Documents/GitHub/BuscaMines/Content/Kobo_ForestVillage/Textures/T-Albedo/T-A-Rock-02.uasset" 1162
"C:/Users/fputi/Documents/GitHub/BuscaMines/Content/Kobo_ForestVillage/Textures/T-Albedo/T-A-Rock-02.uexp" 1163
"C:/Users/fputi/Documents/GitHub/BuscaMines/Content/Kobo_ForestVillage/Materials/M-Instances/MI-Rock-02.uasset" 1164
"C:/Users/fputi/Documents/GitHub/BuscaMines/Content/Kobo_ForestVillage/Materials/M-Instances/MI-Rock-02.uexp" 1165
"C:/Users/fputi/Documents/GitHub/BuscaMines/Content/Kobo_ForestVillage/Meshes/SM-Rock-02.ubulk" 1166
"C:/Users/fputi/Documents/GitHub/BuscaMines/Content/Kobo_ForestVillage/Meshes/SM-Rock-02.uasset" 1167
"C:/Users/fputi/Documents/GitHub/BuscaMines/Content/Kobo_ForestVillage/Meshes/SM-Rock-02.uexp" 1168
"C:/Users/fputi/Documents/GitHub/BuscaMines/Content/Kobo_ForestVillage/Textures/T-Normal/T-N-Rock-01.ubulk" 1169
"C:/Users/fputi/Documents/GitHub/BuscaMines/Content/Kobo_ForestVillage/Textures/T-Normal/T-N-Rock-01.uasset" 1170
"C:/Users/fputi/Documents/GitHub/BuscaMines/Content/Kobo_ForestVillage/Textures/T-Normal/T-N-Rock-01.uexp" 1171
"C:/Users/fputi/Documents/GitHub/BuscaMines/Content/Kobo_ForestVillage/Textures/T-Albedo/T-A-Rock-01.ubulk" 1172
"C:/Users/fputi/Documents/GitHub/BuscaMines/Content/Kobo_ForestVillage/Textures/T-Albedo/T-A-Rock-01.uasset" 1173
"C:/Users/fputi/Documents/GitHub/BuscaMines/Content/Kobo_ForestVillage/Textures/T-Albedo/T-A-Rock-01.uexp" 1174
"C:/Users/fputi/Documents/GitHub/BuscaMines/Content/Kobo_ForestVillage/Materials/M-Instances/MI-Rock-01.uasset" 1175
"C:/Users/fputi/Documents/GitHub/BuscaMines/Content/Kobo_ForestVillage/Materials/M-Instances/MI-Rock-01.uexp" 1176
"C:/Users/fputi/Documents/GitHub/BuscaMines/Content/Kobo_ForestVillage/Meshes/SM-Rock-01.ubulk" 1177
"C:/Users/fputi/Documents/GitHub/BuscaMines/Content/Kobo_ForestVillage/Meshes/SM-Rock-01.uasset" 1178
"C:/Users/fputi/Documents/GitHub/BuscaMines/Content/Kobo_ForestVillage/Meshes/SM-Rock-01.uexp" 1179
"C:/Users/fputi/Documents/GitHub/BuscaMines/Content/Kobo_ForestVillage/Textures/T-Normal/T-N-Pot-01.ubulk" 1180
"C:/Users/fputi/Documents/GitHub/BuscaMines/Content/Kobo_ForestVillage/Textures/T-Normal/T-N-Pot-01.uasset" 1181
"C:/Users/fputi/Documents/GitHub/BuscaMines/Content/Kobo_ForestVillage/Textures/T-Normal/T-N-Pot-01.uexp" 1182
"C:/Users/fputi/Documents/GitHub/BuscaMines/Content/Kobo_ForestVillage/Textures/T-Albedo/T-A-Pot-01.ubulk" 1183
"C:/Users/fputi/Documents/GitHub/BuscaMines/Content/Kobo_ForestVillage/Textures/T-Albedo/T-A-Pot-01.uasset" 1184
"C:/Users/fputi/Documents/GitHub/BuscaMines/Content/Kobo_ForestVillage/Textures/T-Albedo/T-A-Pot-01.uexp" 1185
"C:/Users/fputi/Documents/GitHub/BuscaMines/Content/Kobo_ForestVillage/Materials/M-Instances/MI-Pot-02.uasset" 1186
"C:/Users/fputi/Documents/GitHub/BuscaMines/Content/Kobo_ForestVillage/Materials/M-Instances/MI-Pot-02.uexp" 1187
"C:/Users/fputi/Documents/GitHub/BuscaMines/Content/Kobo_ForestVillage/Materials/M-Instances/MI-Pot-01.uasset" 1188
"C:/Users/fputi/Documents/GitHub/BuscaMines/Content/Kobo_ForestVillage/Materials/M-Instances/MI-Pot-01.uexp" 1189
"C:/Users/fputi/Documents/GitHub/BuscaMines/Content/Kobo_ForestVillage/Meshes/SM-Pot-01.ubulk" 1190
"C:/Users/fputi/Documents/GitHub/BuscaMines/Content/Kobo_ForestVillage/Meshes/SM-Pot-01.uasset" 1191
"C:/Users/fputi/Documents/GitHub/BuscaMines/Content/Kobo_ForestVillage/Meshes/SM-Pot-01.uexp" 1192
"C:/Users/fputi/Documents/GitHub/BuscaMines/Content/Kobo_ForestVillage/Textures/T-Normal/T-N-Path-08.ubulk" 1193
"C:/Users/fputi/Documents/GitHub/BuscaMines/Content/Kobo_ForestVillage/Textures/T-Normal/T-N-Path-08.uasset" 1194
"C:/Users/fputi/Documents/GitHub/BuscaMines/Content/Kobo_ForestVillage/Textures/T-Normal/T-N-Path-08.uexp" 1195
"C:/Users/fputi/Documents/GitHub/BuscaMines/Content/Kobo_ForestVillage/Textures/T-Albedo/T-A-Path-08.ubulk" 1196
"C:/Users/fputi/Documents/GitHub/BuscaMines/Content/Kobo_ForestVillage/Textures/T-Albedo/T-A-Path-08.uasset" 1197
"C:/Users/fputi/Documents/GitHub/BuscaMines/Content/Kobo_ForestVillage/Textures/T-Albedo/T-A-Path-08.uexp" 1198
"C:/Users/fputi/Documents/GitHub/BuscaMines/Content/Kobo_ForestVillage/Materials/M-Instances/MI-Path-08.uasset" 1199
"C:/Users/fputi/Documents/GitHub/BuscaMines/Content/Kobo_ForestVillage/Materials/M-Instances/MI-Path-08.uexp" 1200
"C:/Users/fputi/Documents/GitHub/BuscaMines/Content/Kobo_ForestVillage/Meshes/SM-Path-08.ubulk" 1201
"C:/Users/fputi/Documents/GitHub/BuscaMines/Content/Kobo_ForestVillage/Meshes/SM-Path-08.uasset" 1202
"C:/Users/fputi/Documents/GitHub/BuscaMines/Content/Kobo_ForestVillage/Meshes/SM-Path-08.uexp" 1203
"C:/Users/fputi/Documents/GitHub/BuscaMines/Content/Kobo_ForestVillage/Textures/T-Normal/T-N-Path-07.ubulk" 1204
"C:/Users/fputi/Documents/GitHub/BuscaMines/Content/Kobo_ForestVillage/Textures/T-Normal/T-N-Path-07.uasset" 1205
"C:/Users/fputi/Documents/GitHub/BuscaMines/Content/Kobo_ForestVillage/Textures/T-Normal/T-N-Path-07.uexp" 1206
"C:/Users/fputi/Documents/GitHub/BuscaMines/Content/Kobo_ForestVillage/Textures/T-Albedo/T-A-Path-07.ubulk" 1207
"C:/Users/fputi/Documents/GitHub/BuscaMines/Content/Kobo_ForestVillage/Textures/T-Albedo/T-A-Path-07.uasset" 1208
"C:/Users/fputi/Documents/GitHub/BuscaMines/Content/Kobo_ForestVillage/Textures/T-Albedo/T-A-Path-07.uexp" 1209
"C:/Users/fputi/Documents/GitHub/BuscaMines/Content/Kobo_ForestVillage/Materials/M-Instances/MI-Path-07.uasset" 1210
"C:/Users/fputi/Documents/GitHub/BuscaMines/Content/Kobo_ForestVillage/Materials/M-Instances/MI-Path-07.uexp" 1211
"C:/Users/fputi/Documents/GitHub/BuscaMines/Content/Kobo_ForestVillage/Meshes/SM-Path-07.ubulk" 1212
"C:/Users/fputi/Documents/GitHub/BuscaMines/Content/Kobo_ForestVillage/Meshes/SM-Path-07.uasset" 1213
"C:/Users/fputi/Documents/GitHub/BuscaMines/Content/Kobo_ForestVillage/Meshes/SM-Path-07.uexp" 1214
"C:/Users/fputi/Documents/GitHub/BuscaMines/Content/Kobo_ForestVillage/Textures/T-Normal/T-N-Path-06.ubulk" 1215
"C:/Users/fputi/Documents/GitHub/BuscaMines/Content/Kobo_ForestVillage/Textures/T-Normal/T-N-Path-06.uasset" 1216
"C:/Users/fputi/Documents/GitHub/BuscaMines/Content/Kobo_ForestVillage/Textures/T-Normal/T-N-Path-06.uexp" 1217
"C:/Users/fputi/Documents/GitHub/BuscaMines/Content/Kobo_ForestVillage/Textures/T-Albedo/T-A-Path-06.ubulk" 1218
"C:/Users/fputi/Documents/GitHub/BuscaMines/Content/Kobo_ForestVillage/Textures/T-Albedo/T-A-Path-06.uasset" 1219
"C:/Users/fputi/Documents/GitHub/BuscaMines/Content/Kobo_ForestVillage/Textures/T-Albedo/T-A-Path-06.uexp" 1220
"C:/Users/fputi/Documents/GitHub/BuscaMines/Content/Kobo_ForestVillage/Materials/M-Instances/MI-Path-06.uasset" 1221
"C:/Users/fputi/Documents/GitHub/BuscaMines/Content/Kobo_ForestVillage/Materials/M-Instances/MI-Path-06.uexp" 1222
"C:/Users/fputi/Documents/GitHub/BuscaMines/Content/Kobo_ForestVillage/Meshes/SM-Path-06.ubulk" 1223
"C:/Users/fputi/Documents/GitHub/BuscaMines/Content/Kobo_ForestVillage/Meshes/SM-Path-06.uasset" 1224
"C:/Users/fputi/Documents/GitHub/BuscaMines/Content/Kobo_ForestVillage/Meshes/SM-Path-06.uexp" 1225
"C:/Users/fputi/Documents/GitHub/BuscaMines/Content/Kobo_ForestVillage/Textures/T-Normal/T-N-Path-05.ubulk" 1226
"C:/Users/fputi/Documents/GitHub/BuscaMines/Content/Kobo_ForestVillage/Textures/T-Normal/T-N-Path-05.uasset" 1227
"C:/Users/fputi/Documents/GitHub/BuscaMines/Content/Kobo_ForestVillage/Textures/T-Normal/T-N-Path-05.uexp" 1228
"C:/Users/fputi/Documents/GitHub/BuscaMines/Content/Kobo_ForestVillage/Textures/T-Albedo/T-A-Path-05.ubulk" 1229
"C:/Users/fputi/Documents/GitHub/BuscaMines/Content/Kobo_ForestVillage/Textures/T-Albedo/T-A-Path-05.uasset" 1230
"C:/Users/fputi/Documents/GitHub/BuscaMines/Content/Kobo_ForestVillage/Textures/T-Albedo/T-A-Path-05.uexp" 1231
"C:/Users/fputi/Documents/GitHub/BuscaMines/Content/Kobo_ForestVillage/Materials/M-Instances/MI-Path-05.uasset" 1232
"C:/Users/fputi/Documents/GitHub/BuscaMines/Content/Kobo_ForestVillage/Materials/M-Instances/MI-Path-05.uexp" 1233
"C:/Users/fputi/Documents/GitHub/BuscaMines/Content/Kobo_ForestVillage/Meshes/SM-Path-05.ubulk" 1234
"C:/Users/fputi/Documents/GitHub/BuscaMines/Content/Kobo_ForestVillage/Meshes/SM-Path-05.uasset" 1235
"C:/Users/fputi/Documents/GitHub/BuscaMines/Content/Kobo_ForestVillage/Meshes/SM-Path-05.uexp" 1236
"C:/Users/fputi/Documents/GitHub/BuscaMines/Content/Kobo_ForestVillage/Textures/T-Normal/T-N-Path-03.ubulk" 1237
"C:/Users/fputi/Documents/GitHub/BuscaMines/Content/Kobo_ForestVillage/Textures/T-Normal/T-N-Path-03.uasset" 1238
"C:/Users/fputi/Documents/GitHub/BuscaMines/Content/Kobo_ForestVillage/Textures/T-Normal/T-N-Path-03.uexp" 1239
"C:/Users/fputi/Documents/GitHub/BuscaMines/Content/Kobo_ForestVillage/Textures/T-Albedo/T-A-Path-03.ubulk" 1240
"C:/Users/fputi/Documents/GitHub/BuscaMines/Content/Kobo_ForestVillage/Textures/T-Albedo/T-A-Path-03.uasset" 1241
"C:/Users/fputi/Documents/GitHub/BuscaMines/Content/Kobo_ForestVillage/Textures/T-Albedo/T-A-Path-03.uexp" 1242
"C:/Users/fputi/Documents/GitHub/BuscaMines/Content/Kobo_ForestVillage/Materials/M-Instances/MI-Path-03.uasset" 1243
"C:/Users/fputi/Documents/GitHub/BuscaMines/Content/Kobo_ForestVillage/Materials/M-Instances/MI-Path-03.uexp" 1244
"C:/Users/fputi/Documents/GitHub/BuscaMines/Content/Kobo_ForestVillage/Meshes/SM-Path-03.ubulk" 1245
"C:/Users/fputi/Documents/GitHub/BuscaMines/Content/Kobo_ForestVillage/Meshes/SM-Path-03.uasset" 1246
"C:/Users/fputi/Documents/GitHub/BuscaMines/Content/Kobo_ForestVillage/Meshes/SM-Path-03.uexp" 1247
"C:/Users/fputi/Documents/GitHub/BuscaMines/Content/Kobo_ForestVillage/Textures/T-Normal/T-N-Path-01.ubulk" 1248
"C:/Users/fputi/Documents/GitHub/BuscaMines/Content/Kobo_ForestVillage/Textures/T-Normal/T-N-Path-01.uasset" 1249
"C:/Users/fputi/Documents/GitHub/BuscaMines/Content/Kobo_ForestVillage/Textures/T-Normal/T-N-Path-01.uexp" 1250
"C:/Users/fputi/Documents/GitHub/BuscaMines/Content/Kobo_ForestVillage/Textures/T-Albedo/T-A-Path-01.ubulk" 1251
"C:/Users/fputi/Documents/GitHub/BuscaMines/Content/Kobo_ForestVillage/Textures/T-Albedo/T-A-Path-01.uasset" 1252
"C:/Users/fputi/Documents/GitHub/BuscaMines/Content/Kobo_ForestVillage/Textures/T-Albedo/T-A-Path-01.uexp" 1253
"C:/Users/fputi/Documents/GitHub/BuscaMines/Content/Kobo_ForestVillage/Materials/M-Instances/MI-Path-01.uasset" 1254
"C:/Users/fputi/Documents/GitHub/BuscaMines/Content/Kobo_ForestVillage/Materials/M-Instances/MI-Path-01.uexp" 1255
"C:/Users/fputi/Documents/GitHub/BuscaMines/Content/Kobo_ForestVillage/Meshes/SM-Path-01.ubulk" 1256
"C:/Users/fputi/Documents/GitHub/BuscaMines/Content/Kobo_ForestVillage/Meshes/SM-Path-01.uasset" 1257
"C:/Users/fputi/Documents/GitHub/BuscaMines/Content/Kobo_ForestVillage/Meshes/SM-Path-01.uexp" 1258
"C:/Users/fputi/Documents/GitHub/BuscaMines/Content/Kobo_ForestVillage/Textures/T-Normal/T-N-Logpile-01.ubulk" 1259
"C:/Users/fputi/Documents/GitHub/BuscaMines/Content/Kobo_ForestVillage/Textures/T-Normal/T-N-Logpile-01.uasset" 1260
"C:/Users/fputi/Documents/GitHub/BuscaMines/Content/Kobo_ForestVillage/Textures/T-Normal/T-N-Logpile-01.uexp" 1261
"C:/Users/fputi/Documents/GitHub/BuscaMines/Content/Kobo_ForestVillage/Textures/T-Albedo/T-A-LogPile-01.ubulk" 1262
"C:/Users/fputi/Documents/GitHub/BuscaMines/Content/Kobo_ForestVillage/Textures/T-Albedo/T-A-LogPile-01.uasset" 1263
"C:/Users/fputi/Documents/GitHub/BuscaMines/Content/Kobo_ForestVillage/Textures/T-Albedo/T-A-LogPile-01.uexp" 1264
"C:/Users/fputi/Documents/GitHub/BuscaMines/Content/Kobo_ForestVillage/Materials/M-Instances/MI-Logpile-01.uasset" 1265
"C:/Users/fputi/Documents/GitHub/BuscaMines/Content/Kobo_ForestVillage/Materials/M-Instances/MI-Logpile-01.uexp" 1266
"C:/Users/fputi/Documents/GitHub/BuscaMines/Content/Kobo_ForestVillage/Meshes/SM-LogPile-01.ubulk" 1267
"C:/Users/fputi/Documents/GitHub/BuscaMines/Content/Kobo_ForestVillage/Meshes/SM-LogPile-01.uasset" 1268
"C:/Users/fputi/Documents/GitHub/BuscaMines/Content/Kobo_ForestVillage/Meshes/SM-LogPile-01.uexp" 1269
"C:/Users/fputi/Documents/GitHub/BuscaMines/Content/Kobo_ForestVillage/Materials/M-Instances/MI-Blank-02.uasset" 1270
"C:/Users/fputi/Documents/GitHub/BuscaMines/Content/Kobo_ForestVillage/Materials/M-Instances/MI-Blank-02.uexp" 1271
"C:/Users/fputi/Documents/GitHub/BuscaMines/Content/Kobo_ForestVillage/Textures/T-Normal/T-N-House-03-01.ubulk" 1272
"C:/Users/fputi/Documents/GitHub/BuscaMines/Content/Kobo_ForestVillage/Textures/T-Normal/T-N-House-03-01.uasset" 1273
"C:/Users/fputi/Documents/GitHub/BuscaMines/Content/Kobo_ForestVillage/Textures/T-Normal/T-N-House-03-01.uexp" 1274
"C:/Users/fputi/Documents/GitHub/BuscaMines/Content/Kobo_ForestVillage/Textures/T-Albedo/T-A-House-03-01.ubulk" 1275
"C:/Users/fputi/Documents/GitHub/BuscaMines/Content/Kobo_ForestVillage/Textures/T-Albedo/T-A-House-03-01.uasset" 1276
"C:/Users/fputi/Documents/GitHub/BuscaMines/Content/Kobo_ForestVillage/Textures/T-Albedo/T-A-House-03-01.uexp" 1277
"C:/Users/fputi/Documents/GitHub/BuscaMines/Content/Kobo_ForestVillage/Materials/M-Instances/MI-House-03-01.uasset" 1278
"C:/Users/fputi/Documents/GitHub/BuscaMines/Content/Kobo_ForestVillage/Materials/M-Instances/MI-House-03-01.uexp" 1279
"C:/Users/fputi/Documents/GitHub/BuscaMines/Content/Kobo_ForestVillage/Textures/T-Normal/T-N-House-03-02.ubulk" 1280
"C:/Users/fputi/Documents/GitHub/BuscaMines/Content/Kobo_ForestVillage/Textures/T-Normal/T-N-House-03-02.uasset" 1281
"C:/Users/fputi/Documents/GitHub/BuscaMines/Content/Kobo_ForestVillage/Textures/T-Normal/T-N-House-03-02.uexp" 1282
"C:/Users/fputi/Documents/GitHub/BuscaMines/Content/Kobo_ForestVillage/Textures/T-Albedo/T-A-House-03-02.ubulk" 1283
"C:/Users/fputi/Documents/GitHub/BuscaMines/Content/Kobo_ForestVillage/Textures/T-Albedo/T-A-House-03-02.uasset" 1284
"C:/Users/fputi/Documents/GitHub/BuscaMines/Content/Kobo_ForestVillage/Textures/T-Albedo/T-A-House-03-02.uexp" 1285
"C:/Users/fputi/Documents/GitHub/BuscaMines/Content/Kobo_ForestVillage/Materials/M-Instances/MI-House-03-02.uasset" 1286
"C:/Users/fputi/Documents/GitHub/BuscaMines/Content/Kobo_ForestVillage/Materials/M-Instances/MI-House-03-02.uexp" 1287
"C:/Users/fputi/Documents/GitHub/BuscaMines/Content/Kobo_ForestVillage/Textures/T-Normal/T-N-House-03-03.ubulk" 1288
"C:/Users/fputi/Documents/GitHub/BuscaMines/Content/Kobo_ForestVillage/Textures/T-Normal/T-N-House-03-03.uasset" 1289
"C:/Users/fputi/Documents/GitHub/BuscaMines/Content/Kobo_ForestVillage/Textures/T-Normal/T-N-House-03-03.uexp" 1290
"C:/Users/fputi/Documents/GitHub/BuscaMines/Content/Kobo_ForestVillage/Textures/T-Albedo/T-A-House-03-03.ubulk" 1291
"C:/Users/fputi/Documents/GitHub/BuscaMines/Content/Kobo_ForestVillage/Textures/T-Albedo/T-A-House-03-03.uasset" 1292
"C:/Users/fputi/Documents/GitHub/BuscaMines/Content/Kobo_ForestVillage/Textures/T-Albedo/T-A-House-03-03.uexp" 1293
"C:/Users/fputi/Documents/GitHub/BuscaMines/Content/Kobo_ForestVillage/Materials/M-Instances/MI-House-03-03.uasset" 1294
"C:/Users/fputi/Documents/GitHub/BuscaMines/Content/Kobo_ForestVillage/Materials/M-Instances/MI-House-03-03.uexp" 1295
"C:/Users/fputi/Documents/GitHub/BuscaMines/Content/Kobo_ForestVillage/Textures/T-Normal/T-N-House-03-04.ubulk" 1296
"C:/Users/fputi/Documents/GitHub/BuscaMines/Content/Kobo_ForestVillage/Textures/T-Normal/T-N-House-03-04.uasset" 1297
"C:/Users/fputi/Documents/GitHub/BuscaMines/Content/Kobo_ForestVillage/Textures/T-Normal/T-N-House-03-04.uexp" 1298
"C:/Users/fputi/Documents/GitHub/BuscaMines/Content/Kobo_ForestVillage/Textures/T-Albedo/T-A-House-03-04.ubulk" 1299
"C:/Users/fputi/Documents/GitHub/BuscaMines/Content/Kobo_ForestVillage/Textures/T-Albedo/T-A-House-03-04.uasset" 1300
"C:/Users/fputi/Documents/GitHub/BuscaMines/Content/Kobo_ForestVillage/Textures/T-Albedo/T-A-House-03-04.uexp" 1301
"C:/Users/fputi/Documents/GitHub/BuscaMines/Content/Kobo_ForestVillage/Materials/M-Instances/MI-House-03-04.uasset" 1302
"C:/Users/fputi/Documents/GitHub/BuscaMines/Content/Kobo_ForestVillage/Materials/M-Instances/MI-House-03-04.uexp" 1303
"C:/Users/fputi/Documents/GitHub/BuscaMines/Content/Kobo_ForestVillage/Meshes/SM-House-03.ubulk" 1304
"C:/Users/fputi/Documents/GitHub/BuscaMines/Content/Kobo_ForestVillage/Meshes/SM-House-03.uasset" 1305
"C:/Users/fputi/Documents/GitHub/BuscaMines/Content/Kobo_ForestVillage/Meshes/SM-House-03.uexp" 1306
"C:/Users/fputi/Documents/GitHub/BuscaMines/Content/Kobo_ForestVillage/Textures/T-Normal/T-N-House-02-01.ubulk" 1307
"C:/Users/fputi/Documents/GitHub/BuscaMines/Content/Kobo_ForestVillage/Textures/T-Normal/T-N-House-02-01.uasset" 1308
"C:/Users/fputi/Documents/GitHub/BuscaMines/Content/Kobo_ForestVillage/Textures/T-Normal/T-N-House-02-01.uexp" 1309
"C:/Users/fputi/Documents/GitHub/BuscaMines/Content/Kobo_ForestVillage/Textures/T-Albedo/T-A-House-02-01.ubulk" 1310
"C:/Users/fputi/Documents/GitHub/BuscaMines/Content/Kobo_ForestVillage/Textures/T-Albedo/T-A-House-02-01.uasset" 1311
"C:/Users/fputi/Documents/GitHub/BuscaMines/Content/Kobo_ForestVillage/Textures/T-Albedo/T-A-House-02-01.uexp" 1312
"C:/Users/fputi/Documents/GitHub/BuscaMines/Content/Kobo_ForestVillage/Materials/M-Instances/MI-House-02-01.uasset" 1313
"C:/Users/fputi/Documents/GitHub/BuscaMines/Content/Kobo_ForestVillage/Materials/M-Instances/MI-House-02-01.uexp" 1314
"C:/Users/fputi/Documents/GitHub/BuscaMines/Content/Kobo_ForestVillage/Textures/T-Normal/T-N-House-02-02.ubulk" 1315
"C:/Users/fputi/Documents/GitHub/BuscaMines/Content/Kobo_ForestVillage/Textures/T-Normal/T-N-House-02-02.uasset" 1316
"C:/Users/fputi/Documents/GitHub/BuscaMines/Content/Kobo_ForestVillage/Textures/T-Normal/T-N-House-02-02.uexp" 1317
"C:/Users/fputi/Documents/GitHub/BuscaMines/Content/Kobo_ForestVillage/Textures/T-Albedo/T-A-House-02-02.ubulk" 1318
"C:/Users/fputi/Documents/GitHub/BuscaMines/Content/Kobo_ForestVillage/Textures/T-Albedo/T-A-House-02-02.uasset" 1319
"C:/Users/fputi/Documents/GitHub/BuscaMines/Content/Kobo_ForestVillage/Textures/T-Albedo/T-A-House-02-02.uexp" 1320
"C:/Users/fputi/Documents/GitHub/BuscaMines/Content/Kobo_ForestVillage/Materials/M-Instances/MI-House-02-02.uasset" 1321
"C:/Users/fputi/Documents/GitHub/BuscaMines/Content/Kobo_ForestVillage/Materials/M-Instances/MI-House-02-02.uexp" 1322
"C:/Users/fputi/Documents/GitHub/BuscaMines/Content/Kobo_ForestVillage/Textures/T-Normal/T-N-House-02-03.ubulk" 1323
"C:/Users/fputi/Documents/GitHub/BuscaMines/Content/Kobo_ForestVillage/Textures/T-Normal/T-N-House-02-03.uasset" 1324
"C:/Users/fputi/Documents/GitHub/BuscaMines/Content/Kobo_ForestVillage/Textures/T-Normal/T-N-House-02-03.uexp" 1325
"C:/Users/fputi/Documents/GitHub/BuscaMines/Content/Kobo_ForestVillage/Textures/T-Albedo/T-A-House-02-03.ubulk" 1326
"C:/Users/fputi/Documents/GitHub/BuscaMines/Content/Kobo_ForestVillage/Textures/T-Albedo/T-A-House-02-03.uasset" 1327
"C:/Users/fputi/Documents/GitHub/BuscaMines/Content/Kobo_ForestVillage/Textures/T-Albedo/T-A-House-02-03.uexp" 1328
"C:/Users/fputi/Documents/GitHub/BuscaMines/Content/Kobo_ForestVillage/Materials/M-Instances/MI-House-02-03.uasset" 1329
"C:/Users/fputi/Documents/GitHub/BuscaMines/Content/Kobo_ForestVillage/Materials/M-Instances/MI-House-02-03.uexp" 1330
"C:/Users/fputi/Documents/GitHub/BuscaMines/Content/Kobo_ForestVillage/Textures/T-Normal/T-N-House-02-04.ubulk" 1331
"C:/Users/fputi/Documents/GitHub/BuscaMines/Content/Kobo_ForestVillage/Textures/T-Normal/T-N-House-02-04.uasset" 1332
"C:/Users/fputi/Documents/GitHub/BuscaMines/Content/Kobo_ForestVillage/Textures/T-Normal/T-N-House-02-04.uexp" 1333
"C:/Users/fputi/Documents/GitHub/BuscaMines/Content/Kobo_ForestVillage/Textures/T-Albedo/T-A-House-02-04.ubulk" 1334
"C:/Users/fputi/Documents/GitHub/BuscaMines/Content/Kobo_ForestVillage/Textures/T-Albedo/T-A-House-02-04.uasset" 1335
"C:/Users/fputi/Documents/GitHub/BuscaMines/Content/Kobo_ForestVillage/Textures/T-Albedo/T-A-House-02-04.uexp" 1336
"C:/Users/fputi/Documents/GitHub/BuscaMines/Content/Kobo_ForestVillage/Materials/M-Instances/MI-House-02-04.uasset" 1337
"C:/Users/fputi/Documents/GitHub/BuscaMines/Content/Kobo_ForestVillage/Materials/M-Instances/MI-House-02-04.uexp" 1338
"C:/Users/fputi/Documents/GitHub/BuscaMines/Content/Kobo_ForestVillage/Meshes/SM-House-02.ubulk" 1339
"C:/Users/fputi/Documents/GitHub/BuscaMines/Content/Kobo_ForestVillage/Meshes/SM-House-02.uasset" 1340
"C:/Users/fputi/Documents/GitHub/BuscaMines/Content/Kobo_ForestVillage/Meshes/SM-House-02.uexp" 1341
"C:/Users/fputi/Documents/GitHub/BuscaMines/Content/Kobo_ForestVillage/Textures/T-Normal/T-N-House-01-01.ubulk" 1342
"C:/Users/fputi/Documents/GitHub/BuscaMines/Content/Kobo_ForestVillage/Textures/T-Normal/T-N-House-01-01.uasset" 1343
"C:/Users/fputi/Documents/GitHub/BuscaMines/Content/Kobo_ForestVillage/Textures/T-Normal/T-N-House-01-01.uexp" 1344
"C:/Users/fputi/Documents/GitHub/BuscaMines/Content/Kobo_ForestVillage/Textures/T-Albedo/T-A-House-01-01.ubulk" 1345
"C:/Users/fputi/Documents/GitHub/BuscaMines/Content/Kobo_ForestVillage/Textures/T-Albedo/T-A-House-01-01.uasset" 1346
"C:/Users/fputi/Documents/GitHub/BuscaMines/Content/Kobo_ForestVillage/Textures/T-Albedo/T-A-House-01-01.uexp" 1347
"C:/Users/fputi/Documents/GitHub/BuscaMines/Content/Kobo_ForestVillage/Materials/M-Instances/MI-House-01-01.uasset" 1348
"C:/Users/fputi/Documents/GitHub/BuscaMines/Content/Kobo_ForestVillage/Materials/M-Instances/MI-House-01-01.uexp" 1349
"C:/Users/fputi/Documents/GitHub/BuscaMines/Content/Kobo_ForestVillage/Textures/T-Normal/T-N-House-01-02.ubulk" 1350
"C:/Users/fputi/Documents/GitHub/BuscaMines/Content/Kobo_ForestVillage/Textures/T-Normal/T-N-House-01-02.uasset" 1351
"C:/Users/fputi/Documents/GitHub/BuscaMines/Content/Kobo_ForestVillage/Textures/T-Normal/T-N-House-01-02.uexp" 1352
"C:/Users/fputi/Documents/GitHub/BuscaMines/Content/Kobo_ForestVillage/Textures/T-Albedo/T-A-House-01-02.ubulk" 1353
"C:/Users/fputi/Documents/GitHub/BuscaMines/Content/Kobo_ForestVillage/Textures/T-Albedo/T-A-House-01-02.uasset" 1354
"C:/Users/fputi/Documents/GitHub/BuscaMines/Content/Kobo_ForestVillage/Textures/T-Albedo/T-A-House-01-02.uexp" 1355
"C:/Users/fputi/Documents/GitHub/BuscaMines/Content/Kobo_ForestVillage/Materials/M-Instances/MI-House-01-02.uasset" 1356
"C:/Users/fputi/Documents/GitHub/BuscaMines/Content/Kobo_ForestVillage/Materials/M-Instances/MI-House-01-02.uexp" 1357
"C:/Users/fputi/Documents/GitHub/BuscaMines/Content/Kobo_ForestVillage/Textures/T-Normal/T-N-House-01-03.ubulk" 1358
"C:/Users/fputi/Documents/GitHub/BuscaMines/Content/Kobo_ForestVillage/Textures/T-Normal/T-N-House-01-03.uasset" 1359
"C:/Users/fputi/Documents/GitHub/BuscaMines/Content/Kobo_ForestVillage/Textures/T-Normal/T-N-House-01-03.uexp" 1360
"C:/Users/fputi/Documents/GitHub/BuscaMines/Content/Kobo_ForestVillage/Textures/T-Albedo/T-A-House-01-03.ubulk" 1361
"C:/Users/fputi/Documents/GitHub/BuscaMines/Content/Kobo_ForestVillage/Textures/T-Albedo/T-A-House-01-03.uasset" 1362
"C:/Users/fputi/Documents/GitHub/BuscaMines/Content/Kobo_ForestVillage/Textures/T-Albedo/T-A-House-01-03.uexp" 1363
"C:/Users/fputi/Documents/GitHub/BuscaMines/Content/Kobo_ForestVillage/Materials/M-Instances/MI-House-01-03.uasset" 1364
"C:/Users/fputi/Documents/GitHub/BuscaMines/Content/Kobo_ForestVillage/Materials/M-Instances/MI-House-01-03.uexp" 1365
"C:/Users/fputi/Documents/GitHub/BuscaMines/Content/Kobo_ForestVillage/Textures/T-Normal/T-N-House-01-04.ubulk" 1366
"C:/Users/fputi/Documents/GitHub/BuscaMines/Content/Kobo_ForestVillage/Textures/T-Normal/T-N-House-01-04.uasset" 1367
"C:/Users/fputi/Documents/GitHub/BuscaMines/Content/Kobo_ForestVillage/Textures/T-Normal/T-N-House-01-04.uexp" 1368
"C:/Users/fputi/Documents/GitHub/BuscaMines/Content/Kobo_ForestVillage/Textures/T-Albedo/T-A-House-01-04.ubulk" 1369
"C:/Users/fputi/Documents/GitHub/BuscaMines/Content/Kobo_ForestVillage/Textures/T-Albedo/T-A-House-01-04.uasset" 1370
"C:/Users/fputi/Documents/GitHub/BuscaMines/Content/Kobo_ForestVillage/Textures/T-Albedo/T-A-House-01-04.uexp" 1371
"C:/Users/fputi/Documents/GitHub/BuscaMines/Content/Kobo_ForestVillage/Materials/M-Instances/MI-House-01-04.uasset" 1372
"C:/Users/fputi/Documents/GitHub/BuscaMines/Content/Kobo_ForestVillage/Materials/M-Instances/MI-House-01-04.uexp" 1373
"C:/Users/fputi/Documents/GitHub/BuscaMines/Content/Kobo_ForestVillage/Meshes/SM-House-01.ubulk" 1374
"C:/Users/fputi/Documents/GitHub/BuscaMines/Content/Kobo_ForestVillage/Meshes/SM-House-01.uasset" 1375
"C:/Users/fputi/Documents/GitHub/BuscaMines/Content/Kobo_ForestVillage/Meshes/SM-House-01.uexp" 1376
"C:/Users/fputi/Documents/GitHub/BuscaMines/Content/Kobo_ForestVillage/Textures/T-Normal/T-N-Flower-06.ubulk" 1377
"C:/Users/fputi/Documents/GitHub/BuscaMines/Content/Kobo_ForestVillage/Textures/T-Normal/T-N-Flower-06.uasset" 1378
"C:/Users/fputi/Documents/GitHub/BuscaMines/Content/Kobo_ForestVillage/Textures/T-Normal/T-N-Flower-06.uexp" 1379
"C:/Users/fputi/Documents/GitHub/BuscaMines/Content/Kobo_ForestVillage/Textures/T-Albedo/T-A-Flower-06.ubulk" 1380
"C:/Users/fputi/Documents/GitHub/BuscaMines/Content/Kobo_ForestVillage/Textures/T-Albedo/T-A-Flower-06.uasset" 1381
"C:/Users/fputi/Documents/GitHub/BuscaMines/Content/Kobo_ForestVillage/Textures/T-Albedo/T-A-Flower-06.uexp" 1382
"C:/Users/fputi/Documents/GitHub/BuscaMines/Content/Kobo_ForestVillage/Materials/M-Instances/MI-Flower-06.uasset" 1383
"C:/Users/fputi/Documents/GitHub/BuscaMines/Content/Kobo_ForestVillage/Materials/M-Instances/MI-Flower-06.uexp" 1384
"C:/Users/fputi/Documents/GitHub/BuscaMines/Content/Kobo_ForestVillage/Meshes/SM-Flower-06.ubulk" 1385
"C:/Users/fputi/Documents/GitHub/BuscaMines/Content/Kobo_ForestVillage/Meshes/SM-Flower-06.uasset" 1386
"C:/Users/fputi/Documents/GitHub/BuscaMines/Content/Kobo_ForestVillage/Meshes/SM-Flower-06.uexp" 1387
"C:/Users/fputi/Documents/GitHub/BuscaMines/Content/Kobo_ForestVillage/Textures/T-Normal/T-N-Flower-05.ubulk" 1388
"C:/Users/fputi/Documents/GitHub/BuscaMines/Content/Kobo_ForestVillage/Textures/T-Normal/T-N-Flower-05.uasset" 1389
"C:/Users/fputi/Documents/GitHub/BuscaMines/Content/Kobo_ForestVillage/Textures/T-Normal/T-N-Flower-05.uexp" 1390
"C:/Users/fputi/Documents/GitHub/BuscaMines/Content/Kobo_ForestVillage/Textures/T-Albedo/T-A-Flower-05.ubulk" 1391
"C:/Users/fputi/Documents/GitHub/BuscaMines/Content/Kobo_ForestVillage/Textures/T-Albedo/T-A-Flower-05.uasset" 1392
"C:/Users/fputi/Documents/GitHub/BuscaMines/Content/Kobo_ForestVillage/Textures/T-Albedo/T-A-Flower-05.uexp" 1393
"C:/Users/fputi/Documents/GitHub/BuscaMines/Content/Kobo_ForestVillage/Materials/M-Instances/MI-Flower-05.uasset" 1394
"C:/Users/fputi/Documents/GitHub/BuscaMines/Content/Kobo_ForestVillage/Materials/M-Instances/MI-Flower-05.uexp" 1395
"C:/Users/fputi/Documents/GitHub/BuscaMines/Content/Kobo_ForestVillage/Meshes/SM-Flower-05.ubulk" 1396
"C:/Users/fputi/Documents/GitHub/BuscaMines/Content/Kobo_ForestVillage/Meshes/SM-Flower-05.uasset" 1397
"C:/Users/fputi/Documents/GitHub/BuscaMines/Content/Kobo_ForestVillage/Meshes/SM-Flower-05.uexp" 1398
"C:/Users/fputi/Documents/GitHub/BuscaMines/Content/Kobo_ForestVillage/Textures/T-Normal/T-N-Flower-04.ubulk" 1399
"C:/Users/fputi/Documents/GitHub/BuscaMines/Content/Kobo_ForestVillage/Textures/T-Normal/T-N-Flower-04.uasset" 1400
"C:/Users/fputi/Documents/GitHub/BuscaMines/Content/Kobo_ForestVillage/Textures/T-Normal/T-N-Flower-04.uexp" 1401
"C:/Users/fputi/Documents/GitHub/BuscaMines/Content/Kobo_ForestVillage/Textures/T-Albedo/T-A-Flower-04.ubulk" 1402
"C:/Users/fputi/Documents/GitHub/BuscaMines/Content/Kobo_ForestVillage/Textures/T-Albedo/T-A-Flower-04.uasset" 1403
"C:/Users/fputi/Documents/GitHub/BuscaMines/Content/Kobo_ForestVillage/Textures/T-Albedo/T-A-Flower-04.uexp" 1404
"C:/Users/fputi/Documents/GitHub/BuscaMines/Content/Kobo_ForestVillage/Materials/M-Instances/MI-Flower-04.uasset" 1405
"C:/Users/fputi/Documents/GitHub/BuscaMines/Content/Kobo_ForestVillage/Materials/M-Instances/MI-Flower-04.uexp" 1406
"C:/Users/fputi/Documents/GitHub/BuscaMines/Content/Kobo_ForestVillage/Meshes/SM-Flower-04.ubulk" 1407
"C:/Users/fputi/Documents/GitHub/BuscaMines/Content/Kobo_ForestVillage/Meshes/SM-Flower-04.uasset" 1408
"C:/Users/fputi/Documents/GitHub/BuscaMines/Content/Kobo_ForestVillage/Meshes/SM-Flower-04.uexp" 1409
"C:/Users/fputi/Documents/GitHub/BuscaMines/Content/Kobo_ForestVillage/Textures/T-Normal/T-N-Flower-03.ubulk" 1410
"C:/Users/fputi/Documents/GitHub/BuscaMines/Content/Kobo_ForestVillage/Textures/T-Normal/T-N-Flower-03.uasset" 1411
"C:/Users/fputi/Documents/GitHub/BuscaMines/Content/Kobo_ForestVillage/Textures/T-Normal/T-N-Flower-03.uexp" 1412
"C:/Users/fputi/Documents/GitHub/BuscaMines/Content/Kobo_ForestVillage/Textures/T-Albedo/T-A-Flower-03.ubulk" 1413
"C:/Users/fputi/Documents/GitHub/BuscaMines/Content/Kobo_ForestVillage/Textures/T-Albedo/T-A-Flower-03.uasset" 1414
"C:/Users/fputi/Documents/GitHub/BuscaMines/Content/Kobo_ForestVillage/Textures/T-Albedo/T-A-Flower-03.uexp" 1415
"C:/Users/fputi/Documents/GitHub/BuscaMines/Content/Kobo_ForestVillage/Materials/M-Instances/MI-Flower-03.uasset" 1416
"C:/Users/fputi/Documents/GitHub/BuscaMines/Content/Kobo_ForestVillage/Materials/M-Instances/MI-Flower-03.uexp" 1417
"C:/Users/fputi/Documents/GitHub/BuscaMines/Content/Kobo_ForestVillage/Meshes/SM-Flower-03.ubulk" 1418
"C:/Users/fputi/Documents/GitHub/BuscaMines/Content/Kobo_ForestVillage/Meshes/SM-Flower-03.uasset" 1419
"C:/Users/fputi/Documents/GitHub/BuscaMines/Content/Kobo_ForestVillage/Meshes/SM-Flower-03.uexp" 1420
"C:/Users/fputi/Documents/GitHub/BuscaMines/Content/Kobo_ForestVillage/Textures/T-Normal/T-N-Flower-02.ubulk" 1421
"C:/Users/fputi/Documents/GitHub/BuscaMines/Content/Kobo_ForestVillage/Textures/T-Normal/T-N-Flower-02.uasset" 1422
"C:/Users/fputi/Documents/GitHub/BuscaMines/Content/Kobo_ForestVillage/Textures/T-Normal/T-N-Flower-02.uexp" 1423
"C:/Users/fputi/Documents/GitHub/BuscaMines/Content/Kobo_ForestVillage/Textures/T-Albedo/T-A-Flower-02.ubulk" 1424
"C:/Users/fputi/Documents/GitHub/BuscaMines/Content/Kobo_ForestVillage/Textures/T-Albedo/T-A-Flower-02.uasset" 1425
"C:/Users/fputi/Documents/GitHub/BuscaMines/Content/Kobo_ForestVillage/Textures/T-Albedo/T-A-Flower-02.uexp" 1426
"C:/Users/fputi/Documents/GitHub/BuscaMines/Content/Kobo_ForestVillage/Materials/M-Instances/MI-Flower-02.uasset" 1427
"C:/Users/fputi/Documents/GitHub/BuscaMines/Content/Kobo_ForestVillage/Materials/M-Instances/MI-Flower-02.uexp" 1428
"C:/Users/fputi/Documents/GitHub/BuscaMines/Content/Kobo_ForestVillage/Meshes/SM-Flower-02.ubulk" 1429
"C:/Users/fputi/Documents/GitHub/BuscaMines/Content/Kobo_ForestVillage/Meshes/SM-Flower-02.uasset" 1430
"C:/Users/fputi/Documents/GitHub/BuscaMines/Content/Kobo_ForestVillage/Meshes/SM-Flower-02.uexp" 1431
"C:/Users/fputi/Documents/GitHub/BuscaMines/Content/Kobo_ForestVillage/Textures/T-Normal/T-N-Flower-01.ubulk" 1432
"C:/Users/fputi/Documents/GitHub/BuscaMines/Content/Kobo_ForestVillage/Textures/T-Normal/T-N-Flower-01.uasset" 1433
"C:/Users/fputi/Documents/GitHub/BuscaMines/Content/Kobo_ForestVillage/Textures/T-Normal/T-N-Flower-01.uexp" 1434
"C:/Users/fputi/Documents/GitHub/BuscaMines/Content/Kobo_ForestVillage/Textures/T-Albedo/T-A-Flower-01.ubulk" 1435
"C:/Users/fputi/Documents/GitHub/BuscaMines/Content/Kobo_ForestVillage/Textures/T-Albedo/T-A-Flower-01.uasset" 1436
"C:/Users/fputi/Documents/GitHub/BuscaMines/Content/Kobo_ForestVillage/Textures/T-Albedo/T-A-Flower-01.uexp" 1437
"C:/Users/fputi/Documents/GitHub/BuscaMines/Content/Kobo_ForestVillage/Materials/M-Instances/MI-Flower-01.uasset" 1438
"C:/Users/fputi/Documents/GitHub/BuscaMines/Content/Kobo_ForestVillage/Materials/M-Instances/MI-Flower-01.uexp" 1439
"C:/Users/fputi/Documents/GitHub/BuscaMines/Content/Kobo_ForestVillage/Meshes/SM-Flower-01.ubulk" 1440
"C:/Users/fputi/Documents/GitHub/BuscaMines/Content/Kobo_ForestVillage/Meshes/SM-Flower-01.uasset" 1441
"C:/Users/fputi/Documents/GitHub/BuscaMines/Content/Kobo_ForestVillage/Meshes/SM-Flower-01.uexp" 1442
"C:/Users/fputi/Documents/GitHub/BuscaMines/Content/Kobo_ForestVillage/Textures/T-Normal/T-N-Fence-02.ubulk" 1443
"C:/Users/fputi/Documents/GitHub/BuscaMines/Content/Kobo_ForestVillage/Textures/T-Normal/T-N-Fence-02.uasset" 1444
"C:/Users/fputi/Documents/GitHub/BuscaMines/Content/Kobo_ForestVillage/Textures/T-Normal/T-N-Fence-02.uexp" 1445
"C:/Users/fputi/Documents/GitHub/BuscaMines/Content/Kobo_ForestVillage/Textures/T-Albedo/T-A-Fence-02.ubulk" 1446
"C:/Users/fputi/Documents/GitHub/BuscaMines/Content/Kobo_ForestVillage/Textures/T-Albedo/T-A-Fence-02.uasset" 1447
"C:/Users/fputi/Documents/GitHub/BuscaMines/Content/Kobo_ForestVillage/Textures/T-Albedo/T-A-Fence-02.uexp" 1448
"C:/Users/fputi/Documents/GitHub/BuscaMines/Content/Kobo_ForestVillage/Materials/M-Instances/MI-Fence-02.uasset" 1449
"C:/Users/fputi/Documents/GitHub/BuscaMines/Content/Kobo_ForestVillage/Materials/M-Instances/MI-Fence-02.uexp" 1450
"C:/Users/fputi/Documents/GitHub/BuscaMines/Content/Kobo_ForestVillage/Meshes/SM-Fence-02.ubulk" 1451
"C:/Users/fputi/Documents/GitHub/BuscaMines/Content/Kobo_ForestVillage/Meshes/SM-Fence-02.uasset" 1452
"C:/Users/fputi/Documents/GitHub/BuscaMines/Content/Kobo_ForestVillage/Meshes/SM-Fence-02.uexp" 1453
"C:/Users/fputi/Documents/GitHub/BuscaMines/Content/Kobo_ForestVillage/Textures/T-Normal/T-N-Fence-01.ubulk" 1454
"C:/Users/fputi/Documents/GitHub/BuscaMines/Content/Kobo_ForestVillage/Textures/T-Normal/T-N-Fence-01.uasset" 1455
"C:/Users/fputi/Documents/GitHub/BuscaMines/Content/Kobo_ForestVillage/Textures/T-Normal/T-N-Fence-01.uexp" 1456
"C:/Users/fputi/Documents/GitHub/BuscaMines/Content/Kobo_ForestVillage/Textures/T-Albedo/T-A-Fence-01.ubulk" 1457
"C:/Users/fputi/Documents/GitHub/BuscaMines/Content/Kobo_ForestVillage/Textures/T-Albedo/T-A-Fence-01.uasset" 1458
"C:/Users/fputi/Documents/GitHub/BuscaMines/Content/Kobo_ForestVillage/Textures/T-Albedo/T-A-Fence-01.uexp" 1459
"C:/Users/fputi/Documents/GitHub/BuscaMines/Content/Kobo_ForestVillage/Materials/M-Instances/MI-Fence-01.uasset" 1460
"C:/Users/fputi/Documents/GitHub/BuscaMines/Content/Kobo_ForestVillage/Materials/M-Instances/MI-Fence-01.uexp" 1461
"C:/Users/fputi/Documents/GitHub/BuscaMines/Content/Kobo_ForestVillage/Meshes/SM-Fence-01.ubulk" 1462
"C:/Users/fputi/Documents/GitHub/BuscaMines/Content/Kobo_ForestVillage/Meshes/SM-Fence-01.uasset" 1463
"C:/Users/fputi/Documents/GitHub/BuscaMines/Content/Kobo_ForestVillage/Meshes/SM-Fence-01.uexp" 1464
"C:/Users/fputi/Documents/GitHub/BuscaMines/Content/Kobo_ForestVillage/Textures/T-Normal/T-N-Farm-02.ubulk" 1465
"C:/Users/fputi/Documents/GitHub/BuscaMines/Content/Kobo_ForestVillage/Textures/T-Normal/T-N-Farm-02.uasset" 1466
"C:/Users/fputi/Documents/GitHub/BuscaMines/Content/Kobo_ForestVillage/Textures/T-Normal/T-N-Farm-02.uexp" 1467
"C:/Users/fputi/Documents/GitHub/BuscaMines/Content/Kobo_ForestVillage/Textures/T-Albedo/T-A-Farm-02.ubulk" 1468
"C:/Users/fputi/Documents/GitHub/BuscaMines/Content/Kobo_ForestVillage/Textures/T-Albedo/T-A-Farm-02.uasset" 1469
"C:/Users/fputi/Documents/GitHub/BuscaMines/Content/Kobo_ForestVillage/Textures/T-Albedo/T-A-Farm-02.uexp" 1470
"C:/Users/fputi/Documents/GitHub/BuscaMines/Content/Kobo_ForestVillage/Materials/M-Instances/MI-Farm-02.uasset" 1471
"C:/Users/fputi/Documents/GitHub/BuscaMines/Content/Kobo_ForestVillage/Materials/M-Instances/MI-Farm-02.uexp" 1472
"C:/Users/fputi/Documents/GitHub/BuscaMines/Content/Kobo_ForestVillage/Meshes/SM-Farm-02.ubulk" 1473
"C:/Users/fputi/Documents/GitHub/BuscaMines/Content/Kobo_ForestVillage/Meshes/SM-Farm-02.uasset" 1474
"C:/Users/fputi/Documents/GitHub/BuscaMines/Content/Kobo_ForestVillage/Meshes/SM-Farm-02.uexp" 1475
"C:/Users/fputi/Documents/GitHub/BuscaMines/Content/Kobo_ForestVillage/Textures/T-Normal/T-N-Farm-01.ubulk" 1476
"C:/Users/fputi/Documents/GitHub/BuscaMines/Content/Kobo_ForestVillage/Textures/T-Normal/T-N-Farm-01.uasset" 1477
"C:/Users/fputi/Documents/GitHub/BuscaMines/Content/Kobo_ForestVillage/Textures/T-Normal/T-N-Farm-01.uexp" 1478
"C:/Users/fputi/Documents/GitHub/BuscaMines/Content/Kobo_ForestVillage/Textures/T-Albedo/T-A-Farm-01.ubulk" 1479
"C:/Users/fputi/Documents/GitHub/BuscaMines/Content/Kobo_ForestVillage/Textures/T-Albedo/T-A-Farm-01.uasset" 1480
"C:/Users/fputi/Documents/GitHub/BuscaMines/Content/Kobo_ForestVillage/Textures/T-Albedo/T-A-Farm-01.uexp" 1481
"C:/Users/fputi/Documents/GitHub/BuscaMines/Content/Kobo_ForestVillage/Materials/M-Instances/MI-Farm-01.uasset" 1482
"C:/Users/fputi/Documents/GitHub/BuscaMines/Content/Kobo_ForestVillage/Materials/M-Instances/MI-Farm-01.uexp" 1483
"C:/Users/fputi/Documents/GitHub/BuscaMines/Content/Kobo_ForestVillage/Meshes/SM-Farm-01.ubulk" 1484
"C:/Users/fputi/Documents/GitHub/BuscaMines/Content/Kobo_ForestVillage/Meshes/SM-Farm-01.uasset" 1485
"C:/Users/fputi/Documents/GitHub/BuscaMines/Content/Kobo_ForestVillage/Meshes/SM-Farm-01.uexp" 1486
"C:/Users/fputi/Documents/GitHub/BuscaMines/Content/Kobo_ForestVillage/Textures/T-Normal/T-N-Door-01.ubulk" 1487
"C:/Users/fputi/Documents/GitHub/BuscaMines/Content/Kobo_ForestVillage/Textures/T-Normal/T-N-Door-01.uasset" 1488
"C:/Users/fputi/Documents/GitHub/BuscaMines/Content/Kobo_ForestVillage/Textures/T-Normal/T-N-Door-01.uexp" 1489
"C:/Users/fputi/Documents/GitHub/BuscaMines/Content/Kobo_ForestVillage/Textures/T-Albedo/T-A-Door-01.ubulk" 1490
"C:/Users/fputi/Documents/GitHub/BuscaMines/Content/Kobo_ForestVillage/Textures/T-Albedo/T-A-Door-01.uasset" 1491
"C:/Users/fputi/Documents/GitHub/BuscaMines/Content/Kobo_ForestVillage/Textures/T-Albedo/T-A-Door-01.uexp" 1492
"C:/Users/fputi/Documents/GitHub/BuscaMines/Content/Kobo_ForestVillage/Materials/M-Instances/MI-Door-01.uasset" 1493
"C:/Users/fputi/Documents/GitHub/BuscaMines/Content/Kobo_ForestVillage/Materials/M-Instances/MI-Door-01.uexp" 1494
"C:/Users/fputi/Documents/GitHub/BuscaMines/Content/Kobo_ForestVillage/Meshes/SM-Door-01.ubulk" 1495
"C:/Users/fputi/Documents/GitHub/BuscaMines/Content/Kobo_ForestVillage/Meshes/SM-Door-01.uasset" 1496
"C:/Users/fputi/Documents/GitHub/BuscaMines/Content/Kobo_ForestVillage/Meshes/SM-Door-01.uexp" 1497
"C:/Users/fputi/Documents/GitHub/BuscaMines/Content/Kobo_ForestVillage/Textures/T-Normal/T-N-Carrot-01.ubulk" 1498
"C:/Users/fputi/Documents/GitHub/BuscaMines/Content/Kobo_ForestVillage/Textures/T-Normal/T-N-Carrot-01.uasset" 1499
"C:/Users/fputi/Documents/GitHub/BuscaMines/Content/Kobo_ForestVillage/Textures/T-Normal/T-N-Carrot-01.uexp" 1500
"C:/Users/fputi/Documents/GitHub/BuscaMines/Content/Kobo_ForestVillage/Textures/T-Albedo/T-A-Carrot-01.ubulk" 1501
"C:/Users/fputi/Documents/GitHub/BuscaMines/Content/Kobo_ForestVillage/Textures/T-Albedo/T-A-Carrot-01.uasset" 1502
"C:/Users/fputi/Documents/GitHub/BuscaMines/Content/Kobo_ForestVillage/Textures/T-Albedo/T-A-Carrot-01.uexp" 1503
"C:/Users/fputi/Documents/GitHub/BuscaMines/Content/Kobo_ForestVillage/Materials/M-Instances/MI-Carrot-01.uasset" 1504
"C:/Users/fputi/Documents/GitHub/BuscaMines/Content/Kobo_ForestVillage/Materials/M-Instances/MI-Carrot-01.uexp" 1505
"C:/Users/fputi/Documents/GitHub/BuscaMines/Content/Kobo_ForestVillage/Meshes/SM-Carrot-01.ubulk" 1506
"C:/Users/fputi/Documents/GitHub/BuscaMines/Content/Kobo_ForestVillage/Meshes/SM-Carrot-01.uasset" 1507
"C:/Users/fputi/Documents/GitHub/BuscaMines/Content/Kobo_ForestVillage/Meshes/SM-Carrot-01.uexp" 1508
"C:/Users/fputi/Documents/GitHub/BuscaMines/Content/Kobo_ForestVillage/Materials/M-PostProcess/PostProcess-Settings.uasset" 1509
"C:/Users/fputi/Documents/GitHub/BuscaMines/Content/Kobo_ForestVillage/Materials/M-PostProcess/PostProcess-Settings.uexp" 1510
"C:/Users/fputi/Documents/GitHub/BuscaMines/Content/Kobo_ForestVillage/Materials/M-PostProcess/M-Outline.uasset" 1511
"C:/Users/fputi/Documents/GitHub/BuscaMines/Content/Kobo_ForestVillage/Materials/M-PostProcess/M-Outline.uexp" 1512
"C:/Users/fputi/Documents/GitHub/BuscaMines/Content/Kobo_ForestVillage/Materials/M-PostProcess/MI-Outline.uasset" 1513
"C:/Users/fputi/Documents/GitHub/BuscaMines/Content/Kobo_ForestVillage/Materials/M-PostProcess/MI-Outline.uexp" 1514
"C:/Users/fputi/Documents/GitHub/BuscaMines/Content/Kobo_ForestVillage/Materials/M-PostProcess/MI-KuwaharaFilter.uasset" 1515
"C:/Users/fputi/Documents/GitHub/BuscaMines/Content/Kobo_ForestVillage/Materials/M-PostProcess/MI-KuwaharaFilter.uexp" 1516
"C:/Users/fputi/Documents/GitHub/BuscaMines/Content/Kobo_ForestVillage/Textures/T-Normal/T-N-Noise-01.ubulk" 1517
"C:/Users/fputi/Documents/GitHub/BuscaMines/Content/Kobo_ForestVillage/Textures/T-Normal/T-N-Noise-01.uasset" 1518
"C:/Users/fputi/Documents/GitHub/BuscaMines/Content/Kobo_ForestVillage/Textures/T-Normal/T-N-Noise-01.uexp" 1519
"C:/Users/fputi/Documents/GitHub/BuscaMines/Content/Kobo_ForestVillage/Textures/T-Albedo/T-A-Clouds-01.ubulk" 1520
"C:/Users/fputi/Documents/GitHub/BuscaMines/Content/Kobo_ForestVillage/Textures/T-Albedo/T-A-Clouds-01.uasset" 1521
"C:/Users/fputi/Documents/GitHub/BuscaMines/Content/Kobo_ForestVillage/Textures/T-Albedo/T-A-Clouds-01.uexp" 1522
"C:/Users/fputi/Documents/GitHub/BuscaMines/Content/Kobo_ForestVillage/Materials/M-LightFunction/M-CloudShadows.uasset" 1523
"C:/Users/fputi/Documents/GitHub/BuscaMines/Content/Kobo_ForestVillage/Materials/M-LightFunction/M-CloudShadows.uexp" 1524
"C:/Users/fputi/Documents/GitHub/BuscaMines/Content/Kobo_ForestVillage/Materials/M-LightFunction/MI-CloudShadows.uasset" 1525
"C:/Users/fputi/Documents/GitHub/BuscaMines/Content/Kobo_ForestVillage/Materials/M-LightFunction/MI-CloudShadows.uexp" 1526
"C:/Users/fputi/Documents/GitHub/BuscaMines/Content/Kobo_ForestVillage/Materials/M-LandscapeLayerInfo/LAY-04_LayerInfo.uasset" 1527
"C:/Users/fputi/Documents/GitHub/BuscaMines/Content/Kobo_ForestVillage/Materials/M-LandscapeLayerInfo/LAY-04_LayerInfo.uexp" 1528
"C:/Users/fputi/Documents/GitHub/BuscaMines/Content/Kobo_ForestVillage/Materials/M-LandscapeLayerInfo/LAY-03_LayerInfo.uasset" 1529
"C:/Users/fputi/Documents/GitHub/BuscaMines/Content/Kobo_ForestVillage/Materials/M-LandscapeLayerInfo/LAY-03_LayerInfo.uexp" 1530
"C:/Users/fputi/Documents/GitHub/BuscaMines/Content/Kobo_ForestVillage/Materials/M-LandscapeLayerInfo/LAY-02_LayerInfo.uasset" 1531
"C:/Users/fputi/Documents/GitHub/BuscaMines/Content/Kobo_ForestVillage/Materials/M-LandscapeLayerInfo/LAY-02_LayerInfo.uexp" 1532
"C:/Users/fputi/Documents/GitHub/BuscaMines/Content/Kobo_ForestVillage/Materials/M-LandscapeLayerInfo/LAY-01_LayerInfo.uasset" 1533
"C:/Users/fputi/Documents/GitHub/BuscaMines/Content/Kobo_ForestVillage/Materials/M-LandscapeLayerInfo/LAY-01_LayerInfo.uexp" 1534
"C:/Users/fputi/Documents/GitHub/BuscaMines/Content/Kobo_ForestVillage/Textures/T-Landscape/T-N-Landscape-04.ubulk" 1535
"C:/Users/fputi/Documents/GitHub/BuscaMines/Content/Kobo_ForestVillage/Textures/T-Landscape/T-N-Landscape-04.uasset" 1536
"C:/Users/fputi/Documents/GitHub/BuscaMines/Content/Kobo_ForestVillage/Textures/T-Landscape/T-N-Landscape-04.uexp" 1537
"C:/Users/fputi/Documents/GitHub/BuscaMines/Content/Kobo_ForestVillage/Textures/T-Landscape/T-N-Landscape-03.ubulk" 1538
"C:/Users/fputi/Documents/GitHub/BuscaMines/Content/Kobo_ForestVillage/Textures/T-Landscape/T-N-Landscape-03.uasset" 1539
"C:/Users/fputi/Documents/GitHub/BuscaMines/Content/Kobo_ForestVillage/Textures/T-Landscape/T-N-Landscape-03.uexp" 1540
"C:/Users/fputi/Documents/GitHub/BuscaMines/Content/Kobo_ForestVillage/Textures/T-Landscape/T-N-Landscape-02.ubulk" 1541
"C:/Users/fputi/Documents/GitHub/BuscaMines/Content/Kobo_ForestVillage/Textures/T-Landscape/T-N-Landscape-02.uasset" 1542
"C:/Users/fputi/Documents/GitHub/BuscaMines/Content/Kobo_ForestVillage/Textures/T-Landscape/T-N-Landscape-02.uexp" 1543
"C:/Users/fputi/Documents/GitHub/BuscaMines/Content/Kobo_ForestVillage/Textures/T-Landscape/T-N-Landscape-01.ubulk" 1544
"C:/Users/fputi/Documents/GitHub/BuscaMines/Content/Kobo_ForestVillage/Textures/T-Landscape/T-N-Landscape-01.uasset" 1545
"C:/Users/fputi/Documents/GitHub/BuscaMines/Content/Kobo_ForestVillage/Textures/T-Landscape/T-N-Landscape-01.uexp" 1546
"C:/Users/fputi/Documents/GitHub/BuscaMines/Content/Kobo_ForestVillage/Textures/T-Landscape/T-A-Landscape-04.ubulk" 1547
"C:/Users/fputi/Documents/GitHub/BuscaMines/Content/Kobo_ForestVillage/Textures/T-Landscape/T-A-Landscape-04.uasset" 1548
"C:/Users/fputi/Documents/GitHub/BuscaMines/Content/Kobo_ForestVillage/Textures/T-Landscape/T-A-Landscape-04.uexp" 1549
"C:/Users/fputi/Documents/GitHub/BuscaMines/Content/Kobo_ForestVillage/Textures/T-Landscape/T-A-Landscape-03.ubulk" 1550
"C:/Users/fputi/Documents/GitHub/BuscaMines/Content/Kobo_ForestVillage/Textures/T-Landscape/T-A-Landscape-03.uasset" 1551
"C:/Users/fputi/Documents/GitHub/BuscaMines/Content/Kobo_ForestVillage/Textures/T-Landscape/T-A-Landscape-03.uexp" 1552
"C:/Users/fputi/Documents/GitHub/BuscaMines/Content/Kobo_ForestVillage/Textures/T-Landscape/T-A-Landscape-02.ubulk" 1553
"C:/Users/fputi/Documents/GitHub/BuscaMines/Content/Kobo_ForestVillage/Textures/T-Landscape/T-A-Landscape-02.uasset" 1554
"C:/Users/fputi/Documents/GitHub/BuscaMines/Content/Kobo_ForestVillage/Textures/T-Landscape/T-A-Landscape-02.uexp" 1555
"C:/Users/fputi/Documents/GitHub/BuscaMines/Content/Kobo_ForestVillage/Textures/T-Landscape/T-A-Landscape-01.ubulk" 1556
"C:/Users/fputi/Documents/GitHub/BuscaMines/Content/Kobo_ForestVillage/Textures/T-Landscape/T-A-Landscape-01.uasset" 1557
"C:/Users/fputi/Documents/GitHub/BuscaMines/Content/Kobo_ForestVillage/Textures/T-Landscape/T-A-Landscape-01.uexp" 1558
"C:/Users/fputi/Documents/GitHub/BuscaMines/Content/Kobo_ForestVillage/Materials/M-Master/M-ClayLandscape.uasset" 1559
"C:/Users/fputi/Documents/GitHub/BuscaMines/Content/Kobo_ForestVillage/Materials/M-Master/M-ClayLandscape.uexp" 1560
"C:/Users/fputi/Documents/GitHub/BuscaMines/Content/Kobo_ForestVillage/Materials/M-Instances/MI-ClayLandscape-01.uasset" 1561
"C:/Users/fputi/Documents/GitHub/BuscaMines/Content/Kobo_ForestVillage/Materials/M-Instances/MI-ClayLandscape-01.uexp" 1562
"../../../Engine/Content/EngineSounds/Master.uasset" 1563
"../../../Engine/Content/EngineSounds/Master.uexp" 1564
"C:/Users/fputi/Documents/GitHub/BuscaMines/Content/FP/Sounds/SoundClasses/SM_SFX_GameEvents.uasset" 1565
"C:/Users/fputi/Documents/GitHub/BuscaMines/Content/FP/Sounds/SoundClasses/SM_SFX_GameEvents.uexp" 1566
"C:/Users/fputi/Documents/GitHub/BuscaMines/Content/FP/Sounds/SoundClasses/_SC_SFX_GameEvents.uasset" 1567
"C:/Users/fputi/Documents/GitHub/BuscaMines/Content/FP/Sounds/SoundClasses/_SC_SFX_GameEvents.uexp" 1568
"C:/Users/fputi/Documents/GitHub/BuscaMines/Content/FP/Sounds/SoundClasses/SM_SFX_Environment.uasset" 1569
"C:/Users/fputi/Documents/GitHub/BuscaMines/Content/FP/Sounds/SoundClasses/SM_SFX_Environment.uexp" 1570
"C:/Users/fputi/Documents/GitHub/BuscaMines/Content/FP/Sounds/SoundClasses/_SC_SFX_Environment.uasset" 1571
"C:/Users/fputi/Documents/GitHub/BuscaMines/Content/FP/Sounds/SoundClasses/_SC_SFX_Environment.uexp" 1572
"C:/Users/fputi/Documents/GitHub/BuscaMines/Content/FP/Sounds/SoundClasses/SM_SFX_Board.uasset" 1573
"C:/Users/fputi/Documents/GitHub/BuscaMines/Content/FP/Sounds/SoundClasses/SM_SFX_Board.uexp" 1574
"C:/Users/fputi/Documents/GitHub/BuscaMines/Content/FP/Sounds/SoundClasses/_SC_SFX_Board.uasset" 1575
"C:/Users/fputi/Documents/GitHub/BuscaMines/Content/FP/Sounds/SoundClasses/_SC_SFX_Board.uexp" 1576
"C:/Users/fputi/Documents/GitHub/BuscaMines/Content/FP/Sounds/SoundClasses/SM_SFX.uasset" 1577
"C:/Users/fputi/Documents/GitHub/BuscaMines/Content/FP/Sounds/SoundClasses/SM_SFX.uexp" 1578
"C:/Users/fputi/Documents/GitHub/BuscaMines/Content/FP/Sounds/SoundClasses/_SC_SFX.uasset" 1579
"C:/Users/fputi/Documents/GitHub/BuscaMines/Content/FP/Sounds/SoundClasses/_SC_SFX.uexp" 1580
"C:/Users/fputi/Documents/GitHub/BuscaMines/Content/FP/Sounds/SoundClasses/SM_Music.uasset" 1581
"C:/Users/fputi/Documents/GitHub/BuscaMines/Content/FP/Sounds/SoundClasses/SM_Music.uexp" 1582
"C:/Users/fputi/Documents/GitHub/BuscaMines/Content/FP/Sounds/SoundClasses/_SC_Music.uasset" 1583
"C:/Users/fputi/Documents/GitHub/BuscaMines/Content/FP/Sounds/SoundClasses/_SC_Music.uexp" 1584
"C:/Users/fputi/Documents/GitHub/BuscaMines/Content/FP/Sounds/SoundClasses/SM_Master.uasset" 1585
"C:/Users/fputi/Documents/GitHub/BuscaMines/Content/FP/Sounds/SoundClasses/SM_Master.uexp" 1586
"C:/Users/fputi/Documents/GitHub/BuscaMines/Content/FP/Sounds/SoundClasses/_SC_Master.uasset" 1587
"C:/Users/fputi/Documents/GitHub/BuscaMines/Content/FP/Sounds/SoundClasses/_SC_Master.uexp" 1588
"C:/Users/fputi/Documents/GitHub/BuscaMines/Content/FP/Sounds/SoundClasses/SM_UI.uasset" 1589
"C:/Users/fputi/Documents/GitHub/BuscaMines/Content/FP/Sounds/SoundClasses/SM_UI.uexp" 1590
"C:/Users/fputi/Documents/GitHub/BuscaMines/Content/FP/Sounds/SoundClasses/_SC_UI.uasset" 1591
"C:/Users/fputi/Documents/GitHub/BuscaMines/Content/FP/Sounds/SoundClasses/_SC_UI.uexp" 1592
"C:/Users/fputi/Documents/GitHub/BuscaMines/Content/FP/BluePrints/Global_BP/Enums/E_SoundClasses.uasset" 1593
"C:/Users/fputi/Documents/GitHub/BuscaMines/Content/FP/BluePrints/Global_BP/Enums/E_SoundClasses.uexp" 1594
"C:/Users/fputi/Documents/GitHub/BuscaMines/Content/FP/BluePrints/Global_BP/Structures/Struct_SOUND_CLASS_MIX.uasset" 1595
"C:/Users/fputi/Documents/GitHub/BuscaMines/Content/FP/BluePrints/Global_BP/Structures/Struct_SOUND_CLASS_MIX.uexp" 1596
"C:/Users/fputi/Documents/GitHub/BuscaMines/Content/FP/BluePrints/Global_BP/Managers/Sound/BP_SoundClass_Manager.uasset" 1597
"C:/Users/fputi/Documents/GitHub/BuscaMines/Content/FP/BluePrints/Global_BP/Managers/Sound/BP_SoundClass_Manager.uexp" 1598
"C:/Users/fputi/Documents/GitHub/BuscaMines/Content/FP/BluePrints/Global_BP/Managers/Sound/BP_SoundClass_Manager_Master.uasset" 1599
"C:/Users/fputi/Documents/GitHub/BuscaMines/Content/FP/BluePrints/Global_BP/Managers/Sound/BP_SoundClass_Manager_Master.uexp" 1600
"C:/Users/fputi/Documents/GitHub/BuscaMines/Content/FP/BluePrints/Global_BP/DataAsset/DA_ThemeData_App.uasset" 1601
"C:/Users/fputi/Documents/GitHub/BuscaMines/Content/FP/BluePrints/Global_BP/DataAsset/DA_ThemeData_App.uexp" 1602
"C:/Users/fputi/Documents/GitHub/BuscaMines/Content/FP/BluePrints/Global_BP/Managers/Sound/BP_SoundClass_Manager_App.uasset" 1603
"C:/Users/fputi/Documents/GitHub/BuscaMines/Content/FP/BluePrints/Global_BP/Managers/Sound/BP_SoundClass_Manager_App.uexp" 1604
"C:/Users/fputi/Documents/GitHub/BuscaMines/Content/FP/BluePrints/Global_BP/Enums/Enum_Theme_Board.uasset" 1605
"C:/Users/fputi/Documents/GitHub/BuscaMines/Content/FP/BluePrints/Global_BP/Enums/Enum_Theme_Board.uexp" 1606
"C:/Users/fputi/Documents/GitHub/BuscaMines/Content/FP/BluePrints/Global_BP/Enums/Enum_Theme_Level.uasset" 1607
"C:/Users/fputi/Documents/GitHub/BuscaMines/Content/FP/BluePrints/Global_BP/Enums/Enum_Theme_Level.uexp" 1608
"C:/Users/fputi/Documents/GitHub/BuscaMines/Content/FP/BluePrints/Global_BP/Structures/Struct_PCG_Category.uasset" 1609
"C:/Users/fputi/Documents/GitHub/BuscaMines/Content/FP/BluePrints/Global_BP/Structures/Struct_PCG_Category.uexp" 1610
"C:/Users/fputi/Documents/GitHub/BuscaMines/Content/FP/BluePrints/Global_BP/DataAsset/DA_ThemeData_Level.uasset" 1611
"C:/Users/fputi/Documents/GitHub/BuscaMines/Content/FP/BluePrints/Global_BP/DataAsset/DA_ThemeData_Level.uexp" 1612
"C:/Users/fputi/Documents/GitHub/BuscaMines/Content/FP/BluePrints/Global_BP/Enums/Enum_Theme_App.uasset" 1613
"C:/Users/fputi/Documents/GitHub/BuscaMines/Content/FP/BluePrints/Global_BP/Enums/Enum_Theme_App.uexp" 1614
"C:/Users/fputi/Documents/GitHub/BuscaMines/Content/FP/Meshes/Follaje/ToonLab_follage_2/TexturePalette.ubulk" 1615
"C:/Users/fputi/Documents/GitHub/BuscaMines/Content/FP/Meshes/Follaje/ToonLab_follage_2/TexturePalette.uasset" 1616
"C:/Users/fputi/Documents/GitHub/BuscaMines/Content/FP/Meshes/Follaje/ToonLab_follage_2/TexturePalette.uexp" 1617
"C:/Users/fputi/Documents/GitHub/BuscaMines/Content/FP/Meshes/Follaje/ToonLab_follage_2/Texture.uasset" 1618
"C:/Users/fputi/Documents/GitHub/BuscaMines/Content/FP/Meshes/Follaje/ToonLab_follage_2/Texture.uexp" 1619
"C:/Users/fputi/Documents/GitHub/BuscaMines/Content/FP/Meshes/Follaje/ToonLab_follage_2/Texture_Inst.uasset" 1620
"C:/Users/fputi/Documents/GitHub/BuscaMines/Content/FP/Meshes/Follaje/ToonLab_follage_2/Texture_Inst.uexp" 1621
"C:/Users/fputi/Documents/GitHub/BuscaMines/Content/FP/Meshes/Follaje/ToonLab_follage_2/Tree4_Green.ubulk" 1622
"C:/Users/fputi/Documents/GitHub/BuscaMines/Content/FP/Meshes/Follaje/ToonLab_follage_2/Tree4_Green.uasset" 1623
"C:/Users/fputi/Documents/GitHub/BuscaMines/Content/FP/Meshes/Follaje/ToonLab_follage_2/Tree4_Green.uexp" 1624
"C:/Users/fputi/Documents/GitHub/BuscaMines/Content/FP/Meshes/Follaje/ToonLab_follage_2/Tree2_Green.ubulk" 1625
"C:/Users/fputi/Documents/GitHub/BuscaMines/Content/FP/Meshes/Follaje/ToonLab_follage_2/Tree2_Green.uasset" 1626
"C:/Users/fputi/Documents/GitHub/BuscaMines/Content/FP/Meshes/Follaje/ToonLab_follage_2/Tree2_Green.uexp" 1627
"C:/Users/fputi/Documents/GitHub/BuscaMines/Content/FP/Meshes/Follaje/ToonLab_follage_2/Mushroom1.ubulk" 1628
"C:/Users/fputi/Documents/GitHub/BuscaMines/Content/FP/Meshes/Follaje/ToonLab_follage_2/Mushroom1.uasset" 1629
"C:/Users/fputi/Documents/GitHub/BuscaMines/Content/FP/Meshes/Follaje/ToonLab_follage_2/Mushroom1.uexp" 1630
"C:/Users/fputi/Documents/GitHub/BuscaMines/Content/FP/Meshes/Follaje/ToonLab_follage_2/Flower2.ubulk" 1631
"C:/Users/fputi/Documents/GitHub/BuscaMines/Content/FP/Meshes/Follaje/ToonLab_follage_2/Flower2.uasset" 1632
"C:/Users/fputi/Documents/GitHub/BuscaMines/Content/FP/Meshes/Follaje/ToonLab_follage_2/Flower2.uexp" 1633
"C:/Users/fputi/Documents/GitHub/BuscaMines/Content/FP/Sounds/Sounds/Theme_level/music_intro.ubulk" 1634
"C:/Users/fputi/Documents/GitHub/BuscaMines/Content/FP/Sounds/Sounds/Theme_level/music_intro.uasset" 1635
"C:/Users/fputi/Documents/GitHub/BuscaMines/Content/FP/Sounds/Sounds/Theme_level/music_intro.uexp" 1636
"C:/Users/fputi/Documents/GitHub/BuscaMines/Content/FP/Sounds/Sounds/Theme_level/SCue_music_intro.uasset" 1637
"C:/Users/fputi/Documents/GitHub/BuscaMines/Content/FP/Sounds/Sounds/Theme_level/SCue_music_intro.uexp" 1638
"C:/Users/fputi/Documents/GitHub/BuscaMines/Content/FP/Sounds/Sounds/Theme_level/final_win.ubulk" 1639
"C:/Users/fputi/Documents/GitHub/BuscaMines/Content/FP/Sounds/Sounds/Theme_level/final_win.uasset" 1640
"C:/Users/fputi/Documents/GitHub/BuscaMines/Content/FP/Sounds/Sounds/Theme_level/final_win.uexp" 1641
"C:/Users/fputi/Documents/GitHub/BuscaMines/Content/FP/Sounds/Sounds/Theme_level/final_lose.ubulk" 1642
"C:/Users/fputi/Documents/GitHub/BuscaMines/Content/FP/Sounds/Sounds/Theme_level/final_lose.uasset" 1643
"C:/Users/fputi/Documents/GitHub/BuscaMines/Content/FP/Sounds/Sounds/Theme_level/final_lose.uexp" 1644
"C:/Users/fputi/Documents/GitHub/BuscaMines/Content/FP/Sounds/Sounds/Theme_level/VILLAGE/myedit_ai_sfx_0502023031.ubulk" 1645
"C:/Users/fputi/Documents/GitHub/BuscaMines/Content/FP/Sounds/Sounds/Theme_level/VILLAGE/myedit_ai_sfx_0502023031.uasset" 1646
"C:/Users/fputi/Documents/GitHub/BuscaMines/Content/FP/Sounds/Sounds/Theme_level/VILLAGE/myedit_ai_sfx_0502023031.uexp" 1647
"C:/Users/fputi/Documents/GitHub/BuscaMines/Content/FP/Sounds/Sounds/Theme_level/VILLAGE/myedit_ai_sfx_0502023030.ubulk" 1648
"C:/Users/fputi/Documents/GitHub/BuscaMines/Content/FP/Sounds/Sounds/Theme_level/VILLAGE/myedit_ai_sfx_0502023030.uasset" 1649
"C:/Users/fputi/Documents/GitHub/BuscaMines/Content/FP/Sounds/Sounds/Theme_level/VILLAGE/myedit_ai_sfx_0502023030.uexp" 1650
"C:/Users/fputi/Documents/GitHub/BuscaMines/Content/FP/Sounds/Sounds/Theme_level/VILLAGE/myedit_ai_sfx_0502023028.ubulk" 1651
"C:/Users/fputi/Documents/GitHub/BuscaMines/Content/FP/Sounds/Sounds/Theme_level/VILLAGE/myedit_ai_sfx_0502023028.uasset" 1652
"C:/Users/fputi/Documents/GitHub/BuscaMines/Content/FP/Sounds/Sounds/Theme_level/VILLAGE/myedit_ai_sfx_0502023028.uexp" 1653
"C:/Users/fputi/Documents/GitHub/BuscaMines/Content/FP/Sounds/Sounds/Theme_level/VILLAGE/SCue_game_music_VILLAGE.uasset" 1654
"C:/Users/fputi/Documents/GitHub/BuscaMines/Content/FP/Sounds/Sounds/Theme_level/VILLAGE/SCue_game_music_VILLAGE.uexp" 1655
"C:/Users/fputi/Documents/GitHub/BuscaMines/Content/FP/BluePrints/Global_BP/DataAsset/DA_ThemeData_Level_VILLAGE.uasset" 1656
"C:/Users/fputi/Documents/GitHub/BuscaMines/Content/FP/BluePrints/Global_BP/DataAsset/DA_ThemeData_Level_VILLAGE.uexp" 1657
"C:/Users/fputi/Documents/GitHub/BuscaMines/Content/FP/Meshes/Follaje/ToonLab_follage_2/Tree6_Green.ubulk" 1658
"C:/Users/fputi/Documents/GitHub/BuscaMines/Content/FP/Meshes/Follaje/ToonLab_follage_2/Tree6_Green.uasset" 1659
"C:/Users/fputi/Documents/GitHub/BuscaMines/Content/FP/Meshes/Follaje/ToonLab_follage_2/Tree6_Green.uexp" 1660
"C:/Users/fputi/Documents/GitHub/BuscaMines/Content/FP/Meshes/Follaje/ToonLab_follage_2/Tree5_Green.ubulk" 1661
"C:/Users/fputi/Documents/GitHub/BuscaMines/Content/FP/Meshes/Follaje/ToonLab_follage_2/Tree5_Green.uasset" 1662
"C:/Users/fputi/Documents/GitHub/BuscaMines/Content/FP/Meshes/Follaje/ToonLab_follage_2/Tree5_Green.uexp" 1663
"C:/Users/fputi/Documents/GitHub/BuscaMines/Content/FP/Meshes/Follaje/ToonLab_follage_2/Mushroom2.ubulk" 1664
"C:/Users/fputi/Documents/GitHub/BuscaMines/Content/FP/Meshes/Follaje/ToonLab_follage_2/Mushroom2.uasset" 1665
"C:/Users/fputi/Documents/GitHub/BuscaMines/Content/FP/Meshes/Follaje/ToonLab_follage_2/Mushroom2.uexp" 1666
"C:/Users/fputi/Documents/GitHub/BuscaMines/Content/FP/Meshes/Follaje/ToonLab_follage_2/Flower5.ubulk" 1667
"C:/Users/fputi/Documents/GitHub/BuscaMines/Content/FP/Meshes/Follaje/ToonLab_follage_2/Flower5.uasset" 1668
"C:/Users/fputi/Documents/GitHub/BuscaMines/Content/FP/Meshes/Follaje/ToonLab_follage_2/Flower5.uexp" 1669
"C:/Users/fputi/Documents/GitHub/BuscaMines/Content/FP/Sounds/Sounds/Theme_level/FOREST/myedit_ai_sfx_0502023233.ubulk" 1670
"C:/Users/fputi/Documents/GitHub/BuscaMines/Content/FP/Sounds/Sounds/Theme_level/FOREST/myedit_ai_sfx_0502023233.uasset" 1671
"C:/Users/fputi/Documents/GitHub/BuscaMines/Content/FP/Sounds/Sounds/Theme_level/FOREST/myedit_ai_sfx_0502023233.uexp" 1672
"C:/Users/fputi/Documents/GitHub/BuscaMines/Content/FP/Sounds/Sounds/Theme_level/FOREST/myedit_ai_sfx_0502023231.ubulk" 1673
"C:/Users/fputi/Documents/GitHub/BuscaMines/Content/FP/Sounds/Sounds/Theme_level/FOREST/myedit_ai_sfx_0502023231.uasset" 1674
"C:/Users/fputi/Documents/GitHub/BuscaMines/Content/FP/Sounds/Sounds/Theme_level/FOREST/myedit_ai_sfx_0502023231.uexp" 1675
"C:/Users/fputi/Documents/GitHub/BuscaMines/Content/FP/Sounds/Sounds/Theme_level/FOREST/myedit_ai_sfx_0502023230.ubulk" 1676
"C:/Users/fputi/Documents/GitHub/BuscaMines/Content/FP/Sounds/Sounds/Theme_level/FOREST/myedit_ai_sfx_0502023230.uasset" 1677
"C:/Users/fputi/Documents/GitHub/BuscaMines/Content/FP/Sounds/Sounds/Theme_level/FOREST/myedit_ai_sfx_0502023230.uexp" 1678
"C:/Users/fputi/Documents/GitHub/BuscaMines/Content/FP/Sounds/Sounds/Theme_level/FOREST/SCue_game_music_FOREST.uasset" 1679
"C:/Users/fputi/Documents/GitHub/BuscaMines/Content/FP/Sounds/Sounds/Theme_level/FOREST/SCue_game_music_FOREST.uexp" 1680
"C:/Users/fputi/Documents/GitHub/BuscaMines/Content/FP/BluePrints/Global_BP/DataAsset/DA_ThemeData_Level_FOREST.uasset" 1681
"C:/Users/fputi/Documents/GitHub/BuscaMines/Content/FP/BluePrints/Global_BP/DataAsset/DA_ThemeData_Level_FOREST.uexp" 1682
"C:/Users/fputi/Documents/GitHub/BuscaMines/Content/FP/Meshes/Follaje/ToonLab_follage_2/Tree1_Green.ubulk" 1683
"C:/Users/fputi/Documents/GitHub/BuscaMines/Content/FP/Meshes/Follaje/ToonLab_follage_2/Tree1_Green.uasset" 1684
"C:/Users/fputi/Documents/GitHub/BuscaMines/Content/FP/Meshes/Follaje/ToonLab_follage_2/Tree1_Green.uexp" 1685
"C:/Users/fputi/Documents/GitHub/BuscaMines/Content/FP/Meshes/Follaje/ToonLab_follage_2/Flower3.ubulk" 1686
"C:/Users/fputi/Documents/GitHub/BuscaMines/Content/FP/Meshes/Follaje/ToonLab_follage_2/Flower3.uasset" 1687
"C:/Users/fputi/Documents/GitHub/BuscaMines/Content/FP/Meshes/Follaje/ToonLab_follage_2/Flower3.uexp" 1688
"C:/Users/fputi/Documents/GitHub/BuscaMines/Content/FP/Sounds/Sounds/Theme_level/FARM/myedit_ai_sfx_0502023221.ubulk" 1689
"C:/Users/fputi/Documents/GitHub/BuscaMines/Content/FP/Sounds/Sounds/Theme_level/FARM/myedit_ai_sfx_0502023221.uasset" 1690
"C:/Users/fputi/Documents/GitHub/BuscaMines/Content/FP/Sounds/Sounds/Theme_level/FARM/myedit_ai_sfx_0502023221.uexp" 1691
"C:/Users/fputi/Documents/GitHub/BuscaMines/Content/FP/Sounds/Sounds/Theme_level/FARM/myedit_ai_sfx_0502023220.ubulk" 1692
"C:/Users/fputi/Documents/GitHub/BuscaMines/Content/FP/Sounds/Sounds/Theme_level/FARM/myedit_ai_sfx_0502023220.uasset" 1693
"C:/Users/fputi/Documents/GitHub/BuscaMines/Content/FP/Sounds/Sounds/Theme_level/FARM/myedit_ai_sfx_0502023220.uexp" 1694
"C:/Users/fputi/Documents/GitHub/BuscaMines/Content/FP/Sounds/Sounds/Theme_level/FARM/myedit_ai_sfx_0502023219.ubulk" 1695
"C:/Users/fputi/Documents/GitHub/BuscaMines/Content/FP/Sounds/Sounds/Theme_level/FARM/myedit_ai_sfx_0502023219.uasset" 1696
"C:/Users/fputi/Documents/GitHub/BuscaMines/Content/FP/Sounds/Sounds/Theme_level/FARM/myedit_ai_sfx_0502023219.uexp" 1697
"C:/Users/fputi/Documents/GitHub/BuscaMines/Content/FP/Sounds/Sounds/Theme_level/FARM/SCue_game_music_FARM.uasset" 1698
"C:/Users/fputi/Documents/GitHub/BuscaMines/Content/FP/Sounds/Sounds/Theme_level/FARM/SCue_game_music_FARM.uexp" 1699
"C:/Users/fputi/Documents/GitHub/BuscaMines/Content/FP/BluePrints/Global_BP/DataAsset/DA_ThemeData_Level_FARM.uasset" 1700
"C:/Users/fputi/Documents/GitHub/BuscaMines/Content/FP/BluePrints/Global_BP/DataAsset/DA_ThemeData_Level_FARM.uexp" 1701
"C:/Users/fputi/Documents/GitHub/BuscaMines/Content/FP/Meshes/Squares/Wood/Material_036.uasset" 1702
"C:/Users/fputi/Documents/GitHub/BuscaMines/Content/FP/Meshes/Squares/Wood/Material_036.uexp" 1703
"C:/Users/fputi/Documents/GitHub/BuscaMines/Content/FP/Meshes/Squares/Wood/Material_035.uasset" 1704
"C:/Users/fputi/Documents/GitHub/BuscaMines/Content/FP/Meshes/Squares/Wood/Material_035.uexp" 1705
"C:/Users/fputi/Documents/GitHub/BuscaMines/Content/FP/Meshes/Squares/Wood/square_wood_v3.ubulk" 1706
"C:/Users/fputi/Documents/GitHub/BuscaMines/Content/FP/Meshes/Squares/Wood/square_wood_v3.uasset" 1707
"C:/Users/fputi/Documents/GitHub/BuscaMines/Content/FP/Meshes/Squares/Wood/square_wood_v3.uexp" 1708
"C:/Users/fputi/Documents/GitHub/BuscaMines/Content/FP/Textures/Textures_Global/T_Wood_Oak_N.ubulk" 1709
"C:/Users/fputi/Documents/GitHub/BuscaMines/Content/FP/Textures/Textures_Global/T_Wood_Oak_N.uasset" 1710
"C:/Users/fputi/Documents/GitHub/BuscaMines/Content/FP/Textures/Textures_Global/T_Wood_Oak_N.uexp" 1711
"C:/Users/fputi/Documents/GitHub/BuscaMines/Content/FP/Textures/Textures_Global/T_Wood_Oak_D.ubulk" 1712
"C:/Users/fputi/Documents/GitHub/BuscaMines/Content/FP/Textures/Textures_Global/T_Wood_Oak_D.uasset" 1713
"C:/Users/fputi/Documents/GitHub/BuscaMines/Content/FP/Textures/Textures_Global/T_Wood_Oak_D.uexp" 1714
"C:/Users/fputi/Documents/GitHub/BuscaMines/Content/FP/Textures/Textures_Global/T_MacroVariation.uasset" 1715
"C:/Users/fputi/Documents/GitHub/BuscaMines/Content/FP/Textures/Textures_Global/T_MacroVariation.uexp" 1716
"C:/Users/fputi/Documents/GitHub/BuscaMines/Content/FP/Materials/Materials_Collections/Instance_Materials/M_Wood_Oak.uasset" 1717
"C:/Users/fputi/Documents/GitHub/BuscaMines/Content/FP/Materials/Materials_Collections/Instance_Materials/M_Wood_Oak.uexp" 1718
"C:/Users/fputi/Documents/GitHub/BuscaMines/Content/FP/Textures/Textures_Global/T_Metal_Steel_N.ubulk" 1719
"C:/Users/fputi/Documents/GitHub/BuscaMines/Content/FP/Textures/Textures_Global/T_Metal_Steel_N.uasset" 1720
"C:/Users/fputi/Documents/GitHub/BuscaMines/Content/FP/Textures/Textures_Global/T_Metal_Steel_N.uexp" 1721
"C:/Users/fputi/Documents/GitHub/BuscaMines/Content/FP/Textures/Textures_Global/T_Metal_Steel_D.ubulk" 1722
"C:/Users/fputi/Documents/GitHub/BuscaMines/Content/FP/Textures/Textures_Global/T_Metal_Steel_D.uasset" 1723
"C:/Users/fputi/Documents/GitHub/BuscaMines/Content/FP/Textures/Textures_Global/T_Metal_Steel_D.uexp" 1724
"C:/Users/fputi/Documents/GitHub/BuscaMines/Content/FP/Materials/Materials_Collections/Instance_Materials/M_Metal_Steel.uasset" 1725
"C:/Users/fputi/Documents/GitHub/BuscaMines/Content/FP/Materials/Materials_Collections/Instance_Materials/M_Metal_Steel.uexp" 1726
"C:/Users/fputi/Documents/GitHub/BuscaMines/Content/FP/Textures/Textures_Global/T_Metal_Rust_N.ubulk" 1727
"C:/Users/fputi/Documents/GitHub/BuscaMines/Content/FP/Textures/Textures_Global/T_Metal_Rust_N.uasset" 1728
"C:/Users/fputi/Documents/GitHub/BuscaMines/Content/FP/Textures/Textures_Global/T_Metal_Rust_N.uexp" 1729
"C:/Users/fputi/Documents/GitHub/BuscaMines/Content/FP/Textures/Textures_Global/T_Metal_Rust_D.ubulk" 1730
"C:/Users/fputi/Documents/GitHub/BuscaMines/Content/FP/Textures/Textures_Global/T_Metal_Rust_D.uasset" 1731
"C:/Users/fputi/Documents/GitHub/BuscaMines/Content/FP/Textures/Textures_Global/T_Metal_Rust_D.uexp" 1732
"C:/Users/fputi/Documents/GitHub/BuscaMines/Content/FP/Materials/Materials_Collections/Instance_Materials/M_Metal_Rust.uasset" 1733
"C:/Users/fputi/Documents/GitHub/BuscaMines/Content/FP/Materials/Materials_Collections/Instance_Materials/M_Metal_Rust.uexp" 1734
"C:/Users/fputi/Documents/GitHub/BuscaMines/Content/FP/BluePrints/Global_BP/Structures/Struct_Actor_Theme_Variatios.uasset" 1735
"C:/Users/fputi/Documents/GitHub/BuscaMines/Content/FP/BluePrints/Global_BP/Structures/Struct_Actor_Theme_Variatios.uexp" 1736
"C:/Users/fputi/Documents/GitHub/BuscaMines/Content/FP/BluePrints/Global_BP/DataAsset/DA_ThemeData_Board.uasset" 1737
"C:/Users/fputi/Documents/GitHub/BuscaMines/Content/FP/BluePrints/Global_BP/DataAsset/DA_ThemeData_Board.uexp" 1738
"C:/Users/fputi/Documents/GitHub/BuscaMines/Content/FP/Sounds/Sounds/Theme_board/flag_remove.ubulk" 1739
"C:/Users/fputi/Documents/GitHub/BuscaMines/Content/FP/Sounds/Sounds/Theme_board/flag_remove.uasset" 1740
"C:/Users/fputi/Documents/GitHub/BuscaMines/Content/FP/Sounds/Sounds/Theme_board/flag_remove.uexp" 1741
"C:/Users/fputi/Documents/GitHub/BuscaMines/Content/FP/Sounds/Sounds/Theme_board/flag_create.ubulk" 1742
"C:/Users/fputi/Documents/GitHub/BuscaMines/Content/FP/Sounds/Sounds/Theme_board/flag_create.uasset" 1743
"C:/Users/fputi/Documents/GitHub/BuscaMines/Content/FP/Sounds/Sounds/Theme_board/flag_create.uexp" 1744
"C:/Users/fputi/Documents/GitHub/BuscaMines/Content/FP/Sounds/Sounds/Theme_board/board_explotion.ubulk" 1745
"C:/Users/fputi/Documents/GitHub/BuscaMines/Content/FP/Sounds/Sounds/Theme_board/board_explotion.uasset" 1746
"C:/Users/fputi/Documents/GitHub/BuscaMines/Content/FP/Sounds/Sounds/Theme_board/board_explotion.uexp" 1747
"C:/Users/fputi/Documents/GitHub/BuscaMines/Content/FP/Sounds/Sounds/Theme_board/VILLAGE/VILLAGE_board_select.ubulk" 1748
"C:/Users/fputi/Documents/GitHub/BuscaMines/Content/FP/Sounds/Sounds/Theme_board/VILLAGE/VILLAGE_board_select.uasset" 1749
"C:/Users/fputi/Documents/GitHub/BuscaMines/Content/FP/Sounds/Sounds/Theme_board/VILLAGE/VILLAGE_board_select.uexp" 1750
"C:/Users/fputi/Documents/GitHub/BuscaMines/Content/FP/BluePrints/Global_BP/DataAsset/DA_ThemeData_Board_VILLAGE.uasset" 1751
"C:/Users/fputi/Documents/GitHub/BuscaMines/Content/FP/BluePrints/Global_BP/DataAsset/DA_ThemeData_Board_VILLAGE.uexp" 1752
"C:/Users/fputi/Documents/GitHub/BuscaMines/Content/FP/Textures/Textures_Global/T_Metal_Gold_N.ubulk" 1753
"C:/Users/fputi/Documents/GitHub/BuscaMines/Content/FP/Textures/Textures_Global/T_Metal_Gold_N.uasset" 1754
"C:/Users/fputi/Documents/GitHub/BuscaMines/Content/FP/Textures/Textures_Global/T_Metal_Gold_N.uexp" 1755
"C:/Users/fputi/Documents/GitHub/BuscaMines/Content/FP/Textures/Textures_Global/T_Metal_Copper_D.ubulk" 1756
"C:/Users/fputi/Documents/GitHub/BuscaMines/Content/FP/Textures/Textures_Global/T_Metal_Copper_D.uasset" 1757
"C:/Users/fputi/Documents/GitHub/BuscaMines/Content/FP/Textures/Textures_Global/T_Metal_Copper_D.uexp" 1758
"C:/Users/fputi/Documents/GitHub/BuscaMines/Content/FP/Materials/Materials_Collections/Instance_Materials/M_Metal_Copper.uasset" 1759
"C:/Users/fputi/Documents/GitHub/BuscaMines/Content/FP/Materials/Materials_Collections/Instance_Materials/M_Metal_Copper.uexp" 1760
"C:/Users/fputi/Documents/GitHub/BuscaMines/Content/FP/Textures/Textures_Global/T_Metal_Gold_D.ubulk" 1761
"C:/Users/fputi/Documents/GitHub/BuscaMines/Content/FP/Textures/Textures_Global/T_Metal_Gold_D.uasset" 1762
"C:/Users/fputi/Documents/GitHub/BuscaMines/Content/FP/Textures/Textures_Global/T_Metal_Gold_D.uexp" 1763
"C:/Users/fputi/Documents/GitHub/BuscaMines/Content/FP/Materials/Materials_Collections/Instance_Materials/M_Metal_Gold.uasset" 1764
"C:/Users/fputi/Documents/GitHub/BuscaMines/Content/FP/Materials/Materials_Collections/Instance_Materials/M_Metal_Gold.uexp" 1765
"C:/Users/fputi/Documents/GitHub/BuscaMines/Content/FP/Sounds/Sounds/Theme_board/FOREST/FOREST_board_select.ubulk" 1766
"C:/Users/fputi/Documents/GitHub/BuscaMines/Content/FP/Sounds/Sounds/Theme_board/FOREST/FOREST_board_select.uasset" 1767
"C:/Users/fputi/Documents/GitHub/BuscaMines/Content/FP/Sounds/Sounds/Theme_board/FOREST/FOREST_board_select.uexp" 1768
"C:/Users/fputi/Documents/GitHub/BuscaMines/Content/FP/BluePrints/Global_BP/DataAsset/DA_ThemeData_Board_FOREST.uasset" 1769
"C:/Users/fputi/Documents/GitHub/BuscaMines/Content/FP/BluePrints/Global_BP/DataAsset/DA_ThemeData_Board_FOREST.uexp" 1770
"C:/Users/fputi/Documents/GitHub/BuscaMines/Content/FP/Materials/Materials_Global/M_ContrastUsingLerp.uasset" 1771
"C:/Users/fputi/Documents/GitHub/BuscaMines/Content/FP/Materials/Materials_Global/M_ContrastUsingLerp.uexp" 1772
"C:/Users/fputi/Documents/GitHub/BuscaMines/Content/FP/Sounds/Sounds/Theme_board/FARM/FARM_board_select.ubulk" 1773
"C:/Users/fputi/Documents/GitHub/BuscaMines/Content/FP/Sounds/Sounds/Theme_board/FARM/FARM_board_select.uasset" 1774
"C:/Users/fputi/Documents/GitHub/BuscaMines/Content/FP/Sounds/Sounds/Theme_board/FARM/FARM_board_select.uexp" 1775
"C:/Users/fputi/Documents/GitHub/BuscaMines/Content/FP/BluePrints/Global_BP/DataAsset/DA_ThemeData_Board_FARM.uasset" 1776
"C:/Users/fputi/Documents/GitHub/BuscaMines/Content/FP/BluePrints/Global_BP/DataAsset/DA_ThemeData_Board_FARM.uexp" 1777
"C:/Users/fputi/Documents/GitHub/BuscaMines/Content/FP/Sounds/Sounds/Theme_app/ui_menu_click.ubulk" 1778
"C:/Users/fputi/Documents/GitHub/BuscaMines/Content/FP/Sounds/Sounds/Theme_app/ui_menu_click.uasset" 1779
"C:/Users/fputi/Documents/GitHub/BuscaMines/Content/FP/Sounds/Sounds/Theme_app/ui_menu_click.uexp" 1780
"C:/Users/fputi/Documents/GitHub/BuscaMines/Content/FP/Sounds/Sounds/Theme_app/menu_music_09.ubulk" 1781
"C:/Users/fputi/Documents/GitHub/BuscaMines/Content/FP/Sounds/Sounds/Theme_app/menu_music_09.uasset" 1782
"C:/Users/fputi/Documents/GitHub/BuscaMines/Content/FP/Sounds/Sounds/Theme_app/menu_music_09.uexp" 1783
"C:/Users/fputi/Documents/GitHub/BuscaMines/Content/FP/Sounds/Sounds/Theme_app/menu_music_01.ubulk" 1784
"C:/Users/fputi/Documents/GitHub/BuscaMines/Content/FP/Sounds/Sounds/Theme_app/menu_music_01.uasset" 1785
"C:/Users/fputi/Documents/GitHub/BuscaMines/Content/FP/Sounds/Sounds/Theme_app/menu_music_01.uexp" 1786
"C:/Users/fputi/Documents/GitHub/BuscaMines/Content/FP/Sounds/Sounds/Theme_app/menu_music_02.ubulk" 1787
"C:/Users/fputi/Documents/GitHub/BuscaMines/Content/FP/Sounds/Sounds/Theme_app/menu_music_02.uasset" 1788
"C:/Users/fputi/Documents/GitHub/BuscaMines/Content/FP/Sounds/Sounds/Theme_app/menu_music_02.uexp" 1789
"C:/Users/fputi/Documents/GitHub/BuscaMines/Content/FP/Sounds/Sounds/Theme_app/menu_music_03.ubulk" 1790
"C:/Users/fputi/Documents/GitHub/BuscaMines/Content/FP/Sounds/Sounds/Theme_app/menu_music_03.uasset" 1791
"C:/Users/fputi/Documents/GitHub/BuscaMines/Content/FP/Sounds/Sounds/Theme_app/menu_music_03.uexp" 1792
"C:/Users/fputi/Documents/GitHub/BuscaMines/Content/FP/Sounds/Sounds/Theme_app/menu_music_04.ubulk" 1793
"C:/Users/fputi/Documents/GitHub/BuscaMines/Content/FP/Sounds/Sounds/Theme_app/menu_music_04.uasset" 1794
"C:/Users/fputi/Documents/GitHub/BuscaMines/Content/FP/Sounds/Sounds/Theme_app/menu_music_04.uexp" 1795
"C:/Users/fputi/Documents/GitHub/BuscaMines/Content/FP/Sounds/Sounds/Theme_app/menu_music_05.ubulk" 1796
"C:/Users/fputi/Documents/GitHub/BuscaMines/Content/FP/Sounds/Sounds/Theme_app/menu_music_05.uasset" 1797
"C:/Users/fputi/Documents/GitHub/BuscaMines/Content/FP/Sounds/Sounds/Theme_app/menu_music_05.uexp" 1798
"C:/Users/fputi/Documents/GitHub/BuscaMines/Content/FP/Sounds/Sounds/Theme_app/menu_music_06.ubulk" 1799
"C:/Users/fputi/Documents/GitHub/BuscaMines/Content/FP/Sounds/Sounds/Theme_app/menu_music_06.uasset" 1800
"C:/Users/fputi/Documents/GitHub/BuscaMines/Content/FP/Sounds/Sounds/Theme_app/menu_music_06.uexp" 1801
"C:/Users/fputi/Documents/GitHub/BuscaMines/Content/FP/Sounds/Sounds/Theme_app/menu_music_08.ubulk" 1802
"C:/Users/fputi/Documents/GitHub/BuscaMines/Content/FP/Sounds/Sounds/Theme_app/menu_music_08.uasset" 1803
"C:/Users/fputi/Documents/GitHub/BuscaMines/Content/FP/Sounds/Sounds/Theme_app/menu_music_08.uexp" 1804
"C:/Users/fputi/Documents/GitHub/BuscaMines/Content/FP/Sounds/Sounds/Theme_app/SCue_Music_Menu.uasset" 1805
"C:/Users/fputi/Documents/GitHub/BuscaMines/Content/FP/Sounds/Sounds/Theme_app/SCue_Music_Menu.uexp" 1806
"C:/Users/fputi/Documents/GitHub/BuscaMines/Content/FP/BluePrints/Global_BP/DataAsset/DA_ThemeData_App_Normal.uasset" 1807
"C:/Users/fputi/Documents/GitHub/BuscaMines/Content/FP/BluePrints/Global_BP/DataAsset/DA_ThemeData_App_Normal.uexp" 1808
"C:/Users/fputi/Documents/GitHub/BuscaMines/Content/FP/BluePrints/Global_BP/Managers/Theme/BP_ThemeManager.uasset" 1809
"C:/Users/fputi/Documents/GitHub/BuscaMines/Content/FP/BluePrints/Global_BP/Managers/Theme/BP_ThemeManager.uexp" 1810
"C:/Users/fputi/Documents/GitHub/BuscaMines/Content/FP/BluePrints/Global_BP/Enums/Enum_GameLevel_StartingPoint.uasset" 1811
"C:/Users/fputi/Documents/GitHub/BuscaMines/Content/FP/BluePrints/Global_BP/Enums/Enum_GameLevel_StartingPoint.uexp" 1812
"C:/Users/fputi/Documents/GitHub/BuscaMines/Content/FP/BluePrints/Global_BP/Enums/Enum_Level_Difficulty.uasset" 1813
"C:/Users/fputi/Documents/GitHub/BuscaMines/Content/FP/BluePrints/Global_BP/Enums/Enum_Level_Difficulty.uexp" 1814
"C:/Users/fputi/Documents/GitHub/BuscaMines/Content/FP/BluePrints/Global_BP/Structures/Structu_Level_Configuration.uasset" 1815
"C:/Users/fputi/Documents/GitHub/BuscaMines/Content/FP/BluePrints/Global_BP/Structures/Structu_Level_Configuration.uexp" 1816
"C:/Users/fputi/Documents/GitHub/BuscaMines/Content/FP/BluePrints/Global_BP/Enums/Enum_Levels.uasset" 1817
"C:/Users/fputi/Documents/GitHub/BuscaMines/Content/FP/BluePrints/Global_BP/Enums/Enum_Levels.uexp" 1818
"C:/Users/fputi/Documents/GitHub/BuscaMines/Content/FP/GUI/Widgets/LevelTransition/LevelTransitio_FadeIn.uasset" 1819
"C:/Users/fputi/Documents/GitHub/BuscaMines/Content/FP/GUI/Widgets/LevelTransition/LevelTransitio_FadeIn.uexp" 1820
"C:/Users/fputi/Documents/GitHub/BuscaMines/Content/FP/GUI/Widgets/LevelTransition/LevelTransitio_BlackScreen.uasset" 1821
"C:/Users/fputi/Documents/GitHub/BuscaMines/Content/FP/GUI/Widgets/LevelTransition/LevelTransitio_BlackScreen.uexp" 1822
"C:/Users/fputi/Documents/GitHub/BuscaMines/Content/FP/BluePrints/Global_BP/GI_GameInstance/BP_GI_Minesweeper.uasset" 1823
"C:/Users/fputi/Documents/GitHub/BuscaMines/Content/FP/BluePrints/Global_BP/GI_GameInstance/BP_GI_Minesweeper.uexp" 1824
"C:/Users/fputi/Documents/GitHub/BuscaMines/Content/FP/GUI/UserWidgets/UI_Final_Lose.uasset" 1825
"C:/Users/fputi/Documents/GitHub/BuscaMines/Content/FP/GUI/UserWidgets/UI_Final_Lose.uexp" 1826
"C:/Users/fputi/Documents/GitHub/BuscaMines/Content/FP/GUI/UserWidgets/UI_Final_Win.uasset" 1827
"C:/Users/fputi/Documents/GitHub/BuscaMines/Content/FP/GUI/UserWidgets/UI_Final_Win.uexp" 1828
"../../../Engine/Content/BasicShapes/Sphere.ubulk" 1829
"../../../Engine/Content/BasicShapes/Sphere.uasset" 1830
"../../../Engine/Content/BasicShapes/Sphere.uexp" 1831
"../../../Engine/Content/MaterialTemplates/PerfTricks/M_ContrastUsingLerp.uasset" 1832
"../../../Engine/Content/MaterialTemplates/PerfTricks/M_ContrastUsingLerp.uexp" 1833
"C:/Users/fputi/Documents/GitHub/BuscaMines/Content/FP/BluePrints/Global_BP/Structures/Coord_2D.uasset" 1834
"C:/Users/fputi/Documents/GitHub/BuscaMines/Content/FP/BluePrints/Global_BP/Structures/Coord_2D.uexp" 1835
"C:/Users/fputi/Documents/GitHub/BuscaMines/Content/FP/Meshes/Meshes_Collections/Static_Mesh/cube.ubulk" 1836
"C:/Users/fputi/Documents/GitHub/BuscaMines/Content/FP/Meshes/Meshes_Collections/Static_Mesh/cube.uasset" 1837
"C:/Users/fputi/Documents/GitHub/BuscaMines/Content/FP/Meshes/Meshes_Collections/Static_Mesh/cube.uexp" 1838
"C:/Users/fputi/Documents/GitHub/BuscaMines/Content/FP/BluePrints/Global_BP/Interfaces/BPI_Square_Suspectable.uasset" 1839
"C:/Users/fputi/Documents/GitHub/BuscaMines/Content/FP/BluePrints/Global_BP/Interfaces/BPI_Square_Suspectable.uexp" 1840
"C:/Users/fputi/Documents/GitHub/BuscaMines/Content/FP/BluePrints/Global_BP/Interfaces/BPI_Square_Selectable.uasset" 1841
"C:/Users/fputi/Documents/GitHub/BuscaMines/Content/FP/BluePrints/Global_BP/Interfaces/BPI_Square_Selectable.uexp" 1842
"../../../Engine/Content/BasicShapes/BasicShapeMaterial.uasset" 1843
"../../../Engine/Content/BasicShapes/BasicShapeMaterial.uexp" 1844
"C:/Users/fputi/Documents/GitHub/BuscaMines/Content/FP/BluePrints/Assets_BP/Text3D/BP_Text3D_NumberMines.uasset" 1845
"C:/Users/fputi/Documents/GitHub/BuscaMines/Content/FP/BluePrints/Assets_BP/Text3D/BP_Text3D_NumberMines.uexp" 1846
"C:/Users/fputi/Documents/GitHub/BuscaMines/Content/FP/BluePrints/Global_BP/Managers/Sound/BP_SoundClass_Manager_Board.uasset" 1847
"C:/Users/fputi/Documents/GitHub/BuscaMines/Content/FP/BluePrints/Global_BP/Managers/Sound/BP_SoundClass_Manager_Board.uexp" 1848
"C:/Users/fputi/Documents/GitHub/BuscaMines/Content/FP/BluePrints/Assets_BP/Squares/BP_Square.uasset" 1849
"C:/Users/fputi/Documents/GitHub/BuscaMines/Content/FP/BluePrints/Assets_BP/Squares/BP_Square.uexp" 1850
"C:/Users/fputi/Documents/GitHub/BuscaMines/Content/FP/BluePrints/Global_BP/Interfaces/BPI_Stats_Master.uasset" 1851
"C:/Users/fputi/Documents/GitHub/BuscaMines/Content/FP/BluePrints/Global_BP/Interfaces/BPI_Stats_Master.uexp" 1852
"C:/Users/fputi/Documents/GitHub/BuscaMines/Content/FP/BluePrints/Global_BP/Enums/EGameMode_Status.uasset" 1853
"C:/Users/fputi/Documents/GitHub/BuscaMines/Content/FP/BluePrints/Global_BP/Enums/EGameMode_Status.uexp" 1854
"C:/Users/fputi/Documents/GitHub/BuscaMines/Content/FP/BluePrints/Global_BP/Components/BPC_GameTimer.uasset" 1855
"C:/Users/fputi/Documents/GitHub/BuscaMines/Content/FP/BluePrints/Global_BP/Components/BPC_GameTimer.uexp" 1856
"C:/Users/fputi/Documents/GitHub/BuscaMines/Content/FP/BluePrints/Assets_BP/Stats/BP_Stats_Master.uasset" 1857
"C:/Users/fputi/Documents/GitHub/BuscaMines/Content/FP/BluePrints/Assets_BP/Stats/BP_Stats_Master.uexp" 1858
"C:/Users/fputi/Documents/GitHub/BuscaMines/Content/FP/BluePrints/Global_BP/Interfaces/BPI_Board_Master.uasset" 1859
"C:/Users/fputi/Documents/GitHub/BuscaMines/Content/FP/BluePrints/Global_BP/Interfaces/BPI_Board_Master.uexp" 1860
"C:/Users/fputi/Documents/GitHub/BuscaMines/Content/FP/BluePrints/Global_BP/Structures/Struct_Board_CLASSIC_Stats.uasset" 1861
"C:/Users/fputi/Documents/GitHub/BuscaMines/Content/FP/BluePrints/Global_BP/Structures/Struct_Board_CLASSIC_Stats.uexp" 1862
"C:/Users/fputi/Documents/GitHub/BuscaMines/Content/FP/BluePrints/Assets_BP/Stats/BP_Stats_CLASSIC.uasset" 1863
"C:/Users/fputi/Documents/GitHub/BuscaMines/Content/FP/BluePrints/Assets_BP/Stats/BP_Stats_CLASSIC.uexp" 1864
"C:/Users/fputi/Documents/GitHub/BuscaMines/Content/FP/BluePrints/Global_BP/Structures/Struct_Board_CLASSIC_Parameters.uasset" 1865
"C:/Users/fputi/Documents/GitHub/BuscaMines/Content/FP/BluePrints/Global_BP/Structures/Struct_Board_CLASSIC_Parameters.uexp" 1866
"C:/Users/fputi/Documents/GitHub/BuscaMines/Content/FP/Meshes/Flags/M_mine_wick.uasset" 1867
"C:/Users/fputi/Documents/GitHub/BuscaMines/Content/FP/Meshes/Flags/M_mine_wick.uexp" 1868
"C:/Users/fputi/Documents/GitHub/BuscaMines/Content/FP/Meshes/Flags/M_mine_head.uasset" 1869
"C:/Users/fputi/Documents/GitHub/BuscaMines/Content/FP/Meshes/Flags/M_mine_head.uexp" 1870
"C:/Users/fputi/Documents/GitHub/BuscaMines/Content/FP/Meshes/Flags/M_mine_eyes.uasset" 1871
"C:/Users/fputi/Documents/GitHub/BuscaMines/Content/FP/Meshes/Flags/M_mine_eyes.uexp" 1872
"C:/Users/fputi/Documents/GitHub/BuscaMines/Content/FP/Meshes/Flags/M_mine_body.uasset" 1873
"C:/Users/fputi/Documents/GitHub/BuscaMines/Content/FP/Meshes/Flags/M_mine_body.uexp" 1874
"C:/Users/fputi/Documents/GitHub/BuscaMines/Content/FP/Meshes/Flags/flag_bomb_v1.ubulk" 1875
"C:/Users/fputi/Documents/GitHub/BuscaMines/Content/FP/Meshes/Flags/flag_bomb_v1.uasset" 1876
"C:/Users/fputi/Documents/GitHub/BuscaMines/Content/FP/Meshes/Flags/flag_bomb_v1.uexp" 1877
"C:/Users/fputi/Documents/GitHub/BuscaMines/Content/FP/Meshes/Mines/Bomb/M_mine_wick.uasset" 1878
"C:/Users/fputi/Documents/GitHub/BuscaMines/Content/FP/Meshes/Mines/Bomb/M_mine_wick.uexp" 1879
"C:/Users/fputi/Documents/GitHub/BuscaMines/Content/FP/Meshes/Mines/Bomb/M_mine_head.uasset" 1880
"C:/Users/fputi/Documents/GitHub/BuscaMines/Content/FP/Meshes/Mines/Bomb/M_mine_head.uexp" 1881
"C:/Users/fputi/Documents/GitHub/BuscaMines/Content/FP/Meshes/Mines/Bomb/M_mine_eyes.uasset" 1882
"C:/Users/fputi/Documents/GitHub/BuscaMines/Content/FP/Meshes/Mines/Bomb/M_mine_eyes.uexp" 1883
"C:/Users/fputi/Documents/GitHub/BuscaMines/Content/FP/Meshes/Mines/Bomb/M_mine_body.uasset" 1884
"C:/Users/fputi/Documents/GitHub/BuscaMines/Content/FP/Meshes/Mines/Bomb/M_mine_body.uexp" 1885
"C:/Users/fputi/Documents/GitHub/BuscaMines/Content/FP/Meshes/Mines/Bomb/mine_bomb_v1.ubulk" 1886
"C:/Users/fputi/Documents/GitHub/BuscaMines/Content/FP/Meshes/Mines/Bomb/mine_bomb_v1.uasset" 1887
"C:/Users/fputi/Documents/GitHub/BuscaMines/Content/FP/Meshes/Mines/Bomb/mine_bomb_v1.uexp" 1888
"C:/Users/fputi/Documents/GitHub/BuscaMines/Content/FP/BluePrints/Assets_BP/Squares/BP_Square_Theme.uasset" 1889
"C:/Users/fputi/Documents/GitHub/BuscaMines/Content/FP/BluePrints/Assets_BP/Squares/BP_Square_Theme.uexp" 1890
"C:/Users/fputi/Documents/GitHub/BuscaMines/Content/FP/BluePrints/Assets_BP/Board/BP_CLASSIC_Board.uasset" 1891
"C:/Users/fputi/Documents/GitHub/BuscaMines/Content/FP/BluePrints/Assets_BP/Board/BP_CLASSIC_Board.uexp" 1892
"C:/Users/fputi/Documents/GitHub/BuscaMines/Content/FP/BluePrints/Global_BP/Interfaces/BPI_Level_Master.uasset" 1893
"C:/Users/fputi/Documents/GitHub/BuscaMines/Content/FP/BluePrints/Global_BP/Interfaces/BPI_Level_Master.uexp" 1894
"C:/Users/fputi/Documents/GitHub/BuscaMines/Content/FP/BluePrints/Global_BP/Managers/Sound/BP_SoundClass_Manager_Level.uasset" 1895
"C:/Users/fputi/Documents/GitHub/BuscaMines/Content/FP/BluePrints/Global_BP/Managers/Sound/BP_SoundClass_Manager_Level.uexp" 1896
"../../../Engine/Content/BasicShapes/Cube.ubulk" 1897
"../../../Engine/Content/BasicShapes/Cube.uasset" 1898
"../../../Engine/Content/BasicShapes/Cube.uexp" 1899
"../../../Engine/Content/EngineMeshes/BackgroundMaterial.uasset" 1900
"../../../Engine/Content/EngineMeshes/BackgroundMaterial.uexp" 1901
"../../../Engine/Content/MapTemplates/Materials/BasicAsset02.uasset" 1902
"../../../Engine/Content/MapTemplates/Materials/BasicAsset02.uexp" 1903
"C:/Users/fputi/Documents/GitHub/BuscaMines/Content/FP/Materials/Materials_Global/Master_Materials/MT_Rounded.uasset" 1904
"C:/Users/fputi/Documents/GitHub/BuscaMines/Content/FP/Materials/Materials_Global/Master_Materials/MT_Rounded.uexp" 1905
"C:/Users/fputi/Documents/GitHub/BuscaMines/Content/FP/Materials/Materials_Global/Instance_Materials/Rounded_Inst.uasset" 1906
"C:/Users/fputi/Documents/GitHub/BuscaMines/Content/FP/Materials/Materials_Global/Instance_Materials/Rounded_Inst.uexp" 1907
"C:/Users/fputi/Documents/GitHub/BuscaMines/Content/FP/GUI/Widgets/RoundedBase/RoundedBase.uasset" 1908
"C:/Users/fputi/Documents/GitHub/BuscaMines/Content/FP/GUI/Widgets/RoundedBase/RoundedBase.uexp" 1909
"C:/Users/fputi/Documents/GitHub/BuscaMines/Content/FP/BluePrints/Global_BP/Structures/Struct_Menu_Content.uasset" 1910
"C:/Users/fputi/Documents/GitHub/BuscaMines/Content/FP/BluePrints/Global_BP/Structures/Struct_Menu_Content.uexp" 1911
"C:/Users/fputi/Documents/GitHub/BuscaMines/Content/FP/GUI/UserWidgets/Menus/UW_Menu_content_Default.uasset" 1912
"C:/Users/fputi/Documents/GitHub/BuscaMines/Content/FP/GUI/UserWidgets/Menus/UW_Menu_content_Default.uexp" 1913
"C:/Users/fputi/Documents/GitHub/BuscaMines/Content/FP/GUI/UserWidgets/Menus/UW_Menu_Default.uasset" 1914
"C:/Users/fputi/Documents/GitHub/BuscaMines/Content/FP/GUI/UserWidgets/Menus/UW_Menu_Default.uexp" 1915
"C:/Users/fputi/Documents/GitHub/BuscaMines/Content/FP/BluePrints/Global_BP/Interfaces/BPI_Menu3D.uasset" 1916
"C:/Users/fputi/Documents/GitHub/BuscaMines/Content/FP/BluePrints/Global_BP/Interfaces/BPI_Menu3D.uexp" 1917
"C:/Users/fputi/Documents/GitHub/BuscaMines/Content/SystemFonts/FontFaces/InkFree_Regular.uexp" 1918
"C:/Users/fputi/Documents/GitHub/BuscaMines/Content/SystemFonts/FontFaces/InkFree_Regular.uasset" 1919
"C:/Users/fputi/Documents/GitHub/BuscaMines/Content/SystemFonts/FontFaces/InkFree_Regular.ufont" 1920
"C:/Users/fputi/Documents/GitHub/BuscaMines/Content/SystemFonts/Fonts/InkFree.uasset" 1921
"C:/Users/fputi/Documents/GitHub/BuscaMines/Content/SystemFonts/Fonts/InkFree.uexp" 1922
"C:/Users/fputi/Documents/GitHub/BuscaMines/Content/FP/Materials/Materials_Global/Master_Materials/MT_Text3D_Master.uasset" 1923
"C:/Users/fputi/Documents/GitHub/BuscaMines/Content/FP/Materials/Materials_Global/Master_Materials/MT_Text3D_Master.uexp" 1924
"C:/Users/fputi/Documents/GitHub/BuscaMines/Content/FP/Materials/Materials_Global/Instance_Materials/MT_Text3D_Title.uasset" 1925
"C:/Users/fputi/Documents/GitHub/BuscaMines/Content/FP/Materials/Materials_Global/Instance_Materials/MT_Text3D_Title.uexp" 1926
"C:/Users/fputi/Documents/GitHub/BuscaMines/Content/FP/BluePrints/Assets_BP/Text3D/BP_Text3D_Title.uasset" 1927
"C:/Users/fputi/Documents/GitHub/BuscaMines/Content/FP/BluePrints/Assets_BP/Text3D/BP_Text3D_Title.uexp" 1928
"C:/Users/fputi/Documents/GitHub/BuscaMines/Content/FP/GUI/Widgets/3D_Menu/Master/BP_Actor_Menu3D.uasset" 1929
"C:/Users/fputi/Documents/GitHub/BuscaMines/Content/FP/GUI/Widgets/3D_Menu/Master/BP_Actor_Menu3D.uexp" 1930
"C:/Users/fputi/Documents/GitHub/BuscaMines/Content/FP/BluePrints/Global_BP/GS_GameState/BP_CLASSIC_GameState.uasset" 1931
"C:/Users/fputi/Documents/GitHub/BuscaMines/Content/FP/BluePrints/Global_BP/GS_GameState/BP_CLASSIC_GameState.uexp" 1932
"C:/Users/fputi/Documents/GitHub/BuscaMines/Content/FP/Materials/Materials_Global/Instance_Materials/MT_Text3D_Buttons.uasset" 1933
"C:/Users/fputi/Documents/GitHub/BuscaMines/Content/FP/Materials/Materials_Global/Instance_Materials/MT_Text3D_Buttons.uexp" 1934
"C:/Users/fputi/Documents/GitHub/BuscaMines/Content/FP/BluePrints/Assets_BP/Text3D/BP_Text3D_Button.uasset" 1935
"C:/Users/fputi/Documents/GitHub/BuscaMines/Content/FP/BluePrints/Assets_BP/Text3D/BP_Text3D_Button.uexp" 1936
"C:/Users/fputi/Documents/GitHub/BuscaMines/Content/FP/BluePrints/Global_BP/Libraries/BFL_Func.uasset" 1937
"C:/Users/fputi/Documents/GitHub/BuscaMines/Content/FP/BluePrints/Global_BP/Libraries/BFL_Func.uexp" 1938
"C:/Users/fputi/Documents/GitHub/BuscaMines/Content/FP/BluePrints/Assets_BP/MenuButtons/Master/BP_Menu_Text3D_Button_Master.uasset" 1939
"C:/Users/fputi/Documents/GitHub/BuscaMines/Content/FP/BluePrints/Assets_BP/MenuButtons/Master/BP_Menu_Text3D_Button_Master.uexp" 1940
"C:/Users/fputi/Documents/GitHub/BuscaMines/Content/FP/BluePrints/Assets_BP/MenuButtons/Instance/BP_Menu_Text3D_Button_Restart.uasset" 1941
"C:/Users/fputi/Documents/GitHub/BuscaMines/Content/FP/BluePrints/Assets_BP/MenuButtons/Instance/BP_Menu_Text3D_Button_Restart.uexp" 1942
"C:/Users/fputi/Documents/GitHub/BuscaMines/Content/FP/BluePrints/Assets_BP/MenuButtons/Instance/BP_Menu_Text3D_Button_ToMainMenu.uasset" 1943
"C:/Users/fputi/Documents/GitHub/BuscaMines/Content/FP/BluePrints/Assets_BP/MenuButtons/Instance/BP_Menu_Text3D_Button_ToMainMenu.uexp" 1944
"C:/Users/fputi/Documents/GitHub/BuscaMines/Content/FP/GUI/UserWidgets/Menus/UW_Menu_Instructions.uasset" 1945
"C:/Users/fputi/Documents/GitHub/BuscaMines/Content/FP/GUI/UserWidgets/Menus/UW_Menu_Instructions.uexp" 1946
"C:/Users/fputi/Documents/GitHub/BuscaMines/Content/FP/BluePrints/Assets_BP/Squares/BP_Square_Theme_Demo.uasset" 1947
"C:/Users/fputi/Documents/GitHub/BuscaMines/Content/FP/BluePrints/Assets_BP/Squares/BP_Square_Theme_Demo.uexp" 1948
"C:/Users/fputi/Documents/GitHub/BuscaMines/Content/FP/BluePrints/Assets_BP/MenuButtons/Instance/BP_Menu_Text3D_Button_Back.uasset" 1949
"C:/Users/fputi/Documents/GitHub/BuscaMines/Content/FP/BluePrints/Assets_BP/MenuButtons/Instance/BP_Menu_Text3D_Button_Back.uexp" 1950
"C:/Users/fputi/Documents/GitHub/BuscaMines/Content/FP/GUI/Widgets/3D_Menu/Instance/BP_Menu_Instructions.uasset" 1951
"C:/Users/fputi/Documents/GitHub/BuscaMines/Content/FP/GUI/Widgets/3D_Menu/Instance/BP_Menu_Instructions.uexp" 1952
"C:/Users/fputi/Documents/GitHub/BuscaMines/Content/FP/BluePrints/Assets_BP/MenuButtons/Instance/BP_Menu_Text3D_Button_toMenu.uasset" 1953
"C:/Users/fputi/Documents/GitHub/BuscaMines/Content/FP/BluePrints/Assets_BP/MenuButtons/Instance/BP_Menu_Text3D_Button_toMenu.uexp" 1954
"C:/Users/fputi/Documents/GitHub/BuscaMines/Content/FP/GUI/Widgets/3D_Menu/Instance/BP_Menu_Pause.uasset" 1955
"C:/Users/fputi/Documents/GitHub/BuscaMines/Content/FP/GUI/Widgets/3D_Menu/Instance/BP_Menu_Pause.uexp" 1956
"C:/Users/fputi/Documents/GitHub/BuscaMines/Content/FP/BluePrints/Global_BP/GM_GameModes/BP_CLASSIC_GameMode.uasset" 1957
"C:/Users/fputi/Documents/GitHub/BuscaMines/Content/FP/BluePrints/Global_BP/GM_GameModes/BP_CLASSIC_GameMode.uexp" 1958
"C:/Users/fputi/Documents/GitHub/BuscaMines/Content/FP/GUI/UserWidgets/UI_GameMode_HotLinks.uasset" 1959
"C:/Users/fputi/Documents/GitHub/BuscaMines/Content/FP/GUI/UserWidgets/UI_GameMode_HotLinks.uexp" 1960
"C:/Users/fputi/Documents/GitHub/BuscaMines/Content/FP/GUI/UserWidgets/UI_GameMode_Stats.uasset" 1961
"C:/Users/fputi/Documents/GitHub/BuscaMines/Content/FP/GUI/UserWidgets/UI_GameMode_Stats.uexp" 1962
"C:/Users/fputi/Documents/GitHub/BuscaMines/Content/FP/GUI/UserWidgets/UI_PauseMode.uasset" 1963
"C:/Users/fputi/Documents/GitHub/BuscaMines/Content/FP/GUI/UserWidgets/UI_PauseMode.uexp" 1964
"C:/Users/fputi/Documents/GitHub/BuscaMines/Content/FP/GUI/HUD_CLASSIC.uasset" 1965
"C:/Users/fputi/Documents/GitHub/BuscaMines/Content/FP/GUI/HUD_CLASSIC.uexp" 1966
"C:/Users/fputi/Documents/GitHub/BuscaMines/Content/FP/BluePrints/Global_BP/Structures/BoardBoundsDefinition.uasset" 1967
"C:/Users/fputi/Documents/GitHub/BuscaMines/Content/FP/BluePrints/Global_BP/Structures/BoardBoundsDefinition.uexp" 1968
"C:/Users/fputi/Documents/GitHub/BuscaMines/Content/FP/BluePrints/Global_BP/Structures/PlayerMovementBoundsDefinition.uasset" 1969
"C:/Users/fputi/Documents/GitHub/BuscaMines/Content/FP/BluePrints/Global_BP/Structures/PlayerMovementBoundsDefinition.uexp" 1970
"C:/Users/fputi/Documents/GitHub/BuscaMines/Content/FP/BluePrints/Global_BP/Structures/Struct_Transition_Menu_Game_Mode.uasset" 1971
"C:/Users/fputi/Documents/GitHub/BuscaMines/Content/FP/BluePrints/Global_BP/Structures/Struct_Transition_Menu_Game_Mode.uexp" 1972
"C:/Users/fputi/Documents/GitHub/BuscaMines/Content/FP/BluePrints/Global_BP/Managers/BP_Player_Movement.uasset" 1973
"C:/Users/fputi/Documents/GitHub/BuscaMines/Content/FP/BluePrints/Global_BP/Managers/BP_Player_Movement.uexp" 1974
"C:/Users/fputi/Documents/GitHub/BuscaMines/Content/FP/BluePrints/Global_BP/Inputs/player_up_down.uasset" 1975
"C:/Users/fputi/Documents/GitHub/BuscaMines/Content/FP/BluePrints/Global_BP/Inputs/player_up_down.uexp" 1976
"C:/Users/fputi/Documents/GitHub/BuscaMines/Content/FP/BluePrints/Global_BP/Inputs/player_movement.uasset" 1977
"C:/Users/fputi/Documents/GitHub/BuscaMines/Content/FP/BluePrints/Global_BP/Inputs/player_movement.uexp" 1978
"C:/Users/fputi/Documents/GitHub/BuscaMines/Content/FP/BluePrints/Global_BP/Inputs/player_looking.uasset" 1979
"C:/Users/fputi/Documents/GitHub/BuscaMines/Content/FP/BluePrints/Global_BP/Inputs/player_looking.uexp" 1980
"C:/Users/fputi/Documents/GitHub/BuscaMines/Content/FP/BluePrints/Global_BP/Inputs/player_inputs.uasset" 1981
"C:/Users/fputi/Documents/GitHub/BuscaMines/Content/FP/BluePrints/Global_BP/Inputs/player_inputs.uexp" 1982
"C:/Users/fputi/Documents/GitHub/BuscaMines/Content/FP/BluePrints/Global_BP/Inputs/gaming_pause.uasset" 1983
"C:/Users/fputi/Documents/GitHub/BuscaMines/Content/FP/BluePrints/Global_BP/Inputs/gaming_pause.uexp" 1984
"C:/Users/fputi/Documents/GitHub/BuscaMines/Content/FP/BluePrints/Global_BP/Inputs/gaming_ESC.uasset" 1985
"C:/Users/fputi/Documents/GitHub/BuscaMines/Content/FP/BluePrints/Global_BP/Inputs/gaming_ESC.uexp" 1986
"C:/Users/fputi/Documents/GitHub/BuscaMines/Content/FP/BluePrints/Global_BP/Inputs/pause_inputs.uasset" 1987
"C:/Users/fputi/Documents/GitHub/BuscaMines/Content/FP/BluePrints/Global_BP/Inputs/pause_inputs.uexp" 1988
"C:/Users/fputi/Documents/GitHub/BuscaMines/Content/FP/BluePrints/Global_BP/Inputs/menu_scroll.uasset" 1989
"C:/Users/fputi/Documents/GitHub/BuscaMines/Content/FP/BluePrints/Global_BP/Inputs/menu_scroll.uexp" 1990
"C:/Users/fputi/Documents/GitHub/BuscaMines/Content/FP/BluePrints/Global_BP/Inputs/menu_moving_sides.uasset" 1991
"C:/Users/fputi/Documents/GitHub/BuscaMines/Content/FP/BluePrints/Global_BP/Inputs/menu_moving_sides.uexp" 1992
"C:/Users/fputi/Documents/GitHub/BuscaMines/Content/FP/BluePrints/Global_BP/Inputs/menu_inputs.uasset" 1993
"C:/Users/fputi/Documents/GitHub/BuscaMines/Content/FP/BluePrints/Global_BP/Inputs/menu_inputs.uexp" 1994
"C:/Users/fputi/Documents/GitHub/BuscaMines/Content/FP/BluePrints/Global_BP/Inputs/board_suspectMine.uasset" 1995
"C:/Users/fputi/Documents/GitHub/BuscaMines/Content/FP/BluePrints/Global_BP/Inputs/board_suspectMine.uexp" 1996
"C:/Users/fputi/Documents/GitHub/BuscaMines/Content/FP/BluePrints/Global_BP/Inputs/board_selection.uasset" 1997
"C:/Users/fputi/Documents/GitHub/BuscaMines/Content/FP/BluePrints/Global_BP/Inputs/board_selection.uexp" 1998
"C:/Users/fputi/Documents/GitHub/BuscaMines/Content/FP/BluePrints/Global_BP/Inputs/board_inputs.uasset" 1999
"C:/Users/fputi/Documents/GitHub/BuscaMines/Content/FP/BluePrints/Global_BP/Inputs/board_inputs.uexp" 2000
"../../../Engine/Plugins/Interchange/Assets/Content/Functions/MF_PhongToMetalRoughness.uasset" 2001
"../../../Engine/Plugins/Interchange/Assets/Content/Functions/MF_PhongToMetalRoughness.uexp" 2002
"C:/Users/fputi/Documents/GitHub/BuscaMines/Content/FP/Meshes/Bomb_fungus/material_0.ubulk" 2003
"C:/Users/fputi/Documents/GitHub/BuscaMines/Content/FP/Meshes/Bomb_fungus/material_0.uasset" 2004
"C:/Users/fputi/Documents/GitHub/BuscaMines/Content/FP/Meshes/Bomb_fungus/material_0.uexp" 2005
"C:/Users/fputi/Documents/GitHub/BuscaMines/Content/FP/Meshes/Bomb_fungus/material_01.uasset" 2006
"C:/Users/fputi/Documents/GitHub/BuscaMines/Content/FP/Meshes/Bomb_fungus/material_01.uexp" 2007
"C:/Users/fputi/Documents/GitHub/BuscaMines/Content/FP/Meshes/Bomb_fungus/bomb_fungus.ubulk" 2008
"C:/Users/fputi/Documents/GitHub/BuscaMines/Content/FP/Meshes/Bomb_fungus/bomb_fungus.uasset" 2009
"C:/Users/fputi/Documents/GitHub/BuscaMines/Content/FP/Meshes/Bomb_fungus/bomb_fungus.uexp" 2010
"C:/Users/fputi/Documents/GitHub/BuscaMines/Content/FP/BluePrints/Assets_BP/BP_Item_shower.uasset" 2011
"C:/Users/fputi/Documents/GitHub/BuscaMines/Content/FP/BluePrints/Assets_BP/BP_Item_shower.uexp" 2012
"C:/Users/fputi/Documents/GitHub/BuscaMines/Content/FP/BluePrints/Assets_BP/Text3D/BP_Text3D_text.uasset" 2013
"C:/Users/fputi/Documents/GitHub/BuscaMines/Content/FP/BluePrints/Assets_BP/Text3D/BP_Text3D_text.uexp" 2014
"C:/Users/fputi/Documents/GitHub/BuscaMines/Content/FP/GUI/Widgets/3D_Menu/Instance/BP_Menu_Won.uasset" 2015
"C:/Users/fputi/Documents/GitHub/BuscaMines/Content/FP/GUI/Widgets/3D_Menu/Instance/BP_Menu_Won.uexp" 2016
"C:/Users/fputi/Documents/GitHub/BuscaMines/Content/FP/GUI/Widgets/3D_Menu/Instance/BP_Menu_Presentation.uasset" 2017
"C:/Users/fputi/Documents/GitHub/BuscaMines/Content/FP/GUI/Widgets/3D_Menu/Instance/BP_Menu_Presentation.uexp" 2018
"C:/Users/fputi/Documents/GitHub/BuscaMines/Content/FP/GUI/Widgets/3D_Menu/Instance/BP_Menu_Lose.uasset" 2019
"C:/Users/fputi/Documents/GitHub/BuscaMines/Content/FP/GUI/Widgets/3D_Menu/Instance/BP_Menu_Lose.uexp" 2020
"C:/Users/fputi/Documents/GitHub/BuscaMines/Content/FP/BluePrints/Global_BP/GM_GameModes/BP_Abstract_GameMode_Master.uasset" 2021
"C:/Users/fputi/Documents/GitHub/BuscaMines/Content/FP/BluePrints/Global_BP/GM_GameModes/BP_Abstract_GameMode_Master.uexp" 2022
"C:/Users/fputi/Documents/GitHub/BuscaMines/Content/FP/BluePrints/Global_BP/Components/BPC_PlayerController_ResulutionChange.uasset" 2023
"C:/Users/fputi/Documents/GitHub/BuscaMines/Content/FP/BluePrints/Global_BP/Components/BPC_PlayerController_ResulutionChange.uexp" 2024
"C:/Users/fputi/Documents/GitHub/BuscaMines/Content/FP/GUI/Widgets/3D_Menu/Master/UI_Grey_background.uasset" 2025
"C:/Users/fputi/Documents/GitHub/BuscaMines/Content/FP/GUI/Widgets/3D_Menu/Master/UI_Grey_background.uexp" 2026
"C:/Users/fputi/Documents/GitHub/BuscaMines/Content/FP/BluePrints/Assets_BP/Menu/BP_Actor_Menu3D_Holder.uasset" 2027
"C:/Users/fputi/Documents/GitHub/BuscaMines/Content/FP/BluePrints/Assets_BP/Menu/BP_Actor_Menu3D_Holder.uexp" 2028
"C:/Users/fputi/Documents/GitHub/BuscaMines/Content/FP/BluePrints/Global_BP/Components/BPC_Player_Menu_Controller.uasset" 2029
"C:/Users/fputi/Documents/GitHub/BuscaMines/Content/FP/BluePrints/Global_BP/Components/BPC_Player_Menu_Controller.uexp" 2030
"C:/Users/fputi/Documents/GitHub/BuscaMines/Content/FP/BluePrints/Global_BP/Enums/Enum_Touch_Gesture.uasset" 2031
"C:/Users/fputi/Documents/GitHub/BuscaMines/Content/FP/BluePrints/Global_BP/Enums/Enum_Touch_Gesture.uexp" 2032
"C:/Users/fputi/Documents/GitHub/BuscaMines/Content/FP/BluePrints/Clases/BPO_Touch.uasset" 2033
"C:/Users/fputi/Documents/GitHub/BuscaMines/Content/FP/BluePrints/Clases/BPO_Touch.uexp" 2034
"C:/Users/fputi/Documents/GitHub/BuscaMines/Content/FP/BluePrints/Global_BP/Components/BPC_PlayerInputs_Mobile.uasset" 2035
"C:/Users/fputi/Documents/GitHub/BuscaMines/Content/FP/BluePrints/Global_BP/Components/BPC_PlayerInputs_Mobile.uexp" 2036
"C:/Users/fputi/Documents/GitHub/BuscaMines/Content/FP/BluePrints/Global_BP/Components/BPC_PlayerInputs_Desktop.uasset" 2037
"C:/Users/fputi/Documents/GitHub/BuscaMines/Content/FP/BluePrints/Global_BP/Components/BPC_PlayerInputs_Desktop.uexp" 2038
"C:/Users/fputi/Documents/GitHub/BuscaMines/Content/FP/BluePrints/Controller/BP_PlayerController_Master.uasset" 2039
"C:/Users/fputi/Documents/GitHub/BuscaMines/Content/FP/BluePrints/Controller/BP_PlayerController_Master.uexp" 2040
"C:/Users/fputi/Documents/GitHub/BuscaMines/Content/FP/BluePrints/Assets_BP/Board/BP_board_master.uasset" 2041
"C:/Users/fputi/Documents/GitHub/BuscaMines/Content/FP/BluePrints/Assets_BP/Board/BP_board_master.uexp" 2042
"C:/Users/fputi/Documents/GitHub/BuscaMines/Content/FP/BluePrints/Global_BP/Interfaces/BPI_GameMode_Master.uasset" 2043
"C:/Users/fputi/Documents/GitHub/BuscaMines/Content/FP/BluePrints/Global_BP/Interfaces/BPI_GameMode_Master.uexp" 2044
"C:/Users/fputi/Documents/GitHub/BuscaMines/Content/FP/BluePrints/Chareacters/Player/BP_player.uasset" 2045
"C:/Users/fputi/Documents/GitHub/BuscaMines/Content/FP/BluePrints/Chareacters/Player/BP_player.uexp" 2046
"C:/Users/fputi/Documents/GitHub/BuscaMines/Content/FP/BluePrints/Global_BP/Libraries/BPL_DirectAccess.uasset" 2047
"C:/Users/fputi/Documents/GitHub/BuscaMines/Content/FP/BluePrints/Global_BP/Libraries/BPL_DirectAccess.uexp" 2048
"C:/Users/fputi/Documents/GitHub/BuscaMines/Content/FP/GUI/UserWidgets/UI_DebugMode.uasset" 2049
"C:/Users/fputi/Documents/GitHub/BuscaMines/Content/FP/GUI/UserWidgets/UI_DebugMode.uexp" 2050
"C:/Users/fputi/Documents/GitHub/BuscaMines/Content/FP/GUI/HUD_Master.uasset" 2051
"C:/Users/fputi/Documents/GitHub/BuscaMines/Content/FP/GUI/HUD_Master.uexp" 2052
"C:/Users/fputi/Documents/GitHub/BuscaMines/Content/FP/GUI/HUD_Main_Menu.uasset" 2053
"C:/Users/fputi/Documents/GitHub/BuscaMines/Content/FP/GUI/HUD_Main_Menu.uexp" 2054
"C:/Users/fputi/Documents/GitHub/BuscaMines/Content/FP/GUI/Widgets/UI_Menu/Master/UW_Menu3D_Model.uasset" 2055
"C:/Users/fputi/Documents/GitHub/BuscaMines/Content/FP/GUI/Widgets/UI_Menu/Master/UW_Menu3D_Model.uexp" 2056
"C:/Users/fputi/Documents/GitHub/BuscaMines/Content/FP/BluePrints/Assets_BP/Menu/BP_Menu2D_model.uasset" 2057
"C:/Users/fputi/Documents/GitHub/BuscaMines/Content/FP/BluePrints/Assets_BP/Menu/BP_Menu2D_model.uexp" 2058
"C:/Users/fputi/Documents/GitHub/BuscaMines/Content/FP/BluePrints/Global_BP/GM_GameModes/BP_Menu_GameMode.uasset" 2059
"C:/Users/fputi/Documents/GitHub/BuscaMines/Content/FP/BluePrints/Global_BP/GM_GameModes/BP_Menu_GameMode.uexp" 2060
"C:/Users/fputi/Documents/GitHub/BuscaMines/Content/FP/GUI/Widgets/UI_Menu/Master/UW_Menu_Button.uasset" 2061
"C:/Users/fputi/Documents/GitHub/BuscaMines/Content/FP/GUI/Widgets/UI_Menu/Master/UW_Menu_Button.uexp" 2062
"C:/Users/fputi/Documents/GitHub/BuscaMines/Content/FP/GUI/Widgets/UI_Menu/Instance/UW_Menu_Main.uasset" 2063
"C:/Users/fputi/Documents/GitHub/BuscaMines/Content/FP/GUI/Widgets/UI_Menu/Instance/UW_Menu_Main.uexp" 2064
"C:/Users/fputi/Documents/GitHub/BuscaMines/Content/FP/GUI/Widgets/UI_Control/UW_Slider.uasset" 2065
"C:/Users/fputi/Documents/GitHub/BuscaMines/Content/FP/GUI/Widgets/UI_Control/UW_Slider.uexp" 2066
"C:/Users/fputi/Documents/GitHub/BuscaMines/Content/FP/GUI/Widgets/UI_Menu/Instance/UW_Menu_Options.uasset" 2067
"C:/Users/fputi/Documents/GitHub/BuscaMines/Content/FP/GUI/Widgets/UI_Menu/Instance/UW_Menu_Options.uexp" 2068
"C:/Users/fputi/Documents/GitHub/BuscaMines/Content/FP/GUI/Widgets/UI_Menu/Instance/UW_Menu_PlayMode_Dificulties.uasset" 2069
"C:/Users/fputi/Documents/GitHub/BuscaMines/Content/FP/GUI/Widgets/UI_Menu/Instance/UW_Menu_PlayMode_Dificulties.uexp" 2070
"C:/Users/fputi/Documents/GitHub/BuscaMines/Content/FP/GUI/Widgets/UI_Menu/Instance/UW_Menu_PlayModes.uasset" 2071
"C:/Users/fputi/Documents/GitHub/BuscaMines/Content/FP/GUI/Widgets/UI_Menu/Instance/UW_Menu_PlayModes.uexp" 2072
"C:/Users/fputi/Documents/GitHub/BuscaMines/Content/FP/Maps/menu_level.uexp" 2073
"C:/Users/fputi/Documents/GitHub/BuscaMines/Content/FP/Maps/menu_level.ubulk" 2074
"C:/Users/fputi/Documents/GitHub/BuscaMines/Content/FP/Maps/menu_level.umap" 2075
"../../../Engine/Content/EngineSky/M_SimpleSkyDome.uasset" 2076
"../../../Engine/Content/EngineSky/M_SimpleSkyDome.uexp" 2077
"../../../Engine/Content/EngineSky/VolumetricClouds/VT_PerlinWorley_Balanced.uasset" 2078
"../../../Engine/Content/EngineSky/VolumetricClouds/VT_PerlinWorley_Balanced.uexp" 2079
"../../../Engine/Content/EngineSky/VolumetricClouds/T_Profile_08.ubulk" 2080
"../../../Engine/Content/EngineSky/VolumetricClouds/T_Profile_08.uasset" 2081
"../../../Engine/Content/EngineSky/VolumetricClouds/T_Profile_08.uexp" 2082
"../../../Engine/Content/EngineSky/VolumetricClouds/T_CloudPattern.ubulk" 2083
"../../../Engine/Content/EngineSky/VolumetricClouds/T_CloudPattern.uasset" 2084
"../../../Engine/Content/EngineSky/VolumetricClouds/T_CloudPattern.uexp" 2085
"../../../Engine/Content/EngineSky/VolumetricClouds/T_CloudMask.ubulk" 2086
"../../../Engine/Content/EngineSky/VolumetricClouds/T_CloudMask.uasset" 2087
"../../../Engine/Content/EngineSky/VolumetricClouds/T_CloudMask.uexp" 2088
"../../../Engine/Content/EngineResources/DefaultVolumeTexture2D.uasset" 2089
"../../../Engine/Content/EngineResources/DefaultVolumeTexture2D.uexp" 2090
"../../../Engine/Content/EngineResources/DefaultVolumeTexture.uasset" 2091
"../../../Engine/Content/EngineResources/DefaultVolumeTexture.uexp" 2092
"../../../Engine/Content/EngineSky/VolumetricClouds/VT_Lightning.uasset" 2093
"../../../Engine/Content/EngineSky/VolumetricClouds/VT_Lightning.uexp" 2094
"../../../Engine/Content/Functions/Engine_MaterialFunctions01/Units/Km-to-Cm.uasset" 2095
"../../../Engine/Content/Functions/Engine_MaterialFunctions01/Units/Km-to-Cm.uexp" 2096
"../../../Engine/Content/EngineSky/VolumetricClouds/m_SimpleVolumetricCloud.uasset" 2097
"../../../Engine/Content/EngineSky/VolumetricClouds/m_SimpleVolumetricCloud.uexp" 2098
"../../../Engine/Content/EngineSky/VolumetricClouds/m_SimpleVolumetricCloud_Inst.uasset" 2099
"../../../Engine/Content/EngineSky/VolumetricClouds/m_SimpleVolumetricCloud_Inst.uexp" 2100
"C:/Users/fputi/Documents/GitHub/BuscaMines/Content/FP/Materials/Materials_Global/M_Basic_Wall.uasset" 2101
"C:/Users/fputi/Documents/GitHub/BuscaMines/Content/FP/Materials/Materials_Global/M_Basic_Wall.uexp" 2102
"C:/Users/fputi/Documents/GitHub/BuscaMines/Content/FP/Meshes/Floor/SM_Floor_Base.ubulk" 2103
"C:/Users/fputi/Documents/GitHub/BuscaMines/Content/FP/Meshes/Floor/SM_Floor_Base.uasset" 2104
"C:/Users/fputi/Documents/GitHub/BuscaMines/Content/FP/Meshes/Floor/SM_Floor_Base.uexp" 2105
"C:/Users/fputi/Documents/GitHub/BuscaMines/Content/FP/Materials/Materials_Global/Master_Materials/M_Floor_3D.uasset" 2106
"C:/Users/fputi/Documents/GitHub/BuscaMines/Content/FP/Materials/Materials_Global/Master_Materials/M_Floor_3D.uexp" 2107
"C:/Users/fputi/Documents/GitHub/BuscaMines/Content/FP/Textures/Textures_Global/T_Clouds_M.ubulk" 2108
"C:/Users/fputi/Documents/GitHub/BuscaMines/Content/FP/Textures/Textures_Global/T_Clouds_M.uasset" 2109
"C:/Users/fputi/Documents/GitHub/BuscaMines/Content/FP/Textures/Textures_Global/T_Clouds_M.uexp" 2110
"C:/Users/fputi/Documents/GitHub/BuscaMines/Content/FP/Materials/Materials_Global/Master_Materials/M_Clouds.uasset" 2111
"C:/Users/fputi/Documents/GitHub/BuscaMines/Content/FP/Materials/Materials_Global/Master_Materials/M_Clouds.uexp" 2112
"../../../Engine/Content/Functions/Engine_MaterialFunctions01/ImageAdjustment/BlurSampleOffsets.uasset" 2113
"../../../Engine/Content/Functions/Engine_MaterialFunctions01/ImageAdjustment/BlurSampleOffsets.uexp" 2114
"../../../Engine/Content/Functions/Engine_MaterialFunctions01/Texturing/BitMask.uasset" 2115
"../../../Engine/Content/Functions/Engine_MaterialFunctions01/Texturing/BitMask.uexp" 2116
"C:/Users/fputi/Documents/GitHub/BuscaMines/Content/FP/Materials/Materials_Global/Master_Materials/M_Outlines.uasset" 2117
"C:/Users/fputi/Documents/GitHub/BuscaMines/Content/FP/Materials/Materials_Global/Master_Materials/M_Outlines.uexp" 2118
"C:/Users/fputi/Documents/GitHub/BuscaMines/Content/FP/Materials/Materials_Global/Instance_Materials/MI_Outlines.uasset" 2119
"C:/Users/fputi/Documents/GitHub/BuscaMines/Content/FP/Materials/Materials_Global/Instance_Materials/MI_Outlines.uexp" 2120
"C:/Users/fputi/Documents/GitHub/BuscaMines/Content/FP/BluePrints/Assets_BP/BP_bounds.uasset" 2121
"C:/Users/fputi/Documents/GitHub/BuscaMines/Content/FP/BluePrints/Assets_BP/BP_bounds.uexp" 2122
"C:/Users/fputi/Documents/GitHub/BuscaMines/Content/FP/Meshes/Follaje/ToonLab_follage_2/Flower4.ubulk" 2123
"C:/Users/fputi/Documents/GitHub/BuscaMines/Content/FP/Meshes/Follaje/ToonLab_follage_2/Flower4.uasset" 2124
"C:/Users/fputi/Documents/GitHub/BuscaMines/Content/FP/Meshes/Follaje/ToonLab_follage_2/Flower4.uexp" 2125
"C:/Users/fputi/Documents/GitHub/BuscaMines/Content/FP/Meshes/Follaje/ToonLab_follage_2/Flower1.ubulk" 2126
"C:/Users/fputi/Documents/GitHub/BuscaMines/Content/FP/Meshes/Follaje/ToonLab_follage_2/Flower1.uasset" 2127
"C:/Users/fputi/Documents/GitHub/BuscaMines/Content/FP/Meshes/Follaje/ToonLab_follage_2/Flower1.uexp" 2128
"C:/Users/fputi/Documents/GitHub/BuscaMines/Content/FP/BluePrints/Global_BP/Structures/Struct_PCG_Mesh.uasset" 2129
"C:/Users/fputi/Documents/GitHub/BuscaMines/Content/FP/BluePrints/Global_BP/Structures/Struct_PCG_Mesh.uexp" 2130
"C:/Users/fputi/Documents/GitHub/BuscaMines/Content/FP/BluePrints/Global_BP/PCG/PCG_subGraph_spacial_distribution.uasset" 2131
"C:/Users/fputi/Documents/GitHub/BuscaMines/Content/FP/BluePrints/Global_BP/PCG/PCG_subGraph_spacial_distribution.uexp" 2132
"C:/Users/fputi/Documents/GitHub/BuscaMines/Content/FP/BluePrints/Global_BP/PCG/PCG_subGraph_aproach_distribution.uasset" 2133
"C:/Users/fputi/Documents/GitHub/BuscaMines/Content/FP/BluePrints/Global_BP/PCG/PCG_subGraph_aproach_distribution.uexp" 2134
"C:/Users/fputi/Documents/GitHub/BuscaMines/Content/FP/BluePrints/Global_BP/PCG/PCG_Forest.uasset" 2135
"C:/Users/fputi/Documents/GitHub/BuscaMines/Content/FP/BluePrints/Global_BP/PCG/PCG_Forest.uexp" 2136
"C:/Users/fputi/Documents/GitHub/BuscaMines/Content/FP/BluePrints/Assets_BP/PCG/A_PCG_Master.uasset" 2137
"C:/Users/fputi/Documents/GitHub/BuscaMines/Content/FP/BluePrints/Assets_BP/PCG/A_PCG_Master.uexp" 2138
"C:/Users/fputi/Documents/GitHub/BuscaMines/Content/FP/BluePrints/Assets_BP/PCG/A_PCG_Forest.uasset" 2139
"C:/Users/fputi/Documents/GitHub/BuscaMines/Content/FP/BluePrints/Assets_BP/PCG/A_PCG_Forest.uexp" 2140
"C:/Users/fputi/Documents/GitHub/BuscaMines/Content/FP/BluePrints/Global_BP/Managers/Enviroment/BP_Enviroment_Manager.uasset" 2141
"C:/Users/fputi/Documents/GitHub/BuscaMines/Content/FP/BluePrints/Global_BP/Managers/Enviroment/BP_Enviroment_Manager.uexp" 2142
"C:/Users/fputi/Documents/GitHub/BuscaMines/Content/FP/BluePrints/Global_BP/Interfaces/BPI_PlayerStart.uasset" 2143
"C:/Users/fputi/Documents/GitHub/BuscaMines/Content/FP/BluePrints/Global_BP/Interfaces/BPI_PlayerStart.uexp" 2144
"../../../Engine/Content/BasicShapes/Plane.ubulk" 2145
"../../../Engine/Content/BasicShapes/Plane.uasset" 2146
"../../../Engine/Content/BasicShapes/Plane.uexp" 2147
"C:/Users/fputi/Documents/GitHub/BuscaMines/Content/FP/Props/Kobo_ForestVillage/Textures/T-Normal/T-N-Rock-04.ubulk" 2148
"C:/Users/fputi/Documents/GitHub/BuscaMines/Content/FP/Props/Kobo_ForestVillage/Textures/T-Normal/T-N-Rock-04.uasset" 2149
"C:/Users/fputi/Documents/GitHub/BuscaMines/Content/FP/Props/Kobo_ForestVillage/Textures/T-Normal/T-N-Rock-04.uexp" 2150
"C:/Users/fputi/Documents/GitHub/BuscaMines/Content/FP/Props/Kobo_ForestVillage/Textures/T-Albedo/T-A-Rock-04.ubulk" 2151
"C:/Users/fputi/Documents/GitHub/BuscaMines/Content/FP/Props/Kobo_ForestVillage/Textures/T-Albedo/T-A-Rock-04.uasset" 2152
"C:/Users/fputi/Documents/GitHub/BuscaMines/Content/FP/Props/Kobo_ForestVillage/Textures/T-Albedo/T-A-Rock-04.uexp" 2153
"C:/Users/fputi/Documents/GitHub/BuscaMines/Content/FP/Props/Kobo_ForestVillage/Materials/MPC-WindSettings.uasset" 2154
"C:/Users/fputi/Documents/GitHub/BuscaMines/Content/FP/Props/Kobo_ForestVillage/Materials/MPC-WindSettings.uexp" 2155
"C:/Users/fputi/Documents/GitHub/BuscaMines/Content/FP/Props/Kobo_ForestVillage/Textures/T-Normal/T-N-Blank.ubulk" 2156
"C:/Users/fputi/Documents/GitHub/BuscaMines/Content/FP/Props/Kobo_ForestVillage/Textures/T-Normal/T-N-Blank.uasset" 2157
"C:/Users/fputi/Documents/GitHub/BuscaMines/Content/FP/Props/Kobo_ForestVillage/Textures/T-Normal/T-N-Blank.uexp" 2158
"C:/Users/fputi/Documents/GitHub/BuscaMines/Content/FP/Props/Kobo_ForestVillage/Textures/T-Albedo/T-A-Blank-01.ubulk" 2159
"C:/Users/fputi/Documents/GitHub/BuscaMines/Content/FP/Props/Kobo_ForestVillage/Textures/T-Albedo/T-A-Blank-01.uasset" 2160
"C:/Users/fputi/Documents/GitHub/BuscaMines/Content/FP/Props/Kobo_ForestVillage/Textures/T-Albedo/T-A-Blank-01.uexp" 2161
"C:/Users/fputi/Documents/GitHub/BuscaMines/Content/FP/Props/Kobo_ForestVillage/Materials/M-Master/M-ClayMaster.uasset" 2162
"C:/Users/fputi/Documents/GitHub/BuscaMines/Content/FP/Props/Kobo_ForestVillage/Materials/M-Master/M-ClayMaster.uexp" 2163
"C:/Users/fputi/Documents/GitHub/BuscaMines/Content/FP/Props/Kobo_ForestVillage/Materials/M-Instances/MI-Rock-04.uasset" 2164
"C:/Users/fputi/Documents/GitHub/BuscaMines/Content/FP/Props/Kobo_ForestVillage/Materials/M-Instances/MI-Rock-04.uexp" 2165
"C:/Users/fputi/Documents/GitHub/BuscaMines/Content/FP/Props/Kobo_ForestVillage/Meshes/SM-Rock-04.ubulk" 2166
"C:/Users/fputi/Documents/GitHub/BuscaMines/Content/FP/Props/Kobo_ForestVillage/Meshes/SM-Rock-04.uasset" 2167
"C:/Users/fputi/Documents/GitHub/BuscaMines/Content/FP/Props/Kobo_ForestVillage/Meshes/SM-Rock-04.uexp" 2168
"C:/Users/fputi/Documents/GitHub/BuscaMines/Content/FP/Props/Kobo_ForestVillage/Textures/T-Normal/T-N-Rock-03.ubulk" 2169
"C:/Users/fputi/Documents/GitHub/BuscaMines/Content/FP/Props/Kobo_ForestVillage/Textures/T-Normal/T-N-Rock-03.uasset" 2170
"C:/Users/fputi/Documents/GitHub/BuscaMines/Content/FP/Props/Kobo_ForestVillage/Textures/T-Normal/T-N-Rock-03.uexp" 2171
"C:/Users/fputi/Documents/GitHub/BuscaMines/Content/FP/Props/Kobo_ForestVillage/Textures/T-Albedo/T-A-Rock-03.ubulk" 2172
"C:/Users/fputi/Documents/GitHub/BuscaMines/Content/FP/Props/Kobo_ForestVillage/Textures/T-Albedo/T-A-Rock-03.uasset" 2173
"C:/Users/fputi/Documents/GitHub/BuscaMines/Content/FP/Props/Kobo_ForestVillage/Textures/T-Albedo/T-A-Rock-03.uexp" 2174
"C:/Users/fputi/Documents/GitHub/BuscaMines/Content/FP/Props/Kobo_ForestVillage/Materials/M-Instances/MI-Rock-03.uasset" 2175
"C:/Users/fputi/Documents/GitHub/BuscaMines/Content/FP/Props/Kobo_ForestVillage/Materials/M-Instances/MI-Rock-03.uexp" 2176
"C:/Users/fputi/Documents/GitHub/BuscaMines/Content/FP/Props/Kobo_ForestVillage/Meshes/SM-Rock-03.ubulk" 2177
"C:/Users/fputi/Documents/GitHub/BuscaMines/Content/FP/Props/Kobo_ForestVillage/Meshes/SM-Rock-03.uasset" 2178
"C:/Users/fputi/Documents/GitHub/BuscaMines/Content/FP/Props/Kobo_ForestVillage/Meshes/SM-Rock-03.uexp" 2179
"C:/Users/fputi/Documents/GitHub/BuscaMines/Content/FP/Props/Kobo_ForestVillage/Textures/T-Normal/T-N-Rock-02.ubulk" 2180
"C:/Users/fputi/Documents/GitHub/BuscaMines/Content/FP/Props/Kobo_ForestVillage/Textures/T-Normal/T-N-Rock-02.uasset" 2181
"C:/Users/fputi/Documents/GitHub/BuscaMines/Content/FP/Props/Kobo_ForestVillage/Textures/T-Normal/T-N-Rock-02.uexp" 2182
"C:/Users/fputi/Documents/GitHub/BuscaMines/Content/FP/Props/Kobo_ForestVillage/Textures/T-Albedo/T-A-Rock-02.ubulk" 2183
"C:/Users/fputi/Documents/GitHub/BuscaMines/Content/FP/Props/Kobo_ForestVillage/Textures/T-Albedo/T-A-Rock-02.uasset" 2184
"C:/Users/fputi/Documents/GitHub/BuscaMines/Content/FP/Props/Kobo_ForestVillage/Textures/T-Albedo/T-A-Rock-02.uexp" 2185
"C:/Users/fputi/Documents/GitHub/BuscaMines/Content/FP/Props/Kobo_ForestVillage/Materials/M-Instances/MI-Rock-02.uasset" 2186
"C:/Users/fputi/Documents/GitHub/BuscaMines/Content/FP/Props/Kobo_ForestVillage/Materials/M-Instances/MI-Rock-02.uexp" 2187
"C:/Users/fputi/Documents/GitHub/BuscaMines/Content/FP/Props/Kobo_ForestVillage/Meshes/SM-Rock-02.ubulk" 2188
"C:/Users/fputi/Documents/GitHub/BuscaMines/Content/FP/Props/Kobo_ForestVillage/Meshes/SM-Rock-02.uasset" 2189
"C:/Users/fputi/Documents/GitHub/BuscaMines/Content/FP/Props/Kobo_ForestVillage/Meshes/SM-Rock-02.uexp" 2190
"C:/Users/fputi/Documents/GitHub/BuscaMines/Content/FP/Props/Kobo_ForestVillage/Textures/T-Normal/T-N-Rock-01.ubulk" 2191
"C:/Users/fputi/Documents/GitHub/BuscaMines/Content/FP/Props/Kobo_ForestVillage/Textures/T-Normal/T-N-Rock-01.uasset" 2192
"C:/Users/fputi/Documents/GitHub/BuscaMines/Content/FP/Props/Kobo_ForestVillage/Textures/T-Normal/T-N-Rock-01.uexp" 2193
"C:/Users/fputi/Documents/GitHub/BuscaMines/Content/FP/Props/Kobo_ForestVillage/Textures/T-Albedo/T-A-Rock-01.ubulk" 2194
"C:/Users/fputi/Documents/GitHub/BuscaMines/Content/FP/Props/Kobo_ForestVillage/Textures/T-Albedo/T-A-Rock-01.uasset" 2195
"C:/Users/fputi/Documents/GitHub/BuscaMines/Content/FP/Props/Kobo_ForestVillage/Textures/T-Albedo/T-A-Rock-01.uexp" 2196
"C:/Users/fputi/Documents/GitHub/BuscaMines/Content/FP/Props/Kobo_ForestVillage/Materials/M-Instances/MI-Rock-01.uasset" 2197
"C:/Users/fputi/Documents/GitHub/BuscaMines/Content/FP/Props/Kobo_ForestVillage/Materials/M-Instances/MI-Rock-01.uexp" 2198
"C:/Users/fputi/Documents/GitHub/BuscaMines/Content/FP/Props/Kobo_ForestVillage/Meshes/SM-Rock-01.ubulk" 2199
"C:/Users/fputi/Documents/GitHub/BuscaMines/Content/FP/Props/Kobo_ForestVillage/Meshes/SM-Rock-01.uasset" 2200
"C:/Users/fputi/Documents/GitHub/BuscaMines/Content/FP/Props/Kobo_ForestVillage/Meshes/SM-Rock-01.uexp" 2201
"C:/Users/fputi/Documents/GitHub/BuscaMines/Content/FP/Props/Kobo_ForestVillage/Textures/T-Normal/T-N-Pot-01.ubulk" 2202
"C:/Users/fputi/Documents/GitHub/BuscaMines/Content/FP/Props/Kobo_ForestVillage/Textures/T-Normal/T-N-Pot-01.uasset" 2203
"C:/Users/fputi/Documents/GitHub/BuscaMines/Content/FP/Props/Kobo_ForestVillage/Textures/T-Normal/T-N-Pot-01.uexp" 2204
"C:/Users/fputi/Documents/GitHub/BuscaMines/Content/FP/Props/Kobo_ForestVillage/Textures/T-Albedo/T-A-Pot-01.ubulk" 2205
"C:/Users/fputi/Documents/GitHub/BuscaMines/Content/FP/Props/Kobo_ForestVillage/Textures/T-Albedo/T-A-Pot-01.uasset" 2206
"C:/Users/fputi/Documents/GitHub/BuscaMines/Content/FP/Props/Kobo_ForestVillage/Textures/T-Albedo/T-A-Pot-01.uexp" 2207
"C:/Users/fputi/Documents/GitHub/BuscaMines/Content/FP/Props/Kobo_ForestVillage/Materials/M-Instances/MI-Pot-01.uasset" 2208
"C:/Users/fputi/Documents/GitHub/BuscaMines/Content/FP/Props/Kobo_ForestVillage/Materials/M-Instances/MI-Pot-01.uexp" 2209
"C:/Users/fputi/Documents/GitHub/BuscaMines/Content/FP/Props/Kobo_ForestVillage/Meshes/SM-Pot-01.ubulk" 2210
"C:/Users/fputi/Documents/GitHub/BuscaMines/Content/FP/Props/Kobo_ForestVillage/Meshes/SM-Pot-01.uasset" 2211
"C:/Users/fputi/Documents/GitHub/BuscaMines/Content/FP/Props/Kobo_ForestVillage/Meshes/SM-Pot-01.uexp" 2212
"C:/Users/fputi/Documents/GitHub/BuscaMines/Content/FP/Props/Kobo_ForestVillage/Textures/T-Normal/T-N-Path-06.ubulk" 2213
"C:/Users/fputi/Documents/GitHub/BuscaMines/Content/FP/Props/Kobo_ForestVillage/Textures/T-Normal/T-N-Path-06.uasset" 2214
"C:/Users/fputi/Documents/GitHub/BuscaMines/Content/FP/Props/Kobo_ForestVillage/Textures/T-Normal/T-N-Path-06.uexp" 2215
"C:/Users/fputi/Documents/GitHub/BuscaMines/Content/FP/Props/Kobo_ForestVillage/Textures/T-Albedo/T-A-Path-06.ubulk" 2216
"C:/Users/fputi/Documents/GitHub/BuscaMines/Content/FP/Props/Kobo_ForestVillage/Textures/T-Albedo/T-A-Path-06.uasset" 2217
"C:/Users/fputi/Documents/GitHub/BuscaMines/Content/FP/Props/Kobo_ForestVillage/Textures/T-Albedo/T-A-Path-06.uexp" 2218
"C:/Users/fputi/Documents/GitHub/BuscaMines/Content/FP/Props/Kobo_ForestVillage/Materials/M-Instances/MI-Path-06.uasset" 2219
"C:/Users/fputi/Documents/GitHub/BuscaMines/Content/FP/Props/Kobo_ForestVillage/Materials/M-Instances/MI-Path-06.uexp" 2220
"C:/Users/fputi/Documents/GitHub/BuscaMines/Content/FP/Props/Kobo_ForestVillage/Meshes/SM-Path-06.ubulk" 2221
"C:/Users/fputi/Documents/GitHub/BuscaMines/Content/FP/Props/Kobo_ForestVillage/Meshes/SM-Path-06.uasset" 2222
"C:/Users/fputi/Documents/GitHub/BuscaMines/Content/FP/Props/Kobo_ForestVillage/Meshes/SM-Path-06.uexp" 2223
"C:/Users/fputi/Documents/GitHub/BuscaMines/Content/FP/Props/Kobo_ForestVillage/Textures/T-Normal/T-N-Path-05.ubulk" 2224
"C:/Users/fputi/Documents/GitHub/BuscaMines/Content/FP/Props/Kobo_ForestVillage/Textures/T-Normal/T-N-Path-05.uasset" 2225
"C:/Users/fputi/Documents/GitHub/BuscaMines/Content/FP/Props/Kobo_ForestVillage/Textures/T-Normal/T-N-Path-05.uexp" 2226
"C:/Users/fputi/Documents/GitHub/BuscaMines/Content/FP/Props/Kobo_ForestVillage/Textures/T-Albedo/T-A-Path-05.ubulk" 2227
"C:/Users/fputi/Documents/GitHub/BuscaMines/Content/FP/Props/Kobo_ForestVillage/Textures/T-Albedo/T-A-Path-05.uasset" 2228
"C:/Users/fputi/Documents/GitHub/BuscaMines/Content/FP/Props/Kobo_ForestVillage/Textures/T-Albedo/T-A-Path-05.uexp" 2229
"C:/Users/fputi/Documents/GitHub/BuscaMines/Content/FP/Props/Kobo_ForestVillage/Materials/M-Instances/MI-Path-05.uasset" 2230
"C:/Users/fputi/Documents/GitHub/BuscaMines/Content/FP/Props/Kobo_ForestVillage/Materials/M-Instances/MI-Path-05.uexp" 2231
"C:/Users/fputi/Documents/GitHub/BuscaMines/Content/FP/Props/Kobo_ForestVillage/Meshes/SM-Path-05.ubulk" 2232
"C:/Users/fputi/Documents/GitHub/BuscaMines/Content/FP/Props/Kobo_ForestVillage/Meshes/SM-Path-05.uasset" 2233
"C:/Users/fputi/Documents/GitHub/BuscaMines/Content/FP/Props/Kobo_ForestVillage/Meshes/SM-Path-05.uexp" 2234
"C:/Users/fputi/Documents/GitHub/BuscaMines/Content/FP/Props/Kobo_ForestVillage/Textures/T-Normal/T-N-Path-04.ubulk" 2235
"C:/Users/fputi/Documents/GitHub/BuscaMines/Content/FP/Props/Kobo_ForestVillage/Textures/T-Normal/T-N-Path-04.uasset" 2236
"C:/Users/fputi/Documents/GitHub/BuscaMines/Content/FP/Props/Kobo_ForestVillage/Textures/T-Normal/T-N-Path-04.uexp" 2237
"C:/Users/fputi/Documents/GitHub/BuscaMines/Content/FP/Props/Kobo_ForestVillage/Textures/T-Albedo/T-A-Path-04.ubulk" 2238
"C:/Users/fputi/Documents/GitHub/BuscaMines/Content/FP/Props/Kobo_ForestVillage/Textures/T-Albedo/T-A-Path-04.uasset" 2239
"C:/Users/fputi/Documents/GitHub/BuscaMines/Content/FP/Props/Kobo_ForestVillage/Textures/T-Albedo/T-A-Path-04.uexp" 2240
"C:/Users/fputi/Documents/GitHub/BuscaMines/Content/FP/Props/Kobo_ForestVillage/Materials/M-Instances/MI-Path-04.uasset" 2241
"C:/Users/fputi/Documents/GitHub/BuscaMines/Content/FP/Props/Kobo_ForestVillage/Materials/M-Instances/MI-Path-04.uexp" 2242
"C:/Users/fputi/Documents/GitHub/BuscaMines/Content/FP/Props/Kobo_ForestVillage/Meshes/SM-Path-04.ubulk" 2243
"C:/Users/fputi/Documents/GitHub/BuscaMines/Content/FP/Props/Kobo_ForestVillage/Meshes/SM-Path-04.uasset" 2244
"C:/Users/fputi/Documents/GitHub/BuscaMines/Content/FP/Props/Kobo_ForestVillage/Meshes/SM-Path-04.uexp" 2245
"C:/Users/fputi/Documents/GitHub/BuscaMines/Content/FP/Props/Kobo_ForestVillage/Textures/T-Normal/T-N-Path-02.ubulk" 2246
"C:/Users/fputi/Documents/GitHub/BuscaMines/Content/FP/Props/Kobo_ForestVillage/Textures/T-Normal/T-N-Path-02.uasset" 2247
"C:/Users/fputi/Documents/GitHub/BuscaMines/Content/FP/Props/Kobo_ForestVillage/Textures/T-Normal/T-N-Path-02.uexp" 2248
"C:/Users/fputi/Documents/GitHub/BuscaMines/Content/FP/Props/Kobo_ForestVillage/Textures/T-Albedo/T-A-Path-02.ubulk" 2249
"C:/Users/fputi/Documents/GitHub/BuscaMines/Content/FP/Props/Kobo_ForestVillage/Textures/T-Albedo/T-A-Path-02.uasset" 2250
"C:/Users/fputi/Documents/GitHub/BuscaMines/Content/FP/Props/Kobo_ForestVillage/Textures/T-Albedo/T-A-Path-02.uexp" 2251
"C:/Users/fputi/Documents/GitHub/BuscaMines/Content/FP/Props/Kobo_ForestVillage/Materials/M-Instances/MI-Path-02.uasset" 2252
"C:/Users/fputi/Documents/GitHub/BuscaMines/Content/FP/Props/Kobo_ForestVillage/Materials/M-Instances/MI-Path-02.uexp" 2253
"C:/Users/fputi/Documents/GitHub/BuscaMines/Content/FP/Props/Kobo_ForestVillage/Meshes/SM-Path-02.ubulk" 2254
"C:/Users/fputi/Documents/GitHub/BuscaMines/Content/FP/Props/Kobo_ForestVillage/Meshes/SM-Path-02.uasset" 2255
"C:/Users/fputi/Documents/GitHub/BuscaMines/Content/FP/Props/Kobo_ForestVillage/Meshes/SM-Path-02.uexp" 2256
"C:/Users/fputi/Documents/GitHub/BuscaMines/Content/FP/Props/Kobo_ForestVillage/Textures/T-Normal/T-N-House-03-01.ubulk" 2257
"C:/Users/fputi/Documents/GitHub/BuscaMines/Content/FP/Props/Kobo_ForestVillage/Textures/T-Normal/T-N-House-03-01.uasset" 2258
"C:/Users/fputi/Documents/GitHub/BuscaMines/Content/FP/Props/Kobo_ForestVillage/Textures/T-Normal/T-N-House-03-01.uexp" 2259
"C:/Users/fputi/Documents/GitHub/BuscaMines/Content/FP/Props/Kobo_ForestVillage/Textures/T-Albedo/T-A-House-03-01.ubulk" 2260
"C:/Users/fputi/Documents/GitHub/BuscaMines/Content/FP/Props/Kobo_ForestVillage/Textures/T-Albedo/T-A-House-03-01.uasset" 2261
"C:/Users/fputi/Documents/GitHub/BuscaMines/Content/FP/Props/Kobo_ForestVillage/Textures/T-Albedo/T-A-House-03-01.uexp" 2262
"C:/Users/fputi/Documents/GitHub/BuscaMines/Content/FP/Props/Kobo_ForestVillage/Materials/M-Instances/MI-House-03-01.uasset" 2263
"C:/Users/fputi/Documents/GitHub/BuscaMines/Content/FP/Props/Kobo_ForestVillage/Materials/M-Instances/MI-House-03-01.uexp" 2264
"C:/Users/fputi/Documents/GitHub/BuscaMines/Content/FP/Props/Kobo_ForestVillage/Textures/T-Normal/T-N-House-03-02.ubulk" 2265
"C:/Users/fputi/Documents/GitHub/BuscaMines/Content/FP/Props/Kobo_ForestVillage/Textures/T-Normal/T-N-House-03-02.uasset" 2266
"C:/Users/fputi/Documents/GitHub/BuscaMines/Content/FP/Props/Kobo_ForestVillage/Textures/T-Normal/T-N-House-03-02.uexp" 2267
"C:/Users/fputi/Documents/GitHub/BuscaMines/Content/FP/Props/Kobo_ForestVillage/Textures/T-Albedo/T-A-House-03-02.ubulk" 2268
"C:/Users/fputi/Documents/GitHub/BuscaMines/Content/FP/Props/Kobo_ForestVillage/Textures/T-Albedo/T-A-House-03-02.uasset" 2269
"C:/Users/fputi/Documents/GitHub/BuscaMines/Content/FP/Props/Kobo_ForestVillage/Textures/T-Albedo/T-A-House-03-02.uexp" 2270
"C:/Users/fputi/Documents/GitHub/BuscaMines/Content/FP/Props/Kobo_ForestVillage/Materials/M-Instances/MI-House-03-02.uasset" 2271
"C:/Users/fputi/Documents/GitHub/BuscaMines/Content/FP/Props/Kobo_ForestVillage/Materials/M-Instances/MI-House-03-02.uexp" 2272
"C:/Users/fputi/Documents/GitHub/BuscaMines/Content/FP/Props/Kobo_ForestVillage/Textures/T-Normal/T-N-House-03-03.ubulk" 2273
"C:/Users/fputi/Documents/GitHub/BuscaMines/Content/FP/Props/Kobo_ForestVillage/Textures/T-Normal/T-N-House-03-03.uasset" 2274
"C:/Users/fputi/Documents/GitHub/BuscaMines/Content/FP/Props/Kobo_ForestVillage/Textures/T-Normal/T-N-House-03-03.uexp" 2275
"C:/Users/fputi/Documents/GitHub/BuscaMines/Content/FP/Props/Kobo_ForestVillage/Textures/T-Albedo/T-A-House-03-03.ubulk" 2276
"C:/Users/fputi/Documents/GitHub/BuscaMines/Content/FP/Props/Kobo_ForestVillage/Textures/T-Albedo/T-A-House-03-03.uasset" 2277
"C:/Users/fputi/Documents/GitHub/BuscaMines/Content/FP/Props/Kobo_ForestVillage/Textures/T-Albedo/T-A-House-03-03.uexp" 2278
"C:/Users/fputi/Documents/GitHub/BuscaMines/Content/FP/Props/Kobo_ForestVillage/Materials/M-Instances/MI-House-03-03.uasset" 2279
"C:/Users/fputi/Documents/GitHub/BuscaMines/Content/FP/Props/Kobo_ForestVillage/Materials/M-Instances/MI-House-03-03.uexp" 2280
"C:/Users/fputi/Documents/GitHub/BuscaMines/Content/FP/Props/Kobo_ForestVillage/Textures/T-Normal/T-N-House-03-04.ubulk" 2281
"C:/Users/fputi/Documents/GitHub/BuscaMines/Content/FP/Props/Kobo_ForestVillage/Textures/T-Normal/T-N-House-03-04.uasset" 2282
"C:/Users/fputi/Documents/GitHub/BuscaMines/Content/FP/Props/Kobo_ForestVillage/Textures/T-Normal/T-N-House-03-04.uexp" 2283
"C:/Users/fputi/Documents/GitHub/BuscaMines/Content/FP/Props/Kobo_ForestVillage/Textures/T-Albedo/T-A-House-03-04.ubulk" 2284
"C:/Users/fputi/Documents/GitHub/BuscaMines/Content/FP/Props/Kobo_ForestVillage/Textures/T-Albedo/T-A-House-03-04.uasset" 2285
"C:/Users/fputi/Documents/GitHub/BuscaMines/Content/FP/Props/Kobo_ForestVillage/Textures/T-Albedo/T-A-House-03-04.uexp" 2286
"C:/Users/fputi/Documents/GitHub/BuscaMines/Content/FP/Props/Kobo_ForestVillage/Materials/M-Instances/MI-House-03-04.uasset" 2287
"C:/Users/fputi/Documents/GitHub/BuscaMines/Content/FP/Props/Kobo_ForestVillage/Materials/M-Instances/MI-House-03-04.uexp" 2288
"C:/Users/fputi/Documents/GitHub/BuscaMines/Content/FP/Props/Kobo_ForestVillage/Materials/M-Instances/MI-Blank-02.uasset" 2289
"C:/Users/fputi/Documents/GitHub/BuscaMines/Content/FP/Props/Kobo_ForestVillage/Materials/M-Instances/MI-Blank-02.uexp" 2290
"C:/Users/fputi/Documents/GitHub/BuscaMines/Content/FP/Props/Kobo_ForestVillage/Meshes/SM-House-03.ubulk" 2291
"C:/Users/fputi/Documents/GitHub/BuscaMines/Content/FP/Props/Kobo_ForestVillage/Meshes/SM-House-03.uasset" 2292
"C:/Users/fputi/Documents/GitHub/BuscaMines/Content/FP/Props/Kobo_ForestVillage/Meshes/SM-House-03.uexp" 2293
"C:/Users/fputi/Documents/GitHub/BuscaMines/Content/FP/Props/Kobo_ForestVillage/Textures/T-Normal/T-N-House-02-01.ubulk" 2294
"C:/Users/fputi/Documents/GitHub/BuscaMines/Content/FP/Props/Kobo_ForestVillage/Textures/T-Normal/T-N-House-02-01.uasset" 2295
"C:/Users/fputi/Documents/GitHub/BuscaMines/Content/FP/Props/Kobo_ForestVillage/Textures/T-Normal/T-N-House-02-01.uexp" 2296
"C:/Users/fputi/Documents/GitHub/BuscaMines/Content/FP/Props/Kobo_ForestVillage/Textures/T-Albedo/T-A-House-02-01.ubulk" 2297
"C:/Users/fputi/Documents/GitHub/BuscaMines/Content/FP/Props/Kobo_ForestVillage/Textures/T-Albedo/T-A-House-02-01.uasset" 2298
"C:/Users/fputi/Documents/GitHub/BuscaMines/Content/FP/Props/Kobo_ForestVillage/Textures/T-Albedo/T-A-House-02-01.uexp" 2299
"C:/Users/fputi/Documents/GitHub/BuscaMines/Content/FP/Props/Kobo_ForestVillage/Materials/M-Instances/MI-House-02-01.uasset" 2300
"C:/Users/fputi/Documents/GitHub/BuscaMines/Content/FP/Props/Kobo_ForestVillage/Materials/M-Instances/MI-House-02-01.uexp" 2301
"C:/Users/fputi/Documents/GitHub/BuscaMines/Content/FP/Props/Kobo_ForestVillage/Textures/T-Normal/T-N-House-02-02.ubulk" 2302
"C:/Users/fputi/Documents/GitHub/BuscaMines/Content/FP/Props/Kobo_ForestVillage/Textures/T-Normal/T-N-House-02-02.uasset" 2303
"C:/Users/fputi/Documents/GitHub/BuscaMines/Content/FP/Props/Kobo_ForestVillage/Textures/T-Normal/T-N-House-02-02.uexp" 2304
"C:/Users/fputi/Documents/GitHub/BuscaMines/Content/FP/Props/Kobo_ForestVillage/Textures/T-Albedo/T-A-House-02-02.ubulk" 2305
"C:/Users/fputi/Documents/GitHub/BuscaMines/Content/FP/Props/Kobo_ForestVillage/Textures/T-Albedo/T-A-House-02-02.uasset" 2306
"C:/Users/fputi/Documents/GitHub/BuscaMines/Content/FP/Props/Kobo_ForestVillage/Textures/T-Albedo/T-A-House-02-02.uexp" 2307
"C:/Users/fputi/Documents/GitHub/BuscaMines/Content/FP/Props/Kobo_ForestVillage/Materials/M-Instances/MI-House-02-02.uasset" 2308
"C:/Users/fputi/Documents/GitHub/BuscaMines/Content/FP/Props/Kobo_ForestVillage/Materials/M-Instances/MI-House-02-02.uexp" 2309
"C:/Users/fputi/Documents/GitHub/BuscaMines/Content/FP/Props/Kobo_ForestVillage/Textures/T-Normal/T-N-House-02-03.ubulk" 2310
"C:/Users/fputi/Documents/GitHub/BuscaMines/Content/FP/Props/Kobo_ForestVillage/Textures/T-Normal/T-N-House-02-03.uasset" 2311
"C:/Users/fputi/Documents/GitHub/BuscaMines/Content/FP/Props/Kobo_ForestVillage/Textures/T-Normal/T-N-House-02-03.uexp" 2312
"C:/Users/fputi/Documents/GitHub/BuscaMines/Content/FP/Props/Kobo_ForestVillage/Textures/T-Albedo/T-A-House-02-03.ubulk" 2313
"C:/Users/fputi/Documents/GitHub/BuscaMines/Content/FP/Props/Kobo_ForestVillage/Textures/T-Albedo/T-A-House-02-03.uasset" 2314
"C:/Users/fputi/Documents/GitHub/BuscaMines/Content/FP/Props/Kobo_ForestVillage/Textures/T-Albedo/T-A-House-02-03.uexp" 2315
"C:/Users/fputi/Documents/GitHub/BuscaMines/Content/FP/Props/Kobo_ForestVillage/Materials/M-Instances/MI-House-02-03.uasset" 2316
"C:/Users/fputi/Documents/GitHub/BuscaMines/Content/FP/Props/Kobo_ForestVillage/Materials/M-Instances/MI-House-02-03.uexp" 2317
"C:/Users/fputi/Documents/GitHub/BuscaMines/Content/FP/Props/Kobo_ForestVillage/Textures/T-Normal/T-N-House-02-04.ubulk" 2318
"C:/Users/fputi/Documents/GitHub/BuscaMines/Content/FP/Props/Kobo_ForestVillage/Textures/T-Normal/T-N-House-02-04.uasset" 2319
"C:/Users/fputi/Documents/GitHub/BuscaMines/Content/FP/Props/Kobo_ForestVillage/Textures/T-Normal/T-N-House-02-04.uexp" 2320
"C:/Users/fputi/Documents/GitHub/BuscaMines/Content/FP/Props/Kobo_ForestVillage/Textures/T-Albedo/T-A-House-02-04.ubulk" 2321
"C:/Users/fputi/Documents/GitHub/BuscaMines/Content/FP/Props/Kobo_ForestVillage/Textures/T-Albedo/T-A-House-02-04.uasset" 2322
"C:/Users/fputi/Documents/GitHub/BuscaMines/Content/FP/Props/Kobo_ForestVillage/Textures/T-Albedo/T-A-House-02-04.uexp" 2323
"C:/Users/fputi/Documents/GitHub/BuscaMines/Content/FP/Props/Kobo_ForestVillage/Materials/M-Instances/MI-House-02-04.uasset" 2324
"C:/Users/fputi/Documents/GitHub/BuscaMines/Content/FP/Props/Kobo_ForestVillage/Materials/M-Instances/MI-House-02-04.uexp" 2325
"C:/Users/fputi/Documents/GitHub/BuscaMines/Content/FP/Props/Kobo_ForestVillage/Meshes/SM-House-02.ubulk" 2326
"C:/Users/fputi/Documents/GitHub/BuscaMines/Content/FP/Props/Kobo_ForestVillage/Meshes/SM-House-02.uasset" 2327
"C:/Users/fputi/Documents/GitHub/BuscaMines/Content/FP/Props/Kobo_ForestVillage/Meshes/SM-House-02.uexp" 2328
"C:/Users/fputi/Documents/GitHub/BuscaMines/Content/FP/Props/Kobo_ForestVillage/Textures/T-Normal/T-N-House-01-01.ubulk" 2329
"C:/Users/fputi/Documents/GitHub/BuscaMines/Content/FP/Props/Kobo_ForestVillage/Textures/T-Normal/T-N-House-01-01.uasset" 2330
"C:/Users/fputi/Documents/GitHub/BuscaMines/Content/FP/Props/Kobo_ForestVillage/Textures/T-Normal/T-N-House-01-01.uexp" 2331
"C:/Users/fputi/Documents/GitHub/BuscaMines/Content/FP/Props/Kobo_ForestVillage/Textures/T-Albedo/T-A-House-01-01.ubulk" 2332
"C:/Users/fputi/Documents/GitHub/BuscaMines/Content/FP/Props/Kobo_ForestVillage/Textures/T-Albedo/T-A-House-01-01.uasset" 2333
"C:/Users/fputi/Documents/GitHub/BuscaMines/Content/FP/Props/Kobo_ForestVillage/Textures/T-Albedo/T-A-House-01-01.uexp" 2334
"C:/Users/fputi/Documents/GitHub/BuscaMines/Content/FP/Props/Kobo_ForestVillage/Materials/M-Instances/MI-House-01-01.uasset" 2335
"C:/Users/fputi/Documents/GitHub/BuscaMines/Content/FP/Props/Kobo_ForestVillage/Materials/M-Instances/MI-House-01-01.uexp" 2336
"C:/Users/fputi/Documents/GitHub/BuscaMines/Content/FP/Props/Kobo_ForestVillage/Textures/T-Normal/T-N-House-01-02.ubulk" 2337
"C:/Users/fputi/Documents/GitHub/BuscaMines/Content/FP/Props/Kobo_ForestVillage/Textures/T-Normal/T-N-House-01-02.uasset" 2338
"C:/Users/fputi/Documents/GitHub/BuscaMines/Content/FP/Props/Kobo_ForestVillage/Textures/T-Normal/T-N-House-01-02.uexp" 2339
"C:/Users/fputi/Documents/GitHub/BuscaMines/Content/FP/Props/Kobo_ForestVillage/Textures/T-Albedo/T-A-House-01-02.ubulk" 2340
"C:/Users/fputi/Documents/GitHub/BuscaMines/Content/FP/Props/Kobo_ForestVillage/Textures/T-Albedo/T-A-House-01-02.uasset" 2341
"C:/Users/fputi/Documents/GitHub/BuscaMines/Content/FP/Props/Kobo_ForestVillage/Textures/T-Albedo/T-A-House-01-02.uexp" 2342
"C:/Users/fputi/Documents/GitHub/BuscaMines/Content/FP/Props/Kobo_ForestVillage/Materials/M-Instances/MI-House-01-02.uasset" 2343
"C:/Users/fputi/Documents/GitHub/BuscaMines/Content/FP/Props/Kobo_ForestVillage/Materials/M-Instances/MI-House-01-02.uexp" 2344
"C:/Users/fputi/Documents/GitHub/BuscaMines/Content/FP/Props/Kobo_ForestVillage/Textures/T-Normal/T-N-House-01-03.ubulk" 2345
"C:/Users/fputi/Documents/GitHub/BuscaMines/Content/FP/Props/Kobo_ForestVillage/Textures/T-Normal/T-N-House-01-03.uasset" 2346
"C:/Users/fputi/Documents/GitHub/BuscaMines/Content/FP/Props/Kobo_ForestVillage/Textures/T-Normal/T-N-House-01-03.uexp" 2347
"C:/Users/fputi/Documents/GitHub/BuscaMines/Content/FP/Props/Kobo_ForestVillage/Textures/T-Albedo/T-A-House-01-03.ubulk" 2348
"C:/Users/fputi/Documents/GitHub/BuscaMines/Content/FP/Props/Kobo_ForestVillage/Textures/T-Albedo/T-A-House-01-03.uasset" 2349
"C:/Users/fputi/Documents/GitHub/BuscaMines/Content/FP/Props/Kobo_ForestVillage/Textures/T-Albedo/T-A-House-01-03.uexp" 2350
"C:/Users/fputi/Documents/GitHub/BuscaMines/Content/FP/Props/Kobo_ForestVillage/Materials/M-Instances/MI-House-01-03.uasset" 2351
"C:/Users/fputi/Documents/GitHub/BuscaMines/Content/FP/Props/Kobo_ForestVillage/Materials/M-Instances/MI-House-01-03.uexp" 2352
"C:/Users/fputi/Documents/GitHub/BuscaMines/Content/FP/Props/Kobo_ForestVillage/Textures/T-Normal/T-N-House-01-04.ubulk" 2353
"C:/Users/fputi/Documents/GitHub/BuscaMines/Content/FP/Props/Kobo_ForestVillage/Textures/T-Normal/T-N-House-01-04.uasset" 2354
"C:/Users/fputi/Documents/GitHub/BuscaMines/Content/FP/Props/Kobo_ForestVillage/Textures/T-Normal/T-N-House-01-04.uexp" 2355
"C:/Users/fputi/Documents/GitHub/BuscaMines/Content/FP/Props/Kobo_ForestVillage/Textures/T-Albedo/T-A-House-01-04.ubulk" 2356
"C:/Users/fputi/Documents/GitHub/BuscaMines/Content/FP/Props/Kobo_ForestVillage/Textures/T-Albedo/T-A-House-01-04.uasset" 2357
"C:/Users/fputi/Documents/GitHub/BuscaMines/Content/FP/Props/Kobo_ForestVillage/Textures/T-Albedo/T-A-House-01-04.uexp" 2358
"C:/Users/fputi/Documents/GitHub/BuscaMines/Content/FP/Props/Kobo_ForestVillage/Materials/M-Instances/MI-House-01-04.uasset" 2359
"C:/Users/fputi/Documents/GitHub/BuscaMines/Content/FP/Props/Kobo_ForestVillage/Materials/M-Instances/MI-House-01-04.uexp" 2360
"C:/Users/fputi/Documents/GitHub/BuscaMines/Content/FP/Props/Kobo_ForestVillage/Meshes/SM-House-01.ubulk" 2361
"C:/Users/fputi/Documents/GitHub/BuscaMines/Content/FP/Props/Kobo_ForestVillage/Meshes/SM-House-01.uasset" 2362
"C:/Users/fputi/Documents/GitHub/BuscaMines/Content/FP/Props/Kobo_ForestVillage/Meshes/SM-House-01.uexp" 2363
"C:/Users/fputi/Documents/GitHub/BuscaMines/Content/FP/Props/Kobo_ForestVillage/Textures/T-Normal/T-N-Fence-02.ubulk" 2364
"C:/Users/fputi/Documents/GitHub/BuscaMines/Content/FP/Props/Kobo_ForestVillage/Textures/T-Normal/T-N-Fence-02.uasset" 2365
"C:/Users/fputi/Documents/GitHub/BuscaMines/Content/FP/Props/Kobo_ForestVillage/Textures/T-Normal/T-N-Fence-02.uexp" 2366
"C:/Users/fputi/Documents/GitHub/BuscaMines/Content/FP/Props/Kobo_ForestVillage/Textures/T-Albedo/T-A-Fence-02.ubulk" 2367
"C:/Users/fputi/Documents/GitHub/BuscaMines/Content/FP/Props/Kobo_ForestVillage/Textures/T-Albedo/T-A-Fence-02.uasset" 2368
"C:/Users/fputi/Documents/GitHub/BuscaMines/Content/FP/Props/Kobo_ForestVillage/Textures/T-Albedo/T-A-Fence-02.uexp" 2369
"C:/Users/fputi/Documents/GitHub/BuscaMines/Content/FP/Props/Kobo_ForestVillage/Materials/M-Instances/MI-Fence-02.uasset" 2370
"C:/Users/fputi/Documents/GitHub/BuscaMines/Content/FP/Props/Kobo_ForestVillage/Materials/M-Instances/MI-Fence-02.uexp" 2371
"C:/Users/fputi/Documents/GitHub/BuscaMines/Content/FP/Props/Kobo_ForestVillage/Meshes/SM-Fence-02.ubulk" 2372
"C:/Users/fputi/Documents/GitHub/BuscaMines/Content/FP/Props/Kobo_ForestVillage/Meshes/SM-Fence-02.uasset" 2373
"C:/Users/fputi/Documents/GitHub/BuscaMines/Content/FP/Props/Kobo_ForestVillage/Meshes/SM-Fence-02.uexp" 2374
"C:/Users/fputi/Documents/GitHub/BuscaMines/Content/FP/Props/Kobo_ForestVillage/Textures/T-Normal/T-N-Fence-01.ubulk" 2375
"C:/Users/fputi/Documents/GitHub/BuscaMines/Content/FP/Props/Kobo_ForestVillage/Textures/T-Normal/T-N-Fence-01.uasset" 2376
"C:/Users/fputi/Documents/GitHub/BuscaMines/Content/FP/Props/Kobo_ForestVillage/Textures/T-Normal/T-N-Fence-01.uexp" 2377
"C:/Users/fputi/Documents/GitHub/BuscaMines/Content/FP/Props/Kobo_ForestVillage/Textures/T-Albedo/T-A-Fence-01.ubulk" 2378
"C:/Users/fputi/Documents/GitHub/BuscaMines/Content/FP/Props/Kobo_ForestVillage/Textures/T-Albedo/T-A-Fence-01.uasset" 2379
"C:/Users/fputi/Documents/GitHub/BuscaMines/Content/FP/Props/Kobo_ForestVillage/Textures/T-Albedo/T-A-Fence-01.uexp" 2380
"C:/Users/fputi/Documents/GitHub/BuscaMines/Content/FP/Props/Kobo_ForestVillage/Materials/M-Instances/MI-Fence-01.uasset" 2381
"C:/Users/fputi/Documents/GitHub/BuscaMines/Content/FP/Props/Kobo_ForestVillage/Materials/M-Instances/MI-Fence-01.uexp" 2382
"C:/Users/fputi/Documents/GitHub/BuscaMines/Content/FP/Props/Kobo_ForestVillage/Meshes/SM-Fence-01.ubulk" 2383
"C:/Users/fputi/Documents/GitHub/BuscaMines/Content/FP/Props/Kobo_ForestVillage/Meshes/SM-Fence-01.uasset" 2384
"C:/Users/fputi/Documents/GitHub/BuscaMines/Content/FP/Props/Kobo_ForestVillage/Meshes/SM-Fence-01.uexp" 2385
"C:/Users/fputi/Documents/GitHub/BuscaMines/Content/FP/Props/Kobo_ForestVillage/Textures/T-Normal/T-N-Farm-02.ubulk" 2386
"C:/Users/fputi/Documents/GitHub/BuscaMines/Content/FP/Props/Kobo_ForestVillage/Textures/T-Normal/T-N-Farm-02.uasset" 2387
"C:/Users/fputi/Documents/GitHub/BuscaMines/Content/FP/Props/Kobo_ForestVillage/Textures/T-Normal/T-N-Farm-02.uexp" 2388
"C:/Users/fputi/Documents/GitHub/BuscaMines/Content/FP/Props/Kobo_ForestVillage/Textures/T-Albedo/T-A-Farm-02.ubulk" 2389
"C:/Users/fputi/Documents/GitHub/BuscaMines/Content/FP/Props/Kobo_ForestVillage/Textures/T-Albedo/T-A-Farm-02.uasset" 2390
"C:/Users/fputi/Documents/GitHub/BuscaMines/Content/FP/Props/Kobo_ForestVillage/Textures/T-Albedo/T-A-Farm-02.uexp" 2391
"C:/Users/fputi/Documents/GitHub/BuscaMines/Content/FP/Props/Kobo_ForestVillage/Materials/M-Instances/MI-Farm-02.uasset" 2392
"C:/Users/fputi/Documents/GitHub/BuscaMines/Content/FP/Props/Kobo_ForestVillage/Materials/M-Instances/MI-Farm-02.uexp" 2393
"C:/Users/fputi/Documents/GitHub/BuscaMines/Content/FP/Props/Kobo_ForestVillage/Meshes/SM-Farm-02.ubulk" 2394
"C:/Users/fputi/Documents/GitHub/BuscaMines/Content/FP/Props/Kobo_ForestVillage/Meshes/SM-Farm-02.uasset" 2395
"C:/Users/fputi/Documents/GitHub/BuscaMines/Content/FP/Props/Kobo_ForestVillage/Meshes/SM-Farm-02.uexp" 2396
"C:/Users/fputi/Documents/GitHub/BuscaMines/Content/FP/Props/Kobo_ForestVillage/Textures/T-Normal/T-N-Farm-01.ubulk" 2397
"C:/Users/fputi/Documents/GitHub/BuscaMines/Content/FP/Props/Kobo_ForestVillage/Textures/T-Normal/T-N-Farm-01.uasset" 2398
"C:/Users/fputi/Documents/GitHub/BuscaMines/Content/FP/Props/Kobo_ForestVillage/Textures/T-Normal/T-N-Farm-01.uexp" 2399
"C:/Users/fputi/Documents/GitHub/BuscaMines/Content/FP/Props/Kobo_ForestVillage/Textures/T-Albedo/T-A-Farm-01.ubulk" 2400
"C:/Users/fputi/Documents/GitHub/BuscaMines/Content/FP/Props/Kobo_ForestVillage/Textures/T-Albedo/T-A-Farm-01.uasset" 2401
"C:/Users/fputi/Documents/GitHub/BuscaMines/Content/FP/Props/Kobo_ForestVillage/Textures/T-Albedo/T-A-Farm-01.uexp" 2402
"C:/Users/fputi/Documents/GitHub/BuscaMines/Content/FP/Props/Kobo_ForestVillage/Materials/M-Instances/MI-Farm-01.uasset" 2403
"C:/Users/fputi/Documents/GitHub/BuscaMines/Content/FP/Props/Kobo_ForestVillage/Materials/M-Instances/MI-Farm-01.uexp" 2404
"C:/Users/fputi/Documents/GitHub/BuscaMines/Content/FP/Props/Kobo_ForestVillage/Meshes/SM-Farm-01.ubulk" 2405
"C:/Users/fputi/Documents/GitHub/BuscaMines/Content/FP/Props/Kobo_ForestVillage/Meshes/SM-Farm-01.uasset" 2406
"C:/Users/fputi/Documents/GitHub/BuscaMines/Content/FP/Props/Kobo_ForestVillage/Meshes/SM-Farm-01.uexp" 2407
"C:/Users/fputi/Documents/GitHub/BuscaMines/Content/FP/BluePrints/Global_BP/Interfaces/BPI_Player_Initial_Position.uasset" 2408
"C:/Users/fputi/Documents/GitHub/BuscaMines/Content/FP/BluePrints/Global_BP/Interfaces/BPI_Player_Initial_Position.uexp" 2409
"C:/Users/fputi/Documents/GitHub/BuscaMines/Content/FP/BluePrints/Assets_BP/Environment/BP_enviroment_level_start.uasset" 2410
"C:/Users/fputi/Documents/GitHub/BuscaMines/Content/FP/BluePrints/Assets_BP/Environment/BP_enviroment_level_start.uexp" 2411
"C:/Users/fputi/Documents/GitHub/BuscaMines/Content/FP/Maps/game_level.uexp" 2412
"C:/Users/fputi/Documents/GitHub/BuscaMines/Content/FP/Maps/game_level.umap" 2413
