"C:/Users/fputi/Documents/GitHub/BuscaMines/Unreal/BuscaMines.uproject" 1
"../../../../../../Users/fputi/Documents/GitHub/BuscaMines/Unreal/Binaries/Win64/UnrealEditor.modules" 2
"../../../Engine/Plugins/AudioGameplayVolume/AudioGameplayVolume.uplugin" 3
"../../../Engine/Plugins/AudioGameplay/AudioGameplay.uplugin" 4
"../../../Engine/Plugins/AudioInsights/AudioInsights.uplugin" 5
"../../../Engine/Plugins/BlueprintFileUtils/BlueprintFileUtils.uplugin" 6
"../../../Engine/Plugins/ChaosCloth/ChaosCloth.uplugin" 7
"../../../Engine/Plugins/Bridge/Bridge.uplugin" 8
"../../../Engine/Plugins/ChaosClothAsset/ChaosClothAsset.uplugin" 9
"../../../Engine/Plugins/ChaosClothAssetEditor/ChaosClothAssetEditor.uplugin" 10
"../../../Engine/Plugins/ChaosInsights/ChaosInsights.uplugin" 11
"../../../Engine/Plugins/ChaosVD/ChaosVD.uplugin" 12
"../../../Engine/Plugins/Chooser/Chooser.uplugin" 13
"../../../Engine/Plugins/CmdLinkServer/CmdLinkServer.uplugin" 14
"../../../Engine/Plugins/DiscoveryBeaconReceiver/DiscoveryBeaconReceiver.uplugin" 15
"../../../Engine/Plugins/EnhancedInput/EnhancedInput.uplugin" 16
"../../../Engine/Plugins/FastBuildController/FastBuildController.uplugin" 17
"../../../Engine/Plugins/Fab/Fab.uplugin" 18
"../../../Engine/Plugins/IoStoreInsights/IoStoreInsights.uplugin" 19
"../../../Engine/Plugins/JsonBlueprintUtilities/JsonBlueprintUtilities.uplugin" 20
"../../../Engine/Plugins/LightWeightInstancesEditor/LightWeightInstancesEditor.uplugin" 21
"../../../Engine/Plugins/MassInsights/MassInsights.uplugin" 22
"../../../Engine/Plugins/MeshPainting/MeshPainting.uplugin" 23
"../../../Engine/Plugins/Mutable/Mutable.uplugin" 24
"../../../Engine/Plugins/PCG/PCG.uplugin" 25
"../../../Engine/Plugins/RenderGraphInsights/RenderGraphInsights.uplugin" 26
"../../../Engine/Plugins/ScriptPlugin/ScriptPlugin.uplugin" 27
"../../../Engine/Plugins/MemoryUsageQueries/MemoryUsageQueries.uplugin" 28
"../../../Engine/Plugins/TextureGraph/TextureGraph.uplugin" 29
"../../../Engine/Plugins/UbaController/UbaController.uplugin" 30
"../../../Engine/Plugins/TraceUtilities/TraceUtilities.uplugin" 31
"../../../Engine/Plugins/WorldMetrics/WorldMetrics.uplugin" 32
"../../../Engine/Plugins/XGEController/XGEController.uplugin" 33
"../../../Engine/Plugins/FX/Cascade/Cascade.uplugin" 34
"../../../Engine/Plugins/FX/CascadeToNiagaraConverter/CascadeToNiagaraConverter.uplugin" 35
"../../../Engine/Plugins/FX/ExampleCustomDataInterface/ExampleCustomDataInterface.uplugin" 36
"../../../Engine/Plugins/FX/Niagara/Niagara.uplugin" 37
"../../../Engine/Plugins/FX/NiagaraFluids/NiagaraFluids.uplugin" 38
"../../../Engine/Plugins/FX/NiagaraMRQ/NiagaraMRQ.uplugin" 39
"../../../Engine/Plugins/FX/NiagaraSimCaching/NiagaraSimCaching.uplugin" 40
"../../../Engine/Plugins/Importers/AlembicHairImporter/AlembicHairImporter.uplugin" 41
"../../../Engine/Plugins/Importers/AlembicImporter/AlembicImporter.uplugin" 42
"../../../Engine/Plugins/Importers/USDImporter/USDImporter.uplugin" 43
"../../../Engine/Plugins/Importers/USDImporterMDL/USDImporterMDL.uplugin" 44
"../../../Engine/Plugins/Importers/USDMultiUser/USDMultiUser.uplugin" 45
"../../../Engine/Plugins/Interchange/Editor/InterchangeEditor.uplugin" 46
"../../../Engine/Plugins/Interchange/Runtime/Interchange.uplugin" 47
"../../../Engine/Plugins/Media/AjaMedia/AjaMedia.uplugin" 48
"../../../Engine/Plugins/Interchange/Assets/InterchangeAssets.uplugin" 49
"../../../Engine/Plugins/Media/AndroidCamera/AndroidCamera.uplugin" 50
"../../../Engine/Plugins/Media/AppleProResDecoderElectra/AppleProResDecoderElectra.uplugin" 51
"../../../Engine/Plugins/Media/AndroidMedia/AndroidMedia.uplugin" 52
"../../../Engine/Plugins/Media/AppleProResMedia/AppleProResMedia.uplugin" 53
"../../../Engine/Plugins/Media/AvfMedia/AvfMedia.uplugin" 54
"../../../Engine/Plugins/Media/AudioCaptureTimecodeProvider/AudioCaptureTimecodeProvider.uplugin" 55
"../../../Engine/Plugins/Media/AvidDNxHDDecoderElectra/AvidDNxHDDecoderElectra.uplugin" 56
"../../../Engine/Plugins/Media/BinkMedia/BinkMedia.uplugin" 57
"../../../Engine/Plugins/Media/AvidDNxMedia/AvidDNxMedia.uplugin" 58
"../../../Engine/Plugins/Media/BlackmagicMedia/BlackmagicMedia.uplugin" 59
"../../../Engine/Plugins/Media/ElectraCDM/ElectraCDM.uplugin" 60
"../../../Engine/Plugins/Media/ElectraCodecs/ElectraCodecs.uplugin" 61
"../../../Engine/Plugins/Media/ElectraPlayer/ElectraPlayer.uplugin" 62
"../../../Engine/Plugins/Media/ElectraSubtitles/ElectraSubtitles.uplugin" 63
"../../../Engine/Plugins/Media/ElectraUtil/ElectraUtil.uplugin" 64
"../../../Engine/Plugins/Media/D3D12VideoDecodersElectra/D3D12VideoDecodersElectra.uplugin" 65
"../../../Engine/Plugins/Media/FlacDecoderElectra/FlacDecoderElectra.uplugin" 66
"../../../Engine/Plugins/Media/HAPDecoderElectra/HAPDecoderElectra.uplugin" 67
"../../../Engine/Plugins/Media/HAPMedia/HAPMedia.uplugin" 68
"../../../Engine/Plugins/Media/HardwareEncoders/HardwareEncoders.uplugin" 69
"../../../Engine/Plugins/Media/ImgMedia/ImgMedia.uplugin" 70
"../../../Engine/Plugins/Media/LinearTimecode/LinearTimecode.uplugin" 71
"../../../Engine/Plugins/Media/MediaCompositing/MediaCompositing.uplugin" 72
"../../../Engine/Plugins/Media/MediaFrameworkUtilities/MediaFrameworkUtilities.uplugin" 73
"../../../Engine/Plugins/Media/MediaIOFramework/MediaIOFramework.uplugin" 74
"../../../Engine/Plugins/Media/MediaMovieStreamer/MediaMovieStreamer.uplugin" 75
"../../../Engine/Plugins/Media/MediaPlate/MediaPlate.uplugin" 76
"../../../Engine/Plugins/Media/MediaPlayerEditor/MediaPlayerEditor.uplugin" 77
"../../../Engine/Plugins/Media/MfMedia/MfMedia.uplugin" 78
"../../../Engine/Plugins/Media/NDIMedia/NDIMedia.uplugin" 79
"../../../Engine/Plugins/Media/OpusDecoderElectra/OpusDecoderElectra.uplugin" 80
"../../../Engine/Plugins/Media/PixelStreaming2/PixelStreaming2.uplugin" 81
"../../../Engine/Plugins/Media/PixelCapture/PixelCapture.uplugin" 82
"../../../Engine/Plugins/Media/PixelStreaming/PixelStreaming.uplugin" 83
"../../../Engine/Plugins/Media/TimecodeSynchronizer/TimecodeSynchronizer.uplugin" 84
"../../../Engine/Plugins/Media/VPxDecoderElectra/VPxDecoderElectra.uplugin" 85
"../../../Engine/Plugins/Media/WebMMedia/WebMMedia.uplugin" 86
"../../../Engine/Plugins/Media/WmfMedia/WmfMedia.uplugin" 87
"../../../Engine/Plugins/MetaHuman/MetaHumanCalibrationProcessing/MetaHumanCalibrationProcessing.uplugin" 88
"../../../Engine/Plugins/MetaHuman/MetaHumanAnimator/MetaHuman.uplugin" 89
"../../../Engine/Plugins/MetaHuman/MetaHumanCoreTechLib/MetaHumanCoreTech.uplugin" 90
"../../../Engine/Plugins/MetaHuman/MetaHumanCharacter/MetaHumanCharacter.uplugin" 91
"../../../Engine/Plugins/MetaHuman/MetaHumanLiveLink/MetaHumanLiveLink.uplugin" 92
"../../../Engine/Plugins/NetcodeUnitTest/NetcodeUnitTest/NetcodeUnitTest.uplugin" 93
"../../../Engine/Plugins/NetcodeUnitTest/NUTUnrealEngine/NUTUnrealEngine.uplugin" 94
"../../../Engine/Plugins/NNE/NNEDenoiser/NNEDenoiser.uplugin" 95
"../../../Engine/Plugins/NNE/NNERuntimeORT/NNERuntimeORT.uplugin" 96
"../../../Engine/Plugins/MetaHuman/MetaHumanSDK/MetaHumanSDK.uplugin" 97
"../../../Engine/Plugins/PCGInterops/PCGGeometryScriptInterop/PCGGeometryScriptInterop.uplugin" 98
"../../../Engine/Plugins/Protocols/MQTT/MQTT.uplugin" 99
"../../../Engine/Plugins/VirtualProduction/ActorModifier/ActorModifier.uplugin" 100
"../../../Engine/Plugins/PCGInterops/PCGExternalDataInterop/PCGExternalDataInterop.uplugin" 101
"../../../Engine/Plugins/Slate/SlateInsights/SlateInsights.uplugin" 102
"../../../Engine/Plugins/Slate/SlateScripting/SlateScripting.uplugin" 103
"../../../Engine/Plugins/Portal/LauncherChunkInstaller/LauncherChunkInstaller.uplugin" 104
"../../../Engine/Plugins/VirtualProduction/ActorModifierCore/ActorModifierCore.uplugin" 105
"../../../Engine/Plugins/VirtualProduction/Avalanche/Avalanche.uplugin" 106
"../../../Engine/Plugins/VirtualProduction/CameraCalibration/CameraCalibration.uplugin" 107
"../../../Engine/Plugins/VirtualProduction/CaptureData/CaptureData.uplugin" 108
"../../../Engine/Plugins/VirtualProduction/CameraCalibrationCore/CameraCalibrationCore.uplugin" 109
"../../../Engine/Plugins/VirtualProduction/CameraCalibrationML/CameraCalibrationML.uplugin" 110
"../../../Engine/Plugins/VirtualProduction/ClonerEffector/ClonerEffector.uplugin" 111
"../../../Engine/Plugins/VirtualProduction/CinematicAssemblyTools/CinematicAssemblyTools.uplugin" 112
"../../../Engine/Plugins/VirtualProduction/CompositePlane/CompositePlane.uplugin" 113
"../../../Engine/Plugins/VirtualProduction/CustomDetailsView/CustomDetailsView.uplugin" 114
"../../../Engine/Plugins/VirtualProduction/EpicStageApp/EpicStageApp.uplugin" 115
"../../../Engine/Plugins/VirtualProduction/DataCharts/DataCharts.uplugin" 116
"../../../Engine/Plugins/VirtualProduction/DynamicMaterial/DynamicMaterial.uplugin" 117
"../../../Engine/Plugins/VirtualProduction/GeometryMask/GeometryMask.uplugin" 118
"../../../Engine/Plugins/VirtualProduction/ICVFX/ICVFX.uplugin" 119
"../../../Engine/Plugins/VirtualProduction/LevelSnapshots/LevelSnapshots.uplugin" 120
"../../../Engine/Plugins/VirtualProduction/ICVFXTesting/ICVFXTesting.uplugin" 121
"../../../Engine/Plugins/VirtualProduction/LensComponent/LensComponent.uplugin" 122
"../../../Engine/Plugins/VirtualProduction/LiveLinkCamera/LiveLinkCamera.uplugin" 123
"../../../Engine/Plugins/VirtualProduction/LiveLinkFreeD/LiveLinkFreeD.uplugin" 124
"../../../Engine/Plugins/VirtualProduction/LiveLinkMasterLockit/LiveLinkMasterLockit.uplugin" 125
"../../../Engine/Plugins/VirtualProduction/LiveLinkInputDevice/LiveLinkInputDevice.uplugin" 126
"../../../Engine/Plugins/VirtualProduction/LiveLinkLens/LiveLinkLens.uplugin" 127
"../../../Engine/Plugins/VirtualProduction/LiveLinkOpenTrackIO/LiveLinkOpenTrackIO.uplugin" 128
"../../../Engine/Plugins/VirtualProduction/LiveLinkPrestonMDR/LiveLinkPrestonMDR.uplugin" 129
"../../../Engine/Plugins/VirtualProduction/LiveLinkXR/LiveLinkXR.uplugin" 130
"../../../Engine/Plugins/VirtualProduction/MultiUserTakes/MultiUserTakes.uplugin" 131
"../../../Engine/Plugins/VirtualProduction/LiveLinkVRPN/LiveLinkVRPN.uplugin" 132
"../../../Engine/Plugins/VirtualProduction/OperatorStack/OperatorStack.uplugin" 133
"../../../Engine/Plugins/VirtualProduction/PropertyAnimatorCore/PropertyAnimatorCore.uplugin" 134
"../../../Engine/Plugins/VirtualProduction/PerformanceCaptureWorkflow/PerformanceCaptureWorkflow.uplugin" 135
"../../../Engine/Plugins/VirtualProduction/PropertyAnimator/PropertyAnimator.uplugin" 136
"../../../Engine/Plugins/VirtualProduction/RemoteControl/RemoteControl.uplugin" 137
"../../../Engine/Plugins/VirtualProduction/RemoteControlInterception/RemoteControlInterception.uplugin" 138
"../../../Engine/Plugins/VirtualProduction/RemoteControlProtocolOSC/RemoteControlProtocolOSC.uplugin" 139
"../../../Engine/Plugins/VirtualProduction/RemoteControlProtocolMIDI/RemoteControlProtocolMIDI.uplugin" 140
"../../../Engine/Plugins/VirtualProduction/RemoteControlProtocolDMX/RemoteControlProtocolDMX.uplugin" 141
"../../../Engine/Plugins/VirtualProduction/RemoteControlWebInterface/RemoteControlWebInterface.uplugin" 142
"../../../Engine/Plugins/VirtualProduction/StormSync/StormSync.uplugin" 143
"../../../Engine/Plugins/VirtualProduction/StageMonitoring/StageMonitoring.uplugin" 144
"../../../Engine/Plugins/VirtualProduction/StormSyncAvalancheBridge/StormSyncAvalancheBridge.uplugin" 145
"../../../Engine/Plugins/VirtualProduction/Switchboard/Switchboard.uplugin" 146
"../../../Engine/Plugins/VirtualProduction/SequencerPlaylists/SequencerPlaylists.uplugin" 147
"../../../Engine/Plugins/VirtualProduction/TextureShare/TextureShare.uplugin" 148
"../../../Engine/Plugins/VirtualProduction/Takes/Takes.uplugin" 149
"../../../Engine/Plugins/VirtualProduction/VirtualCamera/VirtualCamera.uplugin" 150
"../../../Engine/Plugins/VirtualProduction/TimedDataMonitor/TimedDataMonitor.uplugin" 151
"../../../Engine/Plugins/VirtualProduction/VirtualCameraCore/VirtualCameraCore.uplugin" 152
"../../../Engine/Plugins/VirtualProduction/VirtualScouting/VirtualScouting.uplugin" 153
"../../../Engine/Plugins/MovieScene/CustomizableSequencerTracks/CustomizableSequencerTracks.uplugin" 154
"../../../Engine/Plugins/MovieScene/ActorSequence/ActorSequence.uplugin" 155
"../../../Engine/Plugins/MovieScene/LevelSequenceEditor/LevelSequenceEditor.uplugin" 156
"../../../Engine/Plugins/MovieScene/MoviePipelineMaskRenderPass/MoviePipelineMaskRenderPass.uplugin" 157
"../../../Engine/Plugins/MovieScene/MovieRenderPipeline/MovieRenderPipeline.uplugin" 158
"../../../Engine/Plugins/MovieScene/MovieSceneTextTrack/MovieSceneTextTrack.uplugin" 159
"../../../Engine/Plugins/MovieScene/ReplayTracks/ReplayTracks.uplugin" 160
"../../../Engine/Plugins/MovieScene/SequencerScripting/SequencerScripting.uplugin" 161
"../../../Engine/Plugins/MovieScene/TemplateSequence/TemplateSequence.uplugin" 162
"../../../Engine/Plugins/Performance/AutomatedPerfTesting/AutomatedPerfTesting.uplugin" 163
"../../../Engine/Plugins/Tests/CQTestEnhancedInput/CQTestEnhancedInput.uplugin" 164
"../../../Engine/Plugins/Performance/PerformanceMonitor/PerformanceMonitor.uplugin" 165
"../../../Engine/Plugins/Tests/AutomationDriverTests/AutomationDriverTests.uplugin" 166
"../../../Engine/Plugins/Tests/CQTest/CQTest.uplugin" 167
"../../../Engine/Plugins/Tests/EditorTests/EditorTests.uplugin" 168
"../../../Engine/Plugins/Tests/FbxAutomationTestBuilder/FbxAutomationTestBuilder.uplugin" 169
"../../../Engine/Plugins/Tests/InterchangeTests/InterchangeTests.uplugin" 170
"../../../Engine/Plugins/Tests/PythonAutomationTest/PythonAutomationTest.uplugin" 171
"../../../Engine/Plugins/Tests/FunctionalTestingEditor/FunctionalTestingEditor.uplugin" 172
"../../../Engine/Plugins/Tests/RHITests/RHITests.uplugin" 173
"../../../Engine/Plugins/Tests/RuntimeTests/RuntimeTests.uplugin" 174
"../../../Engine/Plugins/Tests/WidgetAutomationTests/WidgetAutomationTests.uplugin" 175
"../../../Engine/Plugins/Tests/TestFramework/TestFramework.uplugin" 176
"../../../Engine/Plugins/Tests/TestSamples/TestSamples.uplugin" 177
"../../../Engine/Plugins/Web/HttpBlueprint/HttpBlueprint.uplugin" 178
"../../../Engine/Plugins/2D/Paper2D/Paper2D.uplugin" 179
"../../../Engine/Plugins/AI/HTNPlanner/HTNPlanner.uplugin" 180
"../../../Engine/Plugins/AI/AISupport/AISupport.uplugin" 181
"../../../Engine/Plugins/AI/EnvironmentQueryEditor/EnvironmentQueryEditor.uplugin" 182
"../../../Engine/Plugins/AI/MassAI/MassAI.uplugin" 183
"../../../Engine/Plugins/AI/MassCrowd/MassCrowd.uplugin" 184
"../../../Engine/Plugins/AI/MLAdapter/MLAdapter.uplugin" 185
"../../../Engine/Plugins/Animation/AnimationData/AnimationData.uplugin" 186
"../../../Engine/Plugins/Animation/AnimationLocomotionLibrary/AnimationLocomotionLibrary.uplugin" 187
"../../../Engine/Plugins/Animation/ACLPlugin/ACLPlugin.uplugin" 188
"../../../Engine/Plugins/Animation/AnimationModifierLibrary/AnimationModifierLibrary.uplugin" 189
"../../../Engine/Plugins/Animation/AnimationWarping/AnimationWarping.uplugin" 190
"../../../Engine/Plugins/Animation/AnimatorKit/AnimatorKit.uplugin" 191
"../../../Engine/Plugins/Animation/BlendStack/BlendStack.uplugin" 192
"../../../Engine/Plugins/Animation/ControlRig/ControlRig.uplugin" 193
"../../../Engine/Plugins/Animation/DeformerGraph/DeformerGraph.uplugin" 194
"../../../Engine/Plugins/Animation/ControlRigModules/ControlRigModules.uplugin" 195
"../../../Engine/Plugins/Animation/BlendSpaceMotionAnalysis/BlendSpaceMotionAnalysis.uplugin" 196
"../../../Engine/Plugins/Animation/DNACalib/DNACalib.uplugin" 197
"../../../Engine/Plugins/Animation/ControlRigSpline/ControlRigSpline.uplugin" 198
"../../../Engine/Plugins/Animation/IKRig/IKRig.uplugin" 199
"../../../Engine/Plugins/Animation/GameplayInsights/GameplayInsights.uplugin" 200
"../../../Engine/Plugins/Animation/GeneSplicer/GeneSplicer.uplugin" 201
"../../../Engine/Plugins/Animation/LiveLink/LiveLink.uplugin" 202
"../../../Engine/Plugins/Animation/LiveLinkCurveDebugUI/LiveLinkCurveDebugUI.uplugin" 203
"../../../Engine/Plugins/Animation/LiveLinkDevice/LiveLinkDevice.uplugin" 204
"../../../Engine/Plugins/Animation/LiveLinkHub/LiveLinkHub.uplugin" 205
"../../../Engine/Plugins/Animation/LiveLinkExampleDevice/LiveLinkExampleDevice.uplugin" 206
"../../../Engine/Plugins/Animation/MotionWarping/MotionWarping.uplugin" 207
"../../../Engine/Plugins/Animation/RigLogic/RigLogic.uplugin" 208
"../../../Engine/Plugins/Animation/PerformanceCaptureCore/PerformanceCaptureCore.uplugin" 209
"../../../Engine/Plugins/Animation/PoseSearch/PoseSearch.uplugin" 210
"../../../Engine/Plugins/Animation/TweeningUtils/TweeningUtils.uplugin" 211
"../../../Engine/Plugins/Cameras/GameplayCameras/GameplayCameras.uplugin" 212
"../../../Engine/Plugins/Animation/SkeletalMeshModelingTools/SkeletalMeshModelingTools.uplugin" 213
"../../../Engine/Plugins/Cameras/EngineCameras/EngineCameras.uplugin" 214
"../../../Engine/Plugins/Cameras/CameraShakePreviewer/CameraShakePreviewer.uplugin" 215
"../../../Engine/Plugins/Compositing/Composure/Composure.uplugin" 216
"../../../Engine/Plugins/Compositing/LensDistortion/LensDistortion.uplugin" 217
"../../../Engine/Plugins/Compression/OodleNetwork/OodleNetwork.uplugin" 218
"../../../Engine/Plugins/Compositing/OpenColorIO/OpenColorIO.uplugin" 219
"../../../Engine/Plugins/Developer/AnimationSharing/AnimationSharing.uplugin" 220
"../../../Engine/Plugins/Developer/BlankPlugin/BlankPlugin.uplugin" 221
"../../../Engine/Plugins/Compositing/OpenCVLensDistortion/OpenCVLensDistortion.uplugin" 222
"../../../Engine/Plugins/Developer/CLionSourceCodeAccess/CLionSourceCodeAccess.uplugin" 223
"../../../Engine/Plugins/Developer/CodeLiteSourceCodeAccess/CodeLiteSourceCodeAccess.uplugin" 224
"../../../Engine/Plugins/Developer/DirectoryPlaceholder/DirectoryPlaceholder.uplugin" 225
"../../../Engine/Plugins/Developer/DumpGPUServices/DumpGPUServices.uplugin" 226
"../../../Engine/Plugins/Developer/KDevelopSourceCodeAccess/KDevelopSourceCodeAccess.uplugin" 227
"../../../Engine/Plugins/Developer/NamingTokens/NamingTokens.uplugin" 228
"../../../Engine/Plugins/Developer/GitSourceControl/GitSourceControl.uplugin" 229
"../../../Engine/Plugins/Developer/FieldNotificationTrace/FieldNotificationTrace.uplugin" 230
"../../../Engine/Plugins/Developer/N10XSourceCodeAccess/N10XSourceCodeAccess.uplugin" 231
"../../../Engine/Plugins/Developer/PlasticSourceControl/PlasticSourceControl.uplugin" 232
"../../../Engine/Plugins/Developer/OneSkyLocalizationService/OneSkyLocalizationService.uplugin" 233
"../../../Engine/Plugins/Developer/PixWinPlugin/PixWinPlugin.uplugin" 234
"../../../Engine/Plugins/Developer/NullSourceCodeAccess/NullSourceCodeAccess.uplugin" 235
"../../../Engine/Plugins/Developer/PluginUtils/PluginUtils.uplugin" 236
"../../../Engine/Plugins/Developer/RenderDocPlugin/RenderDocPlugin.uplugin" 237
"../../../Engine/Plugins/Developer/ProjectLauncher/ProjectLauncher.uplugin" 238
"../../../Engine/Plugins/Developer/PerforceSourceControl/PerforceSourceControl.uplugin" 239
"../../../Engine/Plugins/Developer/PropertyAccessNode/PropertyAccessNode.uplugin" 240
"../../../Engine/Plugins/Developer/RiderSourceCodeAccess/RiderSourceCodeAccess.uplugin" 241
"../../../Engine/Plugins/Developer/SubversionSourceControl/SubversionSourceControl.uplugin" 242
"../../../Engine/Plugins/Developer/TraceDataFiltering/TraceDataFilters.uplugin" 243
"../../../Engine/Plugins/Editor/AssetManagerEditor/AssetManagerEditor.uplugin" 244
"../../../Engine/Plugins/Developer/TextureFormatOodle/TextureFormatOodle.uplugin" 245
"../../../Engine/Plugins/Developer/TraceSourceFiltering/TraceSourceFilters.uplugin" 246
"../../../Engine/Plugins/Developer/VisualStudioCodeSourceCodeAccess/VisualStudioCodeSourceCodeAccess.uplugin" 247
"../../../Engine/Plugins/Developer/UObjectPlugin/UObjectPlugin.uplugin" 248
"../../../Engine/Plugins/Developer/VisualStudioSourceCodeAccess/VisualStudioSourceCodeAccess.uplugin" 249
"../../../Engine/Plugins/Developer/XcodeGPUDebuggerPlugin/XcodeGPUDebuggerPlugin.uplugin" 250
"../../../Engine/Plugins/Editor/AssetReferenceRestrictions/AssetReferenceRestrictions.uplugin" 251
"../../../Engine/Plugins/Developer/XCodeSourceCodeAccess/XCodeSourceCodeAccess.uplugin" 252
"../../../Engine/Plugins/Editor/AssetRegistryExport/AssetRegistryExport.uplugin" 253
"../../../Engine/Plugins/Editor/AssetSearch/AssetSearch.uplugin" 254
"../../../Engine/Plugins/Editor/BlueprintHeaderView/BlueprintHeaderView.uplugin" 255
"../../../Engine/Plugins/Editor/ChangelistReview/ChangelistReview.uplugin" 256
"../../../Engine/Plugins/Editor/BlueprintMaterialTextureNodes/BlueprintMaterialTextureNodes.uplugin" 257
"../../../Engine/Plugins/Editor/CurveEditorTools/CurveEditorTools.uplugin" 258
"../../../Engine/Plugins/Editor/ColorGrading/ColorGrading.uplugin" 259
"../../../Engine/Plugins/Editor/ConsoleVariablesEditor/ConsoleVariables.uplugin" 260
"../../../Engine/Plugins/Editor/CryptoKeys/CryptoKeys.uplugin" 261
"../../../Engine/Plugins/Editor/DataValidation/DataValidation.uplugin" 262
"../../../Engine/Plugins/Editor/EditorDebugTools/EditorDebugTools.uplugin" 263
"../../../Engine/Plugins/Editor/DisplayClusterLaunch/DisplayClusterLaunch.uplugin" 264
"../../../Engine/Plugins/Editor/EditorScriptingUtilities/EditorScriptingUtilities.uplugin" 265
"../../../Engine/Plugins/Editor/EditorSysConfigAssistant/EditorSysConfigAssistant.uplugin" 266
"../../../Engine/Plugins/Editor/EngineAssetDefinitions/EngineAssetDefinitions.uplugin" 267
"../../../Engine/Plugins/Editor/GuidedTutorials/GuidedTutorials.uplugin" 268
"../../../Engine/Plugins/Editor/GeometryMode/GeometryMode.uplugin" 269
"../../../Engine/Plugins/Editor/GameplayTagsEditor/GameplayTagsEditor.uplugin" 270
"../../../Engine/Plugins/Editor/FacialAnimation/FacialAnimation.uplugin" 271
"../../../Engine/Plugins/Editor/LiveUpdateForSlate/LiveUpdateForSlate.uplugin" 272
"../../../Engine/Plugins/Editor/MacGraphicsSwitching/MacGraphicsSwitching.uplugin" 273
"../../../Engine/Plugins/Editor/MakeCookedEditorAsDLC/MakeCookedEditorAsDLC.uplugin" 274
"../../../Engine/Plugins/Editor/MaterialAnalyzer/MaterialAnalyzer.uplugin" 275
"../../../Engine/Plugins/Editor/MeshLODToolset/MeshLODToolset.uplugin" 276
"../../../Engine/Plugins/Editor/PluginBrowser/PluginBrowser.uplugin" 277
"../../../Engine/Plugins/Editor/ModelingToolsEditorMode/ModelingToolsEditorMode.uplugin" 278
"../../../Engine/Plugins/Editor/MobileLauncherProfileWizard/MobileLauncherProfileWizard.uplugin" 279
"../../../Engine/Plugins/Editor/ModelViewViewModelPreview/ModelViewViewModelPreview.uplugin" 280
"../../../Engine/Plugins/Editor/ScriptableToolsEditorMode/ScriptableToolsEditorMode.uplugin" 281
"../../../Engine/Plugins/Editor/ProxyLODPlugin/ProxyLODPlugin.uplugin" 282
"../../../Engine/Plugins/Editor/SampleToolsEditorMode/SampleToolsEditorMode.uplugin" 283
"../../../Engine/Plugins/Editor/SpeedTreeImporter/SpeedTreeImporter.uplugin" 284
"../../../Engine/Plugins/Editor/StaticMeshEditorModeling/StaticMeshEditorModeling.uplugin" 285
"../../../Engine/Plugins/Editor/StylusInput/StylusInput.uplugin" 286
"../../../Engine/Plugins/Editor/SequencerAnimTools/SequencerAnimTools.uplugin" 287
"../../../Engine/Plugins/Editor/UMGWidgetPreview/UMGWidgetPreview.uplugin" 288
"../../../Engine/Plugins/Editor/UVEditor/UVEditor.uplugin" 289
"../../../Engine/Plugins/Editor/WaveformEditor/WaveformEditor.uplugin" 290
"../../../Engine/Plugins/Enterprise/AxFImporter/AxFImporter.uplugin" 291
"../../../Engine/Plugins/Enterprise/DataprepEditor/DataprepEditor.uplugin" 292
"../../../Engine/Plugins/Editor/WorldPartitionHLODUtilities/WorldPartitionHLODUtilities.uplugin" 293
"../../../Engine/Plugins/Enterprise/DatasmithC4DImporter/DatasmithC4DImporter.uplugin" 294
"../../../Engine/Plugins/Enterprise/DatasmithFBXImporter/DatasmithFBXImporter.uplugin" 295
"../../../Engine/Plugins/Enterprise/DatasmithCADImporter/DatasmithCADImporter.uplugin" 296
"../../../Engine/Plugins/Enterprise/DatasmithContent/DatasmithContent.uplugin" 297
"../../../Engine/Plugins/Enterprise/GLTFExporter/GLTFExporter.uplugin" 298
"../../../Engine/Plugins/Enterprise/DatasmithImporter/DatasmithImporter.uplugin" 299
"../../../Engine/Plugins/Enterprise/LidarPointCloud/LidarPointCloud.uplugin" 300
"../../../Engine/Plugins/Enterprise/MDLImporter/MDLImporter.uplugin" 301
"../../../Engine/Plugins/Enterprise/VariantManagerContent/VariantManagerContent.uplugin" 302
"../../../Engine/Plugins/Experimental/AbilitySystemGameFeatureActions/AbilitySystemGameFeatureActions.uplugin" 303
"../../../Engine/Plugins/Enterprise/VariantManager/VariantManager.uplugin" 304
"../../../Engine/Plugins/Experimental/AdvancedRenamer/AdvancedRenamer.uplugin" 305
"../../../Engine/Plugins/Experimental/AnimNext/AnimNext.uplugin" 306
"../../../Engine/Plugins/Experimental/ActorPalette/ActorPalette.uplugin" 307
"../../../Engine/Plugins/Experimental/AnimNextPoseSearch/AnimNextPoseSearch.uplugin" 308
"../../../Engine/Plugins/Experimental/AnimNextAnimGraph/AnimNextAnimGraph.uplugin" 309
"../../../Engine/Plugins/Experimental/AnimNextChooser/AnimNextChooser.uplugin" 310
"../../../Engine/Plugins/Experimental/AnimNextControlRig/AnimNextControlRig.uplugin" 311
"../../../Engine/Plugins/Experimental/AnimNextStateTree/AnimNextStateTree.uplugin" 312
"../../../Engine/Plugins/Experimental/AnimNextWarping/AnimNextWarping.uplugin" 313
"../../../Engine/Plugins/Experimental/AsyncMessageSystem/AsyncMessageSystem.uplugin" 314
"../../../Engine/Plugins/Experimental/AnimToTexture/AnimToTexture.uplugin" 315
"../../../Engine/Plugins/Experimental/AsyncMessageSystemTests/AsyncMessageSystemTests.uplugin" 316
"../../../Engine/Plugins/Experimental/AvalancheDisplayCluster/AvalancheDisplayCluster.uplugin" 317
"../../../Engine/Plugins/Experimental/AutomationUtils/AutomationUtils.uplugin" 318
"../../../Engine/Plugins/Experimental/AvalancheDataLink/AvalancheDataLink.uplugin" 319
"../../../Engine/Plugins/Experimental/AvalancheSceneState/AvalancheSceneState.uplugin" 320
"../../../Engine/Plugins/Experimental/BackChannel/BackChannel.uplugin" 321
"../../../Engine/Plugins/Experimental/BlueprintStats/BlueprintStats.uplugin" 322
"../../../Engine/Plugins/Experimental/Buoyancy/Buoyancy.uplugin" 323
"../../../Engine/Plugins/Experimental/BlueprintSnapNodes/BlueprintSnapNodes.uplugin" 324
"../../../Engine/Plugins/Experimental/AvalancheSequenceNavigator/AvalancheSequenceNavigator.uplugin" 325
"../../../Engine/Plugins/Experimental/ChaosCachingUSD/ChaosCachingUSD.uplugin" 326
"../../../Engine/Plugins/Experimental/CelestialVault/CelestialVault.uplugin" 327
"../../../Engine/Plugins/Experimental/ChaosCaching/ChaosCaching.uplugin" 328
"../../../Engine/Plugins/Experimental/ChaosClothEditor/ChaosClothEditor.uplugin" 329
"../../../Engine/Plugins/Experimental/ChaosModularVehicleExamples/ChaosModularVehicleExamples.uplugin" 330
"../../../Engine/Plugins/Experimental/ChaosModularVehicle/ChaosModularVehicle.uplugin" 331
"../../../Engine/Plugins/Experimental/ChaosEditor/ChaosEditor.uplugin" 332
"../../../Engine/Plugins/Experimental/ChaosMover/ChaosMover.uplugin" 333
"../../../Engine/Plugins/Experimental/ChaosFlesh/ChaosFlesh.uplugin" 334
"../../../Engine/Plugins/Experimental/ChaosNiagara/ChaosNiagara.uplugin" 335
"../../../Engine/Plugins/Experimental/ChaosSolverPlugin/ChaosSolverPlugin.uplugin" 336
"../../../Engine/Plugins/Experimental/ChaosUserDataPT/ChaosUserDataPT.uplugin" 337
"../../../Engine/Plugins/Experimental/ChaosVehiclesPlugin/ChaosVehiclesPlugin.uplugin" 338
"../../../Engine/Plugins/Experimental/CharacterAI/CharacterAI.uplugin" 339
"../../../Engine/Plugins/Experimental/ChaosOutfitAsset/ChaosOutfitAsset.uplugin" 340
"../../../Engine/Plugins/Experimental/CodeView/CodeView.uplugin" 341
"../../../Engine/Plugins/Experimental/CineCameraRigs/CineCameraRigs.uplugin" 342
"../../../Engine/Plugins/Experimental/CineCameraSceneCapture/CineCameraSceneCapture.uplugin" 343
"../../../Engine/Plugins/Experimental/CinematicPrestreaming/CinematicPrestreaming.uplugin" 344
"../../../Engine/Plugins/Experimental/CodeEditor/CodeEditor.uplugin" 345
"../../../Engine/Plugins/Experimental/ColorCorrectRegions/ColorCorrectRegions.uplugin" 346
"../../../Engine/Plugins/Experimental/CommonConversation/CommonConversation.uplugin" 347
"../../../Engine/Plugins/Experimental/ControlFlows/ControlFlows.uplugin" 348
"../../../Engine/Plugins/Experimental/Dataflow/Dataflow.uplugin" 349
"../../../Engine/Plugins/Experimental/DataLink/DataLink.uplugin" 350
"../../../Engine/Plugins/Experimental/DataLinkOAuth/DataLinkOAuth.uplugin" 351
"../../../Engine/Plugins/Experimental/DefaultInstallBundleManager/DefaultInstallBundleManager.uplugin" 352
"../../../Engine/Plugins/Experimental/DaySequence/DaySequence.uplugin" 353
"../../../Engine/Plugins/Experimental/EditorDataStorage/EditorDataStorage.uplugin" 354
"../../../Engine/Plugins/Experimental/EditorPerformance/EditorPerformance.uplugin" 355
"../../../Engine/Plugins/Experimental/EditorDataStorageFeatures/EditorDataStorageFeatures.uplugin" 356
"../../../Engine/Plugins/Experimental/EditorTelemetry/EditorTelemetry.uplugin" 357
"../../../Engine/Plugins/Experimental/DynamicMaterialMediaStreamBridge/DynamicMaterialMediaStreamBridge.uplugin" 358
"../../../Engine/Plugins/Experimental/EvaluationNotifies/EvaluationNotifies.uplugin" 359
"../../../Engine/Plugins/Experimental/FullBodyIK/FullBodyIK.uplugin" 360
"../../../Engine/Plugins/Experimental/FastGeoStreaming/FastGeoStreaming.uplugin" 361
"../../../Engine/Plugins/Experimental/FloatingProperties/FloatingProperties.uplugin" 362
"../../../Engine/Plugins/Experimental/Fracture/Fracture.uplugin" 363
"../../../Engine/Plugins/Experimental/GameInputWindows/GameInputWindows.uplugin" 364
"../../../Engine/Plugins/Experimental/FieldSystemPlugin/FieldSystemPlugin.uplugin" 365
"../../../Engine/Plugins/Experimental/GameplayBehaviors/GameplayBehaviors.uplugin" 366
"../../../Engine/Plugins/Experimental/Gauntlet/Gauntlet.uplugin" 367
"../../../Engine/Plugins/Experimental/GameplayGraph/GameplayGraph.uplugin" 368
"../../../Engine/Plugins/Experimental/GameplayTargetingSystem/TargetingSystem.uplugin" 369
"../../../Engine/Plugins/Experimental/GeometryCacheAbcFile/GeometryCacheAbcFile.uplugin" 370
"../../../Engine/Plugins/Experimental/GeometryFlow/GeometryFlow.uplugin" 371
"../../../Engine/Plugins/Experimental/GeometryCollectionPlugin/GeometryCollectionPlugin.uplugin" 372
"../../../Engine/Plugins/Experimental/GeometryCacheLevelSequenceBaker/GeometryCacheLevelSequenceBaker.uplugin" 373
"../../../Engine/Plugins/Experimental/GeometryDataflow/GeometryDataflow.uplugin" 374
"../../../Engine/Plugins/Experimental/GizmoFramework/GizmoFramework.uplugin" 375
"../../../Engine/Plugins/Experimental/GizmoEdMode/GizmoEdMode.uplugin" 376
"../../../Engine/Plugins/Experimental/HairCardGenerator/HairCardGenerator.uplugin" 377
"../../../Engine/Plugins/Experimental/HairStrandsMutable/HairStrandsMutable.uplugin" 378
"../../../Engine/Plugins/Experimental/HairModelingToolset/HairModelingToolset.uplugin" 379
"../../../Engine/Plugins/Experimental/ImagePlate/ImagePlate.uplugin" 380
"../../../Engine/Plugins/Experimental/GPULightmass/GPULightmass.uplugin" 381
"../../../Engine/Plugins/Experimental/ImpostorBaker/ImpostorBaker.uplugin" 382
"../../../Engine/Plugins/Experimental/ImageWidgets/ImageWidgets.uplugin" 383
"../../../Engine/Plugins/Experimental/Iris/Iris.uplugin" 384
"../../../Engine/Plugins/Experimental/JWT/JWT.uplugin" 385
"../../../Engine/Plugins/Experimental/InteractionInterface/InteractionInterface.uplugin" 386
"../../../Engine/Plugins/Experimental/Landmass/Landmass.uplugin" 387
"../../../Engine/Plugins/Experimental/InstanceDataObjectFixupTool/InstanceDataObjectFixupTool.uplugin" 388
"../../../Engine/Plugins/Experimental/InlineMaterialInstance/InlineMaterialInstance.uplugin" 389
"../../../Engine/Plugins/Experimental/LandscapePatch/LandscapePatch.uplugin" 390
"../../../Engine/Plugins/Experimental/LevelSequenceNavigatorBridge/LevelSequenceNavigatorBridge.uplugin" 391
"../../../Engine/Plugins/Experimental/LearningAgents/LearningAgents.uplugin" 392
"../../../Engine/Plugins/Experimental/LiveLinkControlRig/LiveLinkControlRig.uplugin" 393
"../../../Engine/Plugins/Experimental/LiveLinkFaceImporter/LiveLinkFaceImporter.uplugin" 394
"../../../Engine/Plugins/Experimental/MediaStream/MediaStream.uplugin" 395
"../../../Engine/Plugins/Experimental/LocalizableMessage/LocalizableMessage.uplugin" 396
"../../../Engine/Plugins/Experimental/LowLevelNetTrace/LowLevelNetTrace.uplugin" 397
"../../../Engine/Plugins/Experimental/LiveLinkOpenVR/LiveLinkOpenVR.uplugin" 398
"../../../Engine/Plugins/Experimental/MeshModelingToolsetExp/MeshModelingToolsetExp.uplugin" 399
"../../../Engine/Plugins/Experimental/MediaViewer/MediaViewer.uplugin" 400
"../../../Engine/Plugins/Experimental/MetasoundExperimental/MetasoundExperimental.uplugin" 401
"../../../Engine/Plugins/Experimental/MeshResizing/MeshResizing.uplugin" 402
"../../../Engine/Plugins/Experimental/MLflow/MLflow.uplugin" 403
"../../../Engine/Plugins/Experimental/MotoSynth/MotoSynth.uplugin" 404
"../../../Engine/Plugins/Experimental/MotorSimOutputMotoSynth/MotorSimOutputMotoSynth.uplugin" 405
"../../../Engine/Plugins/Experimental/MoverAnimNext/MoverAnimNext.uplugin" 406
"../../../Engine/Plugins/Experimental/Mover/Mover.uplugin" 407
"../../../Engine/Plugins/Experimental/MoverExamples/MoverExamples.uplugin" 408
"../../../Engine/Plugins/Experimental/MovieScenePoseSearchTracks/MovieScenePoseSearchTracks.uplugin" 409
"../../../Engine/Plugins/Experimental/MovieSceneAnimMixer/MovieSceneAnimMixer.uplugin" 410
"../../../Engine/Plugins/Experimental/MutableClothing/MutableClothing.uplugin" 411
"../../../Engine/Plugins/Experimental/MoverTests/MoverTests.uplugin" 412
"../../../Engine/Plugins/Experimental/MoverIntegrations/MoverIntegrations.uplugin" 413
"../../../Engine/Plugins/Experimental/MutablePopulation/MutablePopulation.uplugin" 414
"../../../Engine/Plugins/Experimental/NeuralRendering/NeuralRendering.uplugin" 415
"../../../Engine/Plugins/Experimental/NaniteDisplacedMesh/NaniteDisplacedMesh.uplugin" 416
"../../../Engine/Plugins/Experimental/NFORDenoise/NFORDenoise.uplugin" 417
"../../../Engine/Plugins/Experimental/NNERuntimeBasicCpu/NNERuntimeBasicCpu.uplugin" 418
"../../../Engine/Plugins/Experimental/NNERuntimeCoreML/NNERuntimeCoreML.uplugin" 419
"../../../Engine/Plugins/Experimental/NNERuntimeIREE/NNERuntimeIREE.uplugin" 420
"../../../Engine/Plugins/Experimental/NNERuntimeRDG/NNERuntimeRDG.uplugin" 421
"../../../Engine/Plugins/Experimental/OpenImageDenoise/OpenImageDenoise.uplugin" 422
"../../../Engine/Plugins/Experimental/OptiXDenoise/OptiXDenoise.uplugin" 423
"../../../Engine/Plugins/Experimental/PanoramicCapture/PanoramicCapture.uplugin" 424
"../../../Engine/Plugins/Experimental/PCGBiomeCore/PCGBiomeCore.uplugin" 425
"../../../Engine/Plugins/Experimental/PhysicsControl/PhysicsControl.uplugin" 426
"../../../Engine/Plugins/Experimental/PixelStreamingPlayer/PixelStreamingPlayer.uplugin" 427
"../../../Engine/Plugins/Experimental/PlainProps/PlainProps.uplugin" 428
"../../../Engine/Plugins/Experimental/PlainPropsUObject/PlainPropsUObject.uplugin" 429
"../../../Engine/Plugins/Experimental/PCGBiomeSample/PCGBiomeSample.uplugin" 430
"../../../Engine/Plugins/Experimental/PlanarCutPlugin/PlanarCut.uplugin" 431
"../../../Engine/Plugins/Experimental/PlatformCrypto/PlatformCrypto.uplugin" 432
"../../../Engine/Plugins/Experimental/PluginAudit/PluginAudit.uplugin" 433
"../../../Engine/Plugins/Experimental/PluginReferenceViewer/PluginReferenceViewer.uplugin" 434
"../../../Engine/Plugins/Experimental/PSDImporter/PSDImporter.uplugin" 435
"../../../Engine/Plugins/Experimental/PythonFoundationPackages/PythonFoundationPackages.uplugin" 436
"../../../Engine/Plugins/Experimental/PluginTemplateTool/PluginTemplateTool.uplugin" 437
"../../../Engine/Plugins/Experimental/PostProcessMaterialChainGraph/PostProcessMaterialChainGraph.uplugin" 438
"../../../Engine/Plugins/Experimental/PSDImporterMaterialDesignerBridge/PSDImporterMaterialDesignerBridge.uplugin" 439
"../../../Engine/Plugins/Experimental/PythonScriptPlugin/PythonScriptPlugin.uplugin" 440
"../../../Engine/Plugins/Experimental/QuicMessaging/QuicMessaging.uplugin" 441
"../../../Engine/Plugins/Experimental/RawInput/RawInput.uplugin" 442
"../../../Engine/Plugins/Experimental/RazerChromaDevices/RazerChromaDevices.uplugin" 443
"../../../Engine/Plugins/Experimental/RemoteControlComponents/RemoteControlComponents.uplugin" 444
"../../../Engine/Plugins/Experimental/RemoteSession/RemoteSession.uplugin" 445
"../../../Engine/Plugins/Experimental/RigLogicAnimNext/RigLogicAnimNext.uplugin" 446
"../../../Engine/Plugins/Experimental/RenderGrid/RenderGrid.uplugin" 447
"../../../Engine/Plugins/Experimental/RigLogicMutable/RigLogicMutable.uplugin" 448
"../../../Engine/Plugins/Experimental/SceneState/SceneState.uplugin" 449
"../../../Engine/Plugins/Experimental/ScreenReader/ScreenReader.uplugin" 450
"../../../Engine/Plugins/Experimental/RuntimeTelemetry/RuntimeTelemetry.uplugin" 451
"../../../Engine/Plugins/Experimental/SecuritySandbox/SecuritySandbox.uplugin" 452
"../../../Engine/Plugins/Experimental/SerializationUtils/SerializationUtils.uplugin" 453
"../../../Engine/Plugins/Experimental/Shotgrid/Shotgrid.uplugin" 454
"../../../Engine/Plugins/Experimental/SimpleHMD/SimpleHMD.uplugin" 455
"../../../Engine/Plugins/Experimental/SequenceNavigator/SequenceNavigator.uplugin" 456
"../../../Engine/Plugins/Experimental/SkeletalReduction/SkeletalReduction.uplugin" 457
"../../../Engine/Plugins/Experimental/SlateIM/SlateIM.uplugin" 458
"../../../Engine/Plugins/Experimental/StateGraph/StateGraph.uplugin" 459
"../../../Engine/Plugins/Experimental/SlateModelViewViewModel/SlateModelViewViewModel.uplugin" 460
"../../../Engine/Plugins/Experimental/SlateScreenReader/SlateScreenReader.uplugin" 461
"../../../Engine/Plugins/Experimental/SpatialReadiness/SpatialReadiness.uplugin" 462
"../../../Engine/Plugins/Experimental/StructUtils/StructUtils.uplugin" 463
"../../../Engine/Plugins/Experimental/SubmitToolEditor/SubmitToolEditor.uplugin" 464
"../../../Engine/Plugins/Experimental/SubtitlesAndClosedCaptions/SubtitlesAndClosedCaptions.uplugin" 465
"../../../Engine/Plugins/Experimental/SurfaceEffects/SurfaceEffects.uplugin" 466
"../../../Engine/Plugins/Experimental/SVGImporter/SVGImporter.uplugin" 467
"../../../Engine/Plugins/Experimental/TargetDeviceServicesScripting/TargetDeviceServicesScripting.uplugin" 468
"../../../Engine/Plugins/Experimental/Tensorboard/Tensorboard.uplugin" 469
"../../../Engine/Plugins/Experimental/TechAudioTools/TechAudioTools.uplugin" 470
"../../../Engine/Plugins/Experimental/Text3D/Text3D.uplugin" 471
"../../../Engine/Plugins/Experimental/TetMeshing/TetMeshing.uplugin" 472
"../../../Engine/Plugins/Experimental/TextToSpeech/TextToSpeech.uplugin" 473
"../../../Engine/Plugins/Experimental/TextureMediaPlayer/TextureMediaPlayer.uplugin" 474
"../../../Engine/Plugins/Experimental/ToolPresets/ToolPresets.uplugin" 475
"../../../Engine/Plugins/Experimental/UserToolBoxCore/UserToolBoxCore.uplugin" 476
"../../../Engine/Plugins/Experimental/UIFramework/UIFramework.uplugin" 477
"../../../Engine/Plugins/Experimental/UserToolBoxBasicCommand/UserToolBoxBasicCommand.uplugin" 478
"../../../Engine/Plugins/Experimental/VirtualHeightfieldMesh/VirtualHeightfieldMesh.uplugin" 479
"../../../Engine/Plugins/Experimental/Water/Water.uplugin" 480
"../../../Engine/Plugins/Experimental/Volumetrics/Volumetrics.uplugin" 481
"../../../Engine/Plugins/Experimental/VirtualProductionUtilities/VirtualProductionUtilities.uplugin" 482
"../../../Engine/Plugins/Experimental/WaterExtras/WaterExtras.uplugin" 483
"../../../Engine/Plugins/Experimental/WaterAdvanced/WaterAdvanced.uplugin" 484
"../../../Engine/Plugins/Experimental/WaveFunctionCollapse/WaveFunctionCollapse.uplugin" 485
"../../../Engine/Plugins/Experimental/WebSocketMessaging/WebSocketMessaging.uplugin" 486
"../../../Engine/Plugins/Experimental/WidgetEditorToolPalette/WidgetEditorToolPalette.uplugin" 487
"../../../Engine/Plugins/Experimental/Workspace/Workspace.uplugin" 488
"../../../Engine/Plugins/Experimental/XRCreativeFramework/XRCreativeFramework.uplugin" 489
"../../../Engine/Plugins/Experimental/WebSocketNetworking/WebSocketNetworking.uplugin" 490
"../../../Engine/Plugins/Messaging/MessagingDebugger/MessagingDebugger.uplugin" 491
"../../../Engine/Plugins/Messaging/TcpMessaging/TcpMessaging.uplugin" 492
"../../../Engine/Plugins/Messaging/UdpMessaging/UdpMessaging.uplugin" 493
"../../../Engine/Plugins/Online/EOSShared/EOSShared.uplugin" 494
"../../../Engine/Plugins/Online/OnlineBase/OnlineBase.uplugin" 495
"../../../Engine/Plugins/Online/OnlineFramework/OnlineFramework.uplugin" 496
"../../../Engine/Plugins/Online/EOSOverlayInputProvider/EOSOverlayInputProvider.uplugin" 497
"../../../Engine/Plugins/Online/OnlineServices/OnlineServices.uplugin" 498
"../../../Engine/Plugins/Online/OnlineServicesEOS/OnlineServicesEOS.uplugin" 499
"../../../Engine/Plugins/Online/OnlineServicesEOSGS/OnlineServicesEOSGS.uplugin" 500
"../../../Engine/Plugins/Online/OnlineServicesEpicCommon/OnlineServicesEpicCommon.uplugin" 501
"../../../Engine/Plugins/Online/OnlineServicesNull/OnlineServicesNull.uplugin" 502
"../../../Engine/Plugins/Online/OnlineSubsystem/OnlineSubsystem.uplugin" 503
"../../../Engine/Plugins/Online/OnlineSubsystemApple/OnlineSubsystemApple.uplugin" 504
"../../../Engine/Plugins/Online/OnlineServicesOSSAdapter/OnlineServicesOSSAdapter.uplugin" 505
"../../../Engine/Plugins/Online/OnlineSubsystemAmazon/OnlineSubsystemAmazon.uplugin" 506
"../../../Engine/Plugins/Online/OnlineSubsystemNull/OnlineSubsystemNull.uplugin" 507
"../../../Engine/Plugins/Online/OnlineSubsystemGoogle/OnlineSubsystemGoogle.uplugin" 508
"../../../Engine/Plugins/Online/OnlineSubsystemEOS/OnlineSubsystemEOS.uplugin" 509
"../../../Engine/Plugins/Online/OnlineSubsystemFacebook/OnlineSubsystemFacebook.uplugin" 510
"../../../Engine/Plugins/Online/OnlineSubsystemSteam/OnlineSubsystemSteam.uplugin" 511
"../../../Engine/Plugins/Online/OnlineSubsystemTencent/OnlineSubsystemTencent.uplugin" 512
"../../../Engine/Plugins/Online/SocketSubsystemEOS/SocketSubsystemEOS.uplugin" 513
"../../../Engine/Plugins/Online/SocketSubsystemSteamIP/SocketSubsystemSteamIP.uplugin" 514
"../../../Engine/Plugins/Online/WebAuth/WebAuth.uplugin" 515
"../../../Engine/Plugins/Online/OnlineSubsystemUtils/OnlineSubsystemUtils.uplugin" 516
"../../../Engine/Plugins/Runtime/ActorLayerUtilities/ActorLayerUtilities.uplugin" 517
"../../../Engine/Plugins/Runtime/ADM/ADM.uplugin" 518
"../../../Engine/Plugins/Runtime/AndroidBackgroundService/AndroidBackgroundService.uplugin" 519
"../../../Engine/Plugins/Runtime/AndroidDeviceProfileSelector/AndroidDeviceProfileSelector.uplugin" 520
"../../../Engine/Plugins/Runtime/AndroidFileServer/AndroidFileServer.uplugin" 521
"../../../Engine/Plugins/Runtime/AnimationBudgetAllocator/AnimationBudgetAllocator.uplugin" 522
"../../../Engine/Plugins/Runtime/AndroidMoviePlayer/AndroidMoviePlayer.uplugin" 523
"../../../Engine/Plugins/Runtime/AndroidPermission/AndroidPermission.uplugin" 524
"../../../Engine/Plugins/Runtime/ApexDestruction/ApexDestruction.uplugin" 525
"../../../Engine/Plugins/Runtime/ArchVisCharacter/ArchVisCharacter.uplugin" 526
"../../../Engine/Plugins/Runtime/AppleImageUtils/AppleImageUtils.uplugin" 527
"../../../Engine/Plugins/Runtime/AppleMoviePlayer/AppleMoviePlayer.uplugin" 528
"../../../Engine/Plugins/Runtime/AssetTags/AssetTags.uplugin" 529
"../../../Engine/Plugins/Runtime/AudioMotorSim/AudioMotorSim.uplugin" 530
"../../../Engine/Plugins/Runtime/AudioCapture/AudioCapture.uplugin" 531
"../../../Engine/Plugins/Runtime/AudioModulation/AudioModulation.uplugin" 532
"../../../Engine/Plugins/Runtime/AudioSynesthesia/AudioSynesthesia.uplugin" 533
"../../../Engine/Plugins/Runtime/ComputeFramework/ComputeFramework.uplugin" 534
"../../../Engine/Plugins/Runtime/AudioWidgets/AudioWidgets.uplugin" 535
"../../../Engine/Plugins/Runtime/CableComponent/CableComponent.uplugin" 536
"../../../Engine/Plugins/Runtime/ChunkDownloader/ChunkDownloader.uplugin" 537
"../../../Engine/Plugins/Runtime/CommonUI/CommonUI.uplugin" 538
"../../../Engine/Plugins/Runtime/CustomMeshComponent/CustomMeshComponent.uplugin" 539
"../../../Engine/Plugins/Runtime/DataRegistry/DataRegistry.uplugin" 540
"../../../Engine/Plugins/Runtime/Firebase/Firebase.uplugin" 541
"../../../Engine/Plugins/Runtime/ExampleDeviceProfileSelector/ExampleDeviceProfileSelector.uplugin" 542
"../../../Engine/Plugins/Runtime/GameplayAbilities/GameplayAbilities.uplugin" 543
"../../../Engine/Plugins/Runtime/GameFeatures/GameFeatures.uplugin" 544
"../../../Engine/Plugins/Runtime/GameInput/GameInput.uplugin" 545
"../../../Engine/Plugins/Runtime/GeometryScripting/GeometryScripting.uplugin" 546
"../../../Engine/Plugins/Runtime/GameplayStateTree/GameplayStateTree.uplugin" 547
"../../../Engine/Plugins/Runtime/GeometryCache/GeometryCache.uplugin" 548
"../../../Engine/Plugins/Runtime/GameplayInteractions/GameplayInteractions.uplugin" 549
"../../../Engine/Plugins/Runtime/GeometryProcessing/GeometryProcessing.uplugin" 550
"../../../Engine/Plugins/Runtime/GameplayBehaviorSmartObjects/GameplayBehaviorSmartObjects.uplugin" 551
"../../../Engine/Plugins/Runtime/GoogleCloudMessaging/GoogleCloudMessaging.uplugin" 552
"../../../Engine/Plugins/Runtime/GeoReferencing/GeoReferencing.uplugin" 553
"../../../Engine/Plugins/Runtime/GooglePAD/GooglePAD.uplugin" 554
"../../../Engine/Plugins/Runtime/HDRIBackdrop/HDRIBackdrop.uplugin" 555
"../../../Engine/Plugins/Runtime/HairStrands/HairStrands.uplugin" 556
"../../../Engine/Plugins/Runtime/HPMotionController/HPMotionController.uplugin" 557
"../../../Engine/Plugins/Runtime/Harmonix/Harmonix.uplugin" 558
"../../../Engine/Plugins/Runtime/InputDebugging/InputDebugging.uplugin" 559
"../../../Engine/Plugins/Runtime/HTTPChunkInstaller/HTTPChunkInstaller.uplugin" 560
"../../../Engine/Plugins/Runtime/InstancedActors/InstancedActors.uplugin" 561
"../../../Engine/Plugins/Runtime/LiveLinkOvernDisplay/LiveLinkOverNDisplay.uplugin" 562
"../../../Engine/Plugins/Runtime/IOSDeviceProfileSelector/IOSDeviceProfileSelector.uplugin" 563
"../../../Engine/Plugins/Runtime/LevelStreamingPersistence/LevelStreamingPersistence.uplugin" 564
"../../../Engine/Plugins/Runtime/IOSReplayKit/IOSReplayKit.uplugin" 565
"../../../Engine/Plugins/Runtime/LocationServicesIOSImpl/LocationServicesIOSImpl.uplugin" 566
"../../../Engine/Plugins/Runtime/LinuxDeviceProfileSelector/LinuxDeviceProfileSelector.uplugin" 567
"../../../Engine/Plugins/Runtime/LocationServicesAndroidImpl/LocationServicesAndroidImpl.uplugin" 568
"../../../Engine/Plugins/Runtime/LocationServicesBPLibrary/LocationServicesBPLibrary.uplugin" 569
"../../../Engine/Plugins/Runtime/MassEntity/MassEntity.uplugin" 570
"../../../Engine/Plugins/Runtime/MassGameplay/MassGameplay.uplugin" 571
"../../../Engine/Plugins/Runtime/MeshModelingToolset/MeshModelingToolset.uplugin" 572
"../../../Engine/Plugins/Runtime/Metasound/Metasound.uplugin" 573
"../../../Engine/Plugins/Runtime/MicrosoftSpatialAudio/MicroSoftSpatialSound.uplugin" 574
"../../../Engine/Plugins/Runtime/MIDIDevice/MIDIDevice.uplugin" 575
"../../../Engine/Plugins/Runtime/MixedRealityCaptureFramework/MixedRealityCaptureFramework.uplugin" 576
"../../../Engine/Plugins/Runtime/MobileFSR/MobileFSR.uplugin" 577
"../../../Engine/Plugins/Runtime/ModularGameplay/ModularGameplay.uplugin" 578
"../../../Engine/Plugins/Runtime/ModelViewViewModel/ModelViewViewModel.uplugin" 579
"../../../Engine/Plugins/Runtime/MobilePatchingUtils/MobilePatchingUtils.uplugin" 580
"../../../Engine/Plugins/Runtime/MsQuic/MsQuic.uplugin" 581
"../../../Engine/Plugins/Runtime/MusicEnvironment/MusicEnvironment.uplugin" 582
"../../../Engine/Plugins/Runtime/NavCorridor/NavCorridor.uplugin" 583
"../../../Engine/Plugins/Runtime/nDisplay/nDisplay.uplugin" 584
"../../../Engine/Plugins/Runtime/MultiServerReplication/MultiServerReplication.uplugin" 585
"../../../Engine/Plugins/Runtime/NetworkPredictionExtras/NetworkPredictionExtras.uplugin" 586
"../../../Engine/Plugins/Runtime/nDisplayModularFeatures/nDisplayModularFeatures.uplugin" 587
"../../../Engine/Plugins/Runtime/NetworkPredictionInsights/NetworkPredictionInsights.uplugin" 588
"../../../Engine/Plugins/Runtime/NetworkPrediction/NetworkPrediction.uplugin" 589
"../../../Engine/Plugins/Runtime/OpenCV/OpenCV.uplugin" 590
"../../../Engine/Plugins/Runtime/OpenXREyeTracker/OpenXREyeTracker.uplugin" 591
"../../../Engine/Plugins/Runtime/OpenXR/OpenXR.uplugin" 592
"../../../Engine/Plugins/Runtime/OpenXRHandTracking/OpenXRHandTracking.uplugin" 593
"../../../Engine/Plugins/Runtime/OptionalMobileFeaturesBPLibrary/OptionalMobileFeaturesBPLibrary.uplugin" 594
"../../../Engine/Plugins/Runtime/OpenXRMsftHandInteraction/OpenXRMsftHandInteraction.uplugin" 595
"../../../Engine/Plugins/Runtime/OpenXRViveTracker/OpenXRViveTracker.uplugin" 596
"../../../Engine/Plugins/Runtime/OSC/OSC.uplugin" 597
"../../../Engine/Plugins/Runtime/PreLoadScreenMoviePlayer/PreLoadScreenMoviePlayer.uplugin" 598
"../../../Engine/Plugins/Runtime/PropertyAccess/PropertyAccessEditor.uplugin" 599
"../../../Engine/Plugins/Runtime/ProceduralMeshComponent/ProceduralMeshComponent.uplugin" 600
"../../../Engine/Plugins/Runtime/PropertyBindingUtils/PropertyBindingUtils.uplugin" 601
"../../../Engine/Plugins/Runtime/RenderTrace/RenderTrace.uplugin" 602
"../../../Engine/Plugins/Runtime/ReplicationGraph/ReplicationGraph.uplugin" 603
"../../../Engine/Plugins/Runtime/RigVM/RigVM.uplugin" 604
"../../../Engine/Plugins/Runtime/ReplicationSystemTestPlugin/ReplicationSystemTestPlugin.uplugin" 605
"../../../Engine/Plugins/Runtime/ResonanceAudio/ResonanceAudio.uplugin" 606
"../../../Engine/Plugins/Runtime/SignificanceManager/SignificanceManager.uplugin" 607
"../../../Engine/Plugins/Runtime/SkeletalMerging/SkeletalMerging.uplugin" 608
"../../../Engine/Plugins/Runtime/SoundCueTemplates/SoundCueTemplates.uplugin" 609
"../../../Engine/Plugins/Runtime/ScriptableToolsFramework/ScriptableToolsFramework.uplugin" 610
"../../../Engine/Plugins/Runtime/SmartObjects/SmartObjects.uplugin" 611
"../../../Engine/Plugins/Runtime/SoundFields/SoundFields.uplugin" 612
"../../../Engine/Plugins/Runtime/SoundMod/SoundMod.uplugin" 613
"../../../Engine/Plugins/Runtime/Soundscape/Soundscape.uplugin" 614
"../../../Engine/Plugins/Runtime/SoundUtilities/SoundUtilities.uplugin" 615
"../../../Engine/Plugins/Runtime/Spatialization/Spatialization.uplugin" 616
"../../../Engine/Plugins/Runtime/StateTree/StateTree.uplugin" 617
"../../../Engine/Plugins/Runtime/WarpUtils/WarpUtils.uplugin" 618
"../../../Engine/Plugins/Runtime/SunPosition/SunPosition.uplugin" 619
"../../../Engine/Plugins/Runtime/Synthesis/Synthesis.uplugin" 620
"../../../Engine/Plugins/Runtime/USDCore/USDCore.uplugin" 621
"../../../Engine/Plugins/Runtime/WaveTable/WaveTable.uplugin" 622
"../../../Engine/Plugins/Runtime/WebBrowserNativeProxy/WebBrowserNativeProxy.uplugin" 623
"../../../Engine/Plugins/Runtime/WebMMoviePlayer/WebMMoviePlayer.uplugin" 624
"../../../Engine/Plugins/Runtime/WebBrowserWidget/WebBrowserWidget.uplugin" 625
"../../../Engine/Plugins/Runtime/WindowsDeviceProfileSelector/WindowsDeviceProfileSelector.uplugin" 626
"../../../Engine/Plugins/Runtime/WindowsMoviePlayer/WindowsMoviePlayer.uplugin" 627
"../../../Engine/Plugins/Runtime/WorldConditions/WorldConditions.uplugin" 628
"../../../Engine/Plugins/Runtime/XRBase/XRBase.uplugin" 629
"../../../Engine/Plugins/Runtime/ZoneGraph/ZoneGraph.uplugin" 630
"../../../Engine/Plugins/Runtime/ZoneGraphAnnotations/ZoneGraphAnnotations.uplugin" 631
"../../../Engine/Plugins/Interchange/Extensions/OpenVDB/InterchangeOpenVDB.uplugin" 632
"../../../Engine/Plugins/Interchange/Extensions/OpenUSD/InterchangeOpenUSD.uplugin" 633
"../../../Engine/Plugins/Editor/Localization/PortableObjectFileDataSource/PortableObjectFileDataSource.uplugin" 634
"../../../Engine/Plugins/Experimental/AVCodecs/AMFCodecs/AMFCodecs.uplugin" 635
"../../../Engine/Plugins/Experimental/AVCodecs/AVCodecsCore/AVCodecsCore.uplugin" 636
"../../../Engine/Plugins/Experimental/AVCodecs/NVCodecs/NVCodecs.uplugin" 637
"../../../Engine/Plugins/Experimental/AVCodecs/VTCodecs/VTCodecs.uplugin" 638
"../../../Engine/Plugins/Experimental/AVCodecs/LibVpxCodecs/LibVpxCodecs.uplugin" 639
"../../../Engine/Plugins/Experimental/AVCodecs/WMFCodecs/WMFCodecs.uplugin" 640
"../../../Engine/Plugins/Online/Android/OnlineSubsystemGooglePlay/OnlineSubsystemGooglePlay.uplugin" 641
"../../../Engine/Plugins/Online/Android/AndroidFetchBackgroundDownload/AndroidFetchBackgroundDownload.uplugin" 642
"../../../Engine/Plugins/Runtime/Database/ADOSupport/ADOSupport.uplugin" 643
"../../../Engine/Plugins/Runtime/Database/SQLiteCore/SQLiteCore.uplugin" 644
"../../../Engine/Plugins/Runtime/Database/SQLiteSupport/SQLiteSupport.uplugin" 645
"../../../Engine/Plugins/Runtime/Database/DatabaseSupport/DatabaseSupport.uplugin" 646
"../../../Engine/Plugins/Runtime/PacketHandlers/AESHandlerComponent/AESHandlerComponent.uplugin" 647
"../../../Engine/Plugins/Runtime/PacketHandlers/AESGCMHandlerComponent/AESGCMHandlerComponent.uplugin" 648
"../../../Engine/Plugins/Runtime/Database/RemoteDatabaseSupport/RemoteDatabaseSupport.uplugin" 649
"../../../Engine/Plugins/Runtime/PacketHandlers/DTLSHandlerComponent/DTLSHandlerComponent.uplugin" 650
"../../../Engine/Plugins/Developer/Concert/ConcertMain/ConcertMain.uplugin" 651
"../../../Engine/Plugins/Experimental/VirtualProduction/LedWallCalibration/LedWallCalibration.uplugin" 652
"../../../Engine/Plugins/Experimental/VirtualProduction/VPRoles/VPRoles.uplugin" 653
"../../../Engine/Plugins/Experimental/VirtualProduction/VPSettings/VPSettings.uplugin" 654
"../../../Engine/Plugins/Runtime/Nvidia/GeForceNOWWrapper/GeForceNOWWrapper.uplugin" 655
"../../../Engine/Plugins/Runtime/Steam/SteamAudio/SteamAudio.uplugin" 656
"../../../Engine/Plugins/Runtime/Nvidia/Reflex/Reflex.uplugin" 657
"../../../Engine/Plugins/Experimental/Animation/ContextualAnimation/ContextualAnimation.uplugin" 658
"../../../Engine/Plugins/Runtime/Steam/SteamController/SteamController.uplugin" 659
"../../../Engine/Plugins/Runtime/Steam/SteamShared/SteamShared.uplugin" 660
"../../../Engine/Plugins/Runtime/Steam/SteamSockets/SteamSockets.uplugin" 661
"../../../Engine/Plugins/Experimental/Animation/CurveExpression/CurveExpression.uplugin" 662
"../../../Engine/Plugins/Experimental/Animation/HierarchyTable/HierarchyTable.uplugin" 663
"../../../Engine/Plugins/Experimental/Animation/Locomotor/Locomotor.uplugin" 664
"../../../Engine/Plugins/Experimental/Animation/MotionTrajectory/MotionTrajectory.uplugin" 665
"../../../Engine/Plugins/Experimental/Animation/HierarchyTableAnimation/HierarchyTableAnimation.uplugin" 666
"../../../Engine/Plugins/Experimental/Animation/Optimus/Optimus.uplugin" 667
"../../../Engine/Plugins/Experimental/Animation/PackedAttributes/PackedAttributes.uplugin" 668
"../../../Engine/Plugins/Experimental/Animation/RigMapper/RigMapper.uplugin" 669
"../../../Engine/Plugins/Experimental/Animation/SkeletalMeshMorphTargetEditingTools/SkeletalMeshMorphTargetEditingTools.uplugin" 670
"../../../Engine/Plugins/Experimental/Animation/SkeletonTemplateFramework/SkeletonTemplateFramework.uplugin" 671
"../../../Engine/Plugins/Experimental/Animation/TrajectoryTools/TrajectoryTools.uplugin" 672
"../../../Engine/Plugins/Experimental/Enterprise/DataprepGeometryOperations/DataprepGeometryOperations.uplugin" 673
"../../../Engine/Plugins/Experimental/Enterprise/DatasmithInterchange/DatasmithInterchange.uplugin" 674
"../../../Engine/Plugins/Experimental/Enterprise/DatasmithRuntime/DatasmithRuntime.uplugin" 675
"../../../Engine/Plugins/Experimental/PCGInterops/PCGNiagaraInterop/PCGNiagaraInterop.uplugin" 676
"../../../Engine/Plugins/Experimental/PCGInterops/PCGInstancedActorsInterop/PCGInstancedActorsInterop.uplugin" 677
"../../../Engine/Plugins/Experimental/PCGInterops/PCGWaterInterop/PCGWaterInterop.uplugin" 678
"../../../Engine/Plugins/Experimental/Web/WebAPI/WebAPI.uplugin" 679
"../../../Engine/Plugins/Online/IOS/OnlineSubsystemIOS/OnlineSubsystemIOS.uplugin" 680
"../../../Engine/Plugins/VirtualProduction/Rivermax/RivermaxCore/RivermaxCore.uplugin" 681
"../../../Engine/Plugins/VirtualProduction/Rivermax/RivermaxSync/RivermaxSync.uplugin" 682
"../../../Engine/Plugins/VirtualProduction/Rivermax/RivermaxMedia/RivermaxMedia.uplugin" 683
"../../../Engine/Plugins/Animation/MLDeformer/ChaosClothGenerator/ChaosClothGenerator.uplugin" 684
"../../../Engine/Plugins/Animation/MLDeformer/ChaosFleshGenerator/ChaosFleshGenerator.uplugin" 685
"../../../Engine/Plugins/Animation/MLDeformer/VertexDeltaModel/VertexDeltaModel.uplugin" 686
"../../../Engine/Plugins/Animation/MLDeformer/MLDeformerFramework/MLDeformerFramework.uplugin" 687
"../../../Engine/Plugins/Animation/MLDeformer/NearestNeighborModel/NearestNeighborModel.uplugin" 688
"../../../Engine/Plugins/Animation/MLDeformer/NeuralMorphModel/NeuralMorphModel.uplugin" 689
"../../../Engine/Plugins/Runtime/Analytics/Adjust/Adjust.uplugin" 690
"../../../Engine/Plugins/Runtime/Analytics/AnalyticsMulticast/AnalyticsMulticast.uplugin" 691
"../../../Engine/Plugins/Runtime/Analytics/AnalyticsBlueprintLibrary/AnalyticsBlueprintLibrary.uplugin" 692
"../../../Engine/Plugins/Runtime/Analytics/FileLogging/FileLogging.uplugin" 693
"../../../Engine/Plugins/VirtualProduction/CaptureManager/CaptureManagerApp/CaptureManagerApp.uplugin" 694
"../../../Engine/Plugins/Runtime/MeshReconstruction/DummyMeshReconstructor/DummyMeshReconstructor.uplugin" 695
"../../../Engine/Plugins/VirtualProduction/CaptureManager/CaptureManagerDevices/CaptureManagerDevices.uplugin" 696
"../../../Engine/Plugins/VirtualProduction/CaptureManager/CaptureManagerCore/CaptureManagerCore.uplugin" 697
"../../../Engine/Plugins/VirtualProduction/CaptureManager/CaptureManagerEditor/CaptureManagerEditor.uplugin" 698
"../../../Engine/Plugins/Editor/ObjectMixer/LightMixer/LightMixer.uplugin" 699
"../../../Engine/Plugins/Editor/ContentBrowser/ContentBrowserAliasDataSource/ContentBrowserAliasDataSource.uplugin" 700
"../../../Engine/Plugins/Editor/ContentBrowser/ContentBrowserClassDataSource/ContentBrowserClassDataSource.uplugin" 701
"../../../Engine/Plugins/Editor/ContentBrowser/ContentBrowserFileDataSource/ContentBrowserFileDataSource.uplugin" 702
"../../../Engine/Plugins/Editor/ContentBrowser/ContentBrowserAssetDataSource/ContentBrowserAssetDataSource.uplugin" 703
"../../../Engine/Plugins/Editor/ObjectMixer/ObjectMixer/ObjectMixer.uplugin" 704
"../../../Engine/Plugins/Experimental/MetaHuman/MetaHumanRuntime/MetaHumanRuntime.uplugin" 705
"../../../Engine/Plugins/Runtime/Advertising/IOSTapJoy/IOSTapJoy.uplugin" 706
"../../../Engine/Plugins/VirtualProduction/DMX/DatasmithMVR/DatasmithMVR.uplugin" 707
"../../../Engine/Plugins/Runtime/XR/XRScribe/XRScribe.uplugin" 708
"../../../Engine/Plugins/Runtime/XR/XRVisualization/XRVisualization.uplugin" 709
"../../../Engine/Plugins/VirtualProduction/DMX/DMXControlConsole/DMXControlConsole.uplugin" 710
"../../../Engine/Plugins/VirtualProduction/DMX/DMXDisplayCluster/DMXDisplayCluster.uplugin" 711
"../../../Engine/Plugins/VirtualProduction/DMX/DMXGDTF/DMXGDTF.uplugin" 712
"../../../Engine/Plugins/VirtualProduction/DMX/DMXEngine/DMXEngine.uplugin" 713
"../../../Engine/Plugins/VirtualProduction/DMX/DMXFixtures/DMXFixtures.uplugin" 714
"../../../Engine/Plugins/VirtualProduction/DMX/DMXModularFeatures/DMXModularFeatures.uplugin" 715
"../../../Engine/Plugins/VirtualProduction/DMX/DMXProtocol/DMXProtocol.uplugin" 716
"../../../Engine/Plugins/Runtime/Windows/WinDualShock/WinDualShock.uplugin" 717
"../../../Engine/Plugins/Runtime/Windows/XInputDevice/XInputDevice.uplugin" 718
"../../../Engine/Plugins/VirtualProduction/DMX/DMXPixelMapping/DMXPixelMapping.uplugin" 719
"../../../Engine/Plugins/Experimental/CharacterFXEditor/BaseCharacterFXEditor/BaseCharacterFXEditor.uplugin" 720
"../../../Engine/Plugins/Experimental/CharacterFXEditor/ExampleCharacterFXEditor/ExampleCharacterFXEditor.uplugin" 721
"../../../Engine/Plugins/Experimental/Compositing/CompositeCore/CompositeCore.uplugin" 722
"../../../Engine/Plugins/Online/VoiceChat/VoiceChat/VoiceChat.uplugin" 723
"../../../Engine/Plugins/Online/VoiceChat/EOSVoiceChat/EOSVoiceChat.uplugin" 724
"../../../Engine/Plugins/Experimental/Compositing/HoldoutComposite/HoldoutComposite.uplugin" 725
"../../../Engine/Plugins/Runtime/AR/ARUtilities/ARUtilities.uplugin" 726
"../../../Engine/Plugins/Developer/Concert/ConcertSync/ConcertSyncClient/ConcertSyncClient.uplugin" 727
"../../../Engine/Plugins/Developer/Concert/ConcertSync/ConcertSyncCore/ConcertSyncCore.uplugin" 728
"../../../Engine/Plugins/Developer/Concert/ConcertSync/ConcertSyncTest/ConcertSyncTest.uplugin" 729
"../../../Engine/Plugins/Developer/Concert/ConcertSync/ConcertSyncServer/ConcertSyncServer.uplugin" 730
"../../../Engine/Plugins/Developer/Concert/ConcertUI/ConcertClientSharedSlate/ConcertClientSharedSlate.uplugin" 731
"../../../Engine/Plugins/Developer/Concert/ConcertUI/ConcertSharedSlate/ConcertSharedSlate.uplugin" 732
"../../../Engine/Plugins/Runtime/AR/AppleAR/AppleARKit/AppleARKit.uplugin" 733
"../../../Engine/Plugins/Developer/Concert/ConcertInsights/ConcertInsightsClient/ConcertInsightsClient.uplugin" 734
"../../../Engine/Plugins/Runtime/AR/AppleAR/AppleARKitFaceSupport/AppleARKitFaceSupport.uplugin" 735
"../../../Engine/Plugins/Developer/Concert/ConcertInsights/ConcertInsightsServer/ConcertInsightsServer.uplugin" 736
"../../../Engine/Plugins/Developer/Concert/ConcertInsights/ConcertInsightsCore/ConcertInsightsCore.uplugin" 737
"../../../Engine/Plugins/Developer/Concert/ConcertApp/MultiUserClient/MultiUserClient.uplugin" 738
"../../../Engine/Plugins/Developer/Concert/ConcertInsights/ConcertInsightsVisualizer/ConcertInsightsVisualizer.uplugin" 739
"../../../Engine/Plugins/Developer/Concert/ConcertApp/DisasterRecoveryClient/DisasterRecoveryClient.uplugin" 740
"../../../Engine/Plugins/Developer/Concert/ConcertApp/MultiUserServer/MultiUserServer.uplugin" 741
"../../../Engine/Plugins/Runtime/AR/Google/GoogleARCoreServices/GoogleARCoreServices.uplugin" 742
"../../../Engine/Plugins/Experimental/Animation/MLDeformer/DetailPoseModel/DetailPoseModel.uplugin" 743
"../../../Engine/Plugins/Developer/Concert/ConcertScripting/ConcertReplicationScripting/ConcertReplicationScripting.uplugin" 744
"../../../Engine/Plugins/Runtime/AR/Google/GoogleARCore/GoogleARCore.uplugin" 745
"../../../Engine/Platforms/Android/Plugins/RigLogic/RigLogic_Android.uplugin" 746
"../../../Engine/Platforms/Android/Plugins/Animation/ACLPlugin/ACLPlugin_Android.uplugin" 747
"../../../Engine/Platforms/IOS/Plugins/RigLogic/RigLogic_IOS.uplugin" 748
"C:/Users/fputi/Documents/GitHub/BuscaMines/Unreal/Plugins/CacoUserSystem/CacoUserSystem.uplugin" 749
"C:/Users/fputi/Documents/GitHub/BuscaMines/Unreal/Plugins/CacoStatsSystem/CacoStatsSystem.uplugin" 750
"../../../Engine/Content/Internationalization/icudt64l/cnvalias.icu" 751
"../../../Engine/Content/Internationalization/icudt64l/res_index.res" 752
"../../../Engine/Content/Internationalization/icudt64l/plurals.res" 753
"../../../Engine/Content/Internationalization/icudt64l/lang/es.res" 754
"../../../Engine/Content/Internationalization/icudt64l/lang/pool.res" 755
"../../../Engine/Content/Internationalization/icudt64l/lang/root.res" 756
"../../../Engine/Content/Internationalization/icudt64l/region/es.res" 757
"../../../Engine/Content/Internationalization/icudt64l/region/pool.res" 758
"../../../Engine/Content/Internationalization/icudt64l/region/root.res" 759
"../../../Engine/Content/Internationalization/icudt64l/lang/en.res" 760
"../../../Engine/Content/Internationalization/icudt64l/region/en.res" 761
"../../../Engine/Content/Internationalization/icudt64l/windowsZones.res" 762
"../../../Engine/Content/Internationalization/icudt64l/zoneinfo64.res" 763
"../../../Engine/Content/Internationalization/icudt64l/keyTypeData.res" 764
"../../../Engine/Content/Internationalization/icudt64l/timezoneTypes.res" 765
"../../../Engine/Content/Internationalization/icudt64l/likelySubtags.res" 766
"../../../Engine/Content/Internationalization/icudt64l/es_ES.res" 767
"../../../Engine/Content/Internationalization/icudt64l/pool.res" 768
"../../../Engine/Content/Internationalization/icudt64l/es.res" 769
"../../../Engine/Content/Internationalization/icudt64l/root.res" 770
"../../../Engine/Content/Internationalization/icudt64l/supplementalData.res" 771
"../../../Engine/Config/ConfigRedirects.ini" 772
"C:/Users/fputi/AppData/Local/UnrealEngine/5.6/Saved/Config/WindowsEditor/Manifest.ini" 773
"../../../Engine/Config/BaseEngine.ini" 774
"../../../Engine/Config/Windows/BaseWindowsEngine.ini" 775
"../../../../../../Users/fputi/Documents/GitHub/BuscaMines/Unreal/Config/DefaultEngine.ini" 776
"C:/Users/fputi/AppData/Local/Unreal Engine/Engine/Config/UserEngine.ini" 777
"../../../Engine/Config/BaseGame.ini" 778
"../../../../../../Users/fputi/Documents/GitHub/BuscaMines/Unreal/Config/DefaultGame.ini" 779
"../../../Engine/Config/Windows/WindowsGame.ini" 780
"C:/Users/fputi/Documents/GitHub/BuscaMines/Unreal/Saved/Config/WindowsEditor/Game.ini" 781
"../../../Engine/Config/BaseInput.ini" 782
"../../../Engine/Config/Windows/BaseWindowsInput.ini" 783
"../../../../../../Users/fputi/Documents/GitHub/BuscaMines/Unreal/Config/DefaultInput.ini" 784
"../../../Engine/Config/Windows/WindowsInput.ini" 785
"../../../Engine/Config/BaseDeviceProfiles.ini" 786
"../../../Engine/Config/BaseGameUserSettings.ini" 787
"C:/Users/fputi/Documents/GitHub/BuscaMines/Unreal/Saved/Config/WindowsEditor/GameUserSettings.ini" 788
"../../../Engine/Config/BaseScalability.ini" 789
"../../../Engine/Config/BaseRuntimeOptions.ini" 790
"../../../Engine/Config/BaseInstallBundle.ini" 791
"../../../Engine/Config/BaseHardware.ini" 792
"../../../Engine/Config/BaseCompat.ini" 793
"../../../Engine/Config/BaseLightmass.ini" 794
"../../../Engine/Config/BaseEditor.ini" 795
"../../../../../../Users/fputi/Documents/GitHub/BuscaMines/Unreal/Config/DefaultEditor.ini" 796
"C:/Users/fputi/Documents/GitHub/BuscaMines/Unreal/Saved/Config/WindowsEditor/Editor.ini" 797
"../../../Engine/Config/BaseMaterialExpressions.ini" 798
"../../../Engine/Config/BaseEditorPerProjectUserSettings.ini" 799
"../../../Engine/Config/Windows/WindowsEditorPerProjectUserSettings.ini" 800
"C:/Users/fputi/Documents/GitHub/BuscaMines/Unreal/Saved/Config/WindowsEditor/EditorPerProjectUserSettings.ini" 801
"../../../Engine/Config/BaseEditorSettings.ini" 802
"../../../Engine/Config/Windows/WindowsEditorSettings.ini" 803
"C:/Users/fputi/AppData/Local/UnrealEngine/5.6/Saved/Config/WindowsEditor/EditorSettings.ini" 804
"../../../Engine/Config/BaseEditorKeyBindings.ini" 805
"C:/Users/fputi/AppData/Local/UnrealEngine/5.6/Saved/Config/WindowsEditor/EditorLayout.ini" 806
"../../../../../../Users/fputi/Documents/GitHub/BuscaMines/Unreal/Binaries/Win64/minesweeper_02Editor.target" 807
"../../../Engine/Config/Android/BaseAndroidEngine.ini" 808
"../../../Engine/Config/IOS/BaseIOSEngine.ini" 809
"../../../Engine/Config/Mac/BaseMacEngine.ini" 810
"../../../Engine/Config/Linux/BaseLinuxEngine.ini" 811
"../../../Engine/Config/Android/AndroidEngine.ini" 812
"../../../../../../Users/fputi/Documents/GitHub/BuscaMines/Unreal/Config/Android/AndroidEngine.ini" 813
"../../../Engine/Config/Unix/UnixEngine.ini" 814
"../../../Engine/Config/Linux/LinuxEngine.ini" 815
"../../../Engine/Config/Mac/MacGame.ini" 816
"../../../Engine/Config/Android/BaseAndroidGame.ini" 817
"../../../Engine/Config/IOS/BaseIOSGame.ini" 818
"../../../Engine/Config/IOS/IOSGame.ini" 819
"../../../Engine/Config/Linux/LinuxGame.ini" 820
"../../../Engine/Config/Mac/BaseMacInput.ini" 821
"../../../Engine/Config/Android/BaseAndroidInput.ini" 822
"../../../Engine/Config/IOS/BaseIOSInput.ini" 823
"../../../Engine/Config/Android/AndroidScalability.ini" 824
"../../../Engine/Config/IOS/IOSScalability.ini" 825
"../../../Engine/Config/IOS/BaseIOSInstallBundle.ini" 826
"../../../Engine/Config/Android/BaseAndroidInstallBundle.ini" 827
"../../../Engine/Config/TVOS/TVOSEngine.ini" 828
"../../../Engine/Config/PluginBase.ini" 829
"../../../Engine/Plugins/ChaosVD/Config/DefaultChaosVD.ini" 830
"../../../Engine/Plugins/EnhancedInput/Config/BaseEnhancedInput.ini" 831
"../../../Engine/Plugins/Fab/Config/BaseFab.ini" 832
"../../../Engine/Plugins/PCG/Config/BasePCG.ini" 833
"../../../Engine/Plugins/TraceUtilities/Config/BaseTraceUtilities.ini" 834
"../../../Engine/Plugins/FX/Niagara/Config/BaseNiagara.ini" 835
"../../../Engine/Plugins/Interchange/Assets/Config/BaseInterchangeAssets.ini" 836
"../../../Engine/Plugins/Interchange/Runtime/Config/BaseInterchange.ini" 837
"../../../Engine/Platforms/VisionOS/Config/BaseVisionOSEngine.ini" 838
"../../../Engine/Platforms/VisionOS/Config/VisionOSEngine.ini" 839
"../../../Engine/Plugins/MetaHuman/MetaHumanSDK/Config/BaseMetaHumanSDK.ini" 840
"../../../Engine/Plugins/PCGInterops/PCGGeometryScriptInterop/Config/BasePCGGeometryScriptInterop.ini" 841
"../../../Engine/Plugins/VirtualProduction/CameraCalibrationCore/Config/BaseCameraCalibrationCore.ini" 842
"../../../Engine/Plugins/VirtualProduction/Takes/Config/BaseTakes.ini" 843
"../../../Engine/Plugins/2D/Paper2D/Config/BasePaper2D.ini" 844
"../../../Engine/Plugins/Animation/ControlRig/Config/BaseControlRig.ini" 845
"../../../Engine/Plugins/Animation/DeformerGraph/Config/BaseDeformerGraph.ini" 846
"../../../Engine/Plugins/Animation/IKRig/Config/BaseIKRig.ini" 847
"../../../Engine/Plugins/Cameras/GameplayCameras/Config/BaseGameplayCameras.ini" 848
"../../../Engine/Plugins/Editor/EditorScriptingUtilities/Config/BaseEditorScriptingUtilities.ini" 849
"../../../Engine/Plugins/Enterprise/DatasmithContent/Config/BaseDatasmithContent.ini" 850
"../../../Engine/Plugins/Enterprise/GLTFExporter/Config/BaseGLTFExporter.ini" 851
"../../../Engine/Plugins/Enterprise/GLTFExporter/Config/DefaultGLTFExporter.ini" 852
"../../../Engine/Plugins/Enterprise/VariantManagerContent/Config/BaseVariantManagerContent.ini" 853
"../../../Engine/Plugins/Experimental/FullBodyIK/Config/BaseFullBodyIK.ini" 854
"../../../Engine/Plugins/Experimental/ToolPresets/Config/BaseToolPresets.ini" 855
"../../../Engine/Plugins/Online/OnlineSubsystemEOS/Config/BaseOnlineSubsystemEOS.ini" 856
"../../../Engine/Plugins/Runtime/HairStrands/Config/BaseHairStrands.ini" 857
"../../../Engine/Plugins/Runtime/Metasound/Config/BaseMetasound.ini" 858
"../../../Engine/Plugins/Runtime/Metasound/Config/DefaultMetasound.ini" 859
"../../../Engine/Plugins/Runtime/PropertyBindingUtils/Config/BasePropertyBindingUtils.ini" 860
"../../../Engine/Plugins/Runtime/RigVM/Config/BaseRigVM.ini" 861
"../../../Engine/Plugins/Runtime/StateTree/Config/BaseStateTree.ini" 862
"../../../Engine/Plugins/Runtime/Synthesis/Config/BaseSynthesis.ini" 863
"../../../Engine/Plugins/Experimental/Compositing/CompositeCore/Config/BaseCompositeCore.ini" 864
"../../../Engine/Plugins/ChaosVD/Config/Engine.ini" 865
"../../../Engine/Plugins/EnhancedInput/Config/Input.ini" 866
"../../../Engine/Plugins/Runtime/InputDebugging/Config/Input.ini" 867
"../../../Engine/Plugins/Runtime/Windows/XInputDevice/Config/Input.ini" 868
"../../../Engine/Plugins/PCG/Config/EditorPerProjectUserSettings.ini" 869
"../../../Engine/Plugins/NNE/NNEDenoiser/Config/Game.ini" 870
"../../../Engine/Plugins/Online/OnlineSubsystemUtils/Config/Editor.ini" 871
"../../../Engine/Plugins/Runtime/RigVM/Config/Editor.ini" 872
"../../../Engine/Plugins/Editor/ModelingToolsEditorMode/Binaries/Win64/UnrealEditor.modules" 873
"../../../Engine/Plugins/Runtime/MeshModelingToolset/Binaries/Win64/UnrealEditor.modules" 874
"../../../Engine/Plugins/Experimental/MeshModelingToolsetExp/Binaries/Win64/UnrealEditor.modules" 875
"../../../Engine/Plugins/Editor/MeshLODToolset/Binaries/Win64/UnrealEditor.modules" 876
"../../../Engine/Plugins/Experimental/ToolPresets/Binaries/Win64/UnrealEditor.modules" 877
"../../../Engine/Plugins/Editor/StylusInput/Binaries/Win64/UnrealEditor.modules" 878
"../../../Engine/Plugins/Runtime/GeometryProcessing/Binaries/Win64/UnrealEditor.modules" 879
"../../../Engine/Plugins/Editor/ProxyLODPlugin/Binaries/Win64/UnrealEditor.modules" 880
"../../../Engine/Plugins/Experimental/PlanarCutPlugin/Binaries/Win64/UnrealEditor.modules" 881
"../../../Engine/Plugins/Runtime/GeometryCache/Binaries/Win64/UnrealEditor.modules" 882
"../../../Engine/Plugins/Experimental/GeometryFlow/Binaries/Win64/UnrealEditor.modules" 883
"../../../Engine/Plugins/Editor/EditorScriptingUtilities/Binaries/Win64/UnrealEditor.modules" 884
"../../../Engine/Plugins/FX/Niagara/Binaries/Win64/UnrealEditor.modules" 885
"../../../Engine/Plugins/Experimental/PythonScriptPlugin/Binaries/Win64/UnrealEditor.modules" 886
"../../../Engine/Plugins/Editor/ContentBrowser/ContentBrowserFileDataSource/Binaries/Win64/UnrealEditor.modules" 887
"../../../Engine/Plugins/Experimental/Text3D/Binaries/Win64/UnrealEditor.modules" 888
"../../../Engine/Plugins/VirtualProduction/GeometryMask/Binaries/Win64/UnrealEditor.modules" 889
"../../../Engine/Plugins/PCG/Binaries/Win64/UnrealEditor.modules" 890
"../../../Engine/Plugins/Runtime/ComputeFramework/Binaries/Win64/UnrealEditor.modules" 891
"../../../Engine/Plugins/PCGInterops/PCGGeometryScriptInterop/Binaries/Win64/UnrealEditor.modules" 892
"../../../Engine/Plugins/Runtime/GeometryScripting/Binaries/Win64/UnrealEditor.modules" 893
"../../../Engine/Plugins/Online/OnlineSubsystemEOS/Binaries/Win64/UnrealEditor.modules" 894
"../../../Engine/Plugins/Online/OnlineSubsystem/Binaries/Win64/UnrealEditor.modules" 895
"../../../Engine/Plugins/Online/OnlineSubsystemUtils/Binaries/Win64/UnrealEditor.modules" 896
"../../../Engine/Plugins/Online/EOSShared/Binaries/Win64/UnrealEditor.modules" 897
"../../../Engine/Plugins/Online/VoiceChat/EOSVoiceChat/Binaries/Win64/UnrealEditor.modules" 898
"../../../Engine/Plugins/Online/SocketSubsystemEOS/Binaries/Win64/UnrealEditor.modules" 899
"../../../Engine/Plugins/Online/OnlineBase/Binaries/Win64/UnrealEditor.modules" 900
"../../../Engine/Plugins/Online/OnlineServices/Binaries/Win64/UnrealEditor.modules" 901
"../../../Engine/Plugins/Bridge/Binaries/Win64/UnrealEditor.modules" 902
"../../../Engine/Plugins/MetaHuman/MetaHumanSDK/Binaries/Win64/UnrealEditor.modules" 903
"../../../Engine/Plugins/Animation/ControlRig/Binaries/Win64/UnrealEditor.modules" 904
"../../../Engine/Plugins/Runtime/HairStrands/Binaries/Win64/UnrealEditor.modules" 905
"../../../Engine/Plugins/Animation/RigLogic/Binaries/Win64/UnrealEditor.modules" 906
"../../../Engine/Plugins/Runtime/RigVM/Binaries/Win64/UnrealEditor.modules" 907
"../../../Engine/Plugins/MovieScene/LevelSequenceEditor/Binaries/Win64/UnrealEditor.modules" 908
"../../../Engine/Plugins/Runtime/PropertyAccess/Binaries/Win64/UnrealEditor.modules" 909
"../../../Engine/Plugins/MovieScene/SequencerScripting/Binaries/Win64/UnrealEditor.modules" 910
"../../../Engine/Plugins/Animation/TweeningUtils/Binaries/Win64/UnrealEditor.modules" 911
"../../../Engine/Plugins/Animation/DeformerGraph/Binaries/Win64/UnrealEditor.modules" 912
"../../../Engine/Plugins/Experimental/Dataflow/Binaries/Win64/UnrealEditor.modules" 913
"../../../Engine/Plugins/Experimental/CharacterFXEditor/BaseCharacterFXEditor/Binaries/Win64/UnrealEditor.modules" 914
"../../../Engine/Plugins/Runtime/ProceduralMeshComponent/Binaries/Win64/UnrealEditor.modules" 915
"../../../Engine/Plugins/Experimental/ChaosCaching/Binaries/Win64/UnrealEditor.modules" 916
"../../../Engine/Plugins/Experimental/EditorDataStorage/Binaries/Win64/UnrealEditor.modules" 917
"../../../Engine/Plugins/Experimental/EditorDataStorageFeatures/Binaries/Win64/UnrealEditor.modules" 918
"../../../Engine/Plugins/VirtualProduction/Takes/Binaries/Win64/UnrealEditor.modules" 919
"../../../Engine/Plugins/Runtime/AudioCapture/Binaries/Win64/UnrealEditor.modules" 920
"../../../Engine/Plugins/Developer/NamingTokens/Binaries/Win64/UnrealEditor.modules" 921
"../../../Engine/Plugins/Editor/EngineAssetDefinitions/Binaries/Win64/UnrealEditor.modules" 922
"../../../Engine/Plugins/ChaosCloth/Binaries/Win64/UnrealEditor.modules" 923
"../../../Engine/Plugins/ChaosInsights/Binaries/Win64/UnrealEditor.modules" 924
"../../../Engine/Plugins/ChaosVD/Binaries/Win64/UnrealEditor.modules" 925
"../../../Engine/Plugins/CmdLinkServer/Binaries/Win64/UnrealEditor.modules" 926
"../../../Engine/Plugins/EnhancedInput/Binaries/Win64/UnrealEditor.modules" 927
"../../../Engine/Plugins/Editor/DataValidation/Binaries/Win64/UnrealEditor.modules" 928
"../../../Engine/Plugins/Fab/Binaries/Win64/UnrealEditor.modules" 929
"../../../Engine/Plugins/Interchange/Runtime/Binaries/Win64/UnrealEditor.modules" 930
"../../../Engine/Plugins/Enterprise/VariantManagerContent/Binaries/Win64/UnrealEditor.modules" 931
"../../../Engine/Plugins/Enterprise/VariantManager/Binaries/Win64/UnrealEditor.modules" 932
"../../../Engine/Plugins/Interchange/Assets/Binaries/Win64/UnrealEditor.modules" 933
"../../../Engine/Plugins/FastBuildController/Binaries/Win64/UnrealEditor.modules" 934
"../../../Engine/Plugins/IoStoreInsights/Binaries/Win64/UnrealEditor.modules" 935
"../../../Engine/Plugins/MassInsights/Binaries/Win64/UnrealEditor.modules" 936
"../../../Engine/Plugins/MeshPainting/Binaries/Win64/UnrealEditor.modules" 937
"../../../Engine/Plugins/Interchange/Editor/Binaries/Win64/UnrealEditor.modules" 938
"../../../Engine/Plugins/RenderGraphInsights/Binaries/Win64/UnrealEditor.modules" 939
"../../../Engine/Plugins/UbaController/Binaries/Win64/UnrealEditor.modules" 940
"../../../Engine/Plugins/TraceUtilities/Binaries/Win64/UnrealEditor.modules" 941
"../../../Engine/Plugins/WorldMetrics/Binaries/Win64/UnrealEditor.modules" 942
"../../../Engine/Plugins/XGEController/Binaries/Win64/UnrealEditor.modules" 943
"../../../Engine/Plugins/FX/Cascade/Binaries/Win64/UnrealEditor.modules" 944
"../../../Engine/Plugins/FX/NiagaraSimCaching/Binaries/Win64/UnrealEditor.modules" 945
"../../../Engine/Plugins/Importers/AlembicImporter/Binaries/Win64/UnrealEditor.modules" 946
"../../../Engine/Plugins/Media/AndroidMedia/Binaries/Win64/UnrealEditor.modules" 947
"../../../Engine/Plugins/Media/AvfMedia/Binaries/Win64/UnrealEditor.modules" 948
"../../../Engine/Plugins/Media/ImgMedia/Binaries/Win64/UnrealEditor.modules" 949
"../../../Engine/Plugins/Media/MediaPlayerEditor/Binaries/Win64/UnrealEditor.modules" 950
"../../../Engine/Plugins/Media/MediaCompositing/Binaries/Win64/UnrealEditor.modules" 951
"../../../Engine/Plugins/Media/MediaPlate/Binaries/Win64/UnrealEditor.modules" 952
"../../../Engine/Plugins/Experimental/Compositing/CompositeCore/Binaries/Win64/UnrealEditor.modules" 953
"../../../Engine/Plugins/Media/WmfMedia/Binaries/Win64/UnrealEditor.modules" 954
"../../../Engine/Plugins/NNE/NNEDenoiser/Binaries/Win64/UnrealEditor.modules" 955
"../../../Engine/Plugins/NNE/NNERuntimeORT/Binaries/Win64/UnrealEditor.modules" 956
"../../../Engine/Plugins/Portal/LauncherChunkInstaller/Binaries/Win64/UnrealEditor.modules" 957
"../../../Engine/Plugins/MovieScene/ActorSequence/Binaries/Win64/UnrealEditor.modules" 958
"../../../Engine/Plugins/Tests/InterchangeTests/Binaries/Win64/UnrealEditor.modules" 959
"../../../Engine/Plugins/2D/Paper2D/Binaries/Win64/UnrealEditor.modules" 960
"../../../Engine/Plugins/AI/AISupport/Binaries/Win64/UnrealEditor.modules" 961
"../../../Engine/Plugins/AI/EnvironmentQueryEditor/Binaries/Win64/UnrealEditor.modules" 962
"../../../Engine/Plugins/Animation/ACLPlugin/Binaries/Win64/UnrealEditor.modules" 963
"../../../Engine/Plugins/Animation/AnimationData/Binaries/Win64/UnrealEditor.modules" 964
"../../../Engine/Plugins/Animation/AnimationModifierLibrary/Binaries/Win64/UnrealEditor.modules" 965
"../../../Engine/Plugins/Animation/BlendSpaceMotionAnalysis/Binaries/Win64/UnrealEditor.modules" 966
"../../../Engine/Plugins/Animation/ControlRigSpline/Binaries/Win64/UnrealEditor.modules" 967
"../../../Engine/Plugins/Animation/IKRig/Binaries/Win64/UnrealEditor.modules" 968
"../../../Engine/Plugins/Experimental/FullBodyIK/Binaries/Win64/UnrealEditor.modules" 969
"../../../Engine/Plugins/Animation/SkeletalMeshModelingTools/Binaries/Win64/UnrealEditor.modules" 970
"../../../Engine/Plugins/Cameras/GameplayCameras/Binaries/Win64/UnrealEditor.modules" 971
"../../../Engine/Plugins/VirtualProduction/CameraCalibrationCore/Binaries/Win64/UnrealEditor.modules" 972
"../../../Engine/Plugins/Runtime/StateTree/Binaries/Win64/UnrealEditor.modules" 973
"../../../Engine/Plugins/MovieScene/TemplateSequence/Binaries/Win64/UnrealEditor.modules" 974
"../../../Engine/Plugins/Animation/GameplayInsights/Binaries/Win64/UnrealEditor.modules" 975
"../../../Engine/Plugins/Runtime/PropertyBindingUtils/Binaries/Win64/UnrealEditor.modules" 976
"../../../Engine/Plugins/Cameras/EngineCameras/Binaries/Win64/UnrealEditor.modules" 977
"../../../Engine/Plugins/Cameras/CameraShakePreviewer/Binaries/Win64/UnrealEditor.modules" 978
"../../../Engine/Plugins/Compression/OodleNetwork/Binaries/Win64/UnrealEditor.modules" 979
"../../../Engine/Plugins/Developer/AnimationSharing/Binaries/Win64/UnrealEditor.modules" 980
"../../../Engine/Plugins/Runtime/SignificanceManager/Binaries/Win64/UnrealEditor.modules" 981
"../../../Engine/Plugins/Developer/CLionSourceCodeAccess/Binaries/Win64/UnrealEditor.modules" 982
"../../../Engine/Plugins/Developer/DumpGPUServices/Binaries/Win64/UnrealEditor.modules" 983
"../../../Engine/Plugins/Developer/GitSourceControl/Binaries/Win64/UnrealEditor.modules" 984
"../../../Engine/Plugins/Developer/N10XSourceCodeAccess/Binaries/Win64/UnrealEditor.modules" 985
"../../../Engine/Plugins/Developer/PixWinPlugin/Binaries/Win64/UnrealEditor.modules" 986
"../../../Engine/Plugins/Developer/PerforceSourceControl/Binaries/Win64/UnrealEditor.modules" 987
"../../../Engine/Plugins/Developer/PlasticSourceControl/Binaries/Win64/UnrealEditor.modules" 988
"../../../Engine/Plugins/Developer/PluginUtils/Binaries/Win64/UnrealEditor.modules" 989
"../../../Engine/Plugins/Developer/RenderDocPlugin/Binaries/Win64/UnrealEditor.modules" 990
"../../../Engine/Plugins/Developer/ProjectLauncher/Binaries/Win64/UnrealEditor.modules" 991
"../../../Engine/Plugins/Developer/PropertyAccessNode/Binaries/Win64/UnrealEditor.modules" 992
"../../../Engine/Plugins/Developer/RiderSourceCodeAccess/Binaries/Win64/UnrealEditor.modules" 993
"../../../Engine/Plugins/Developer/SubversionSourceControl/Binaries/Win64/UnrealEditor.modules" 994
"../../../Engine/Plugins/Developer/TextureFormatOodle/Binaries/Win64/UnrealEditor.modules" 995
"../../../Engine/Plugins/Developer/UObjectPlugin/Binaries/Win64/UnrealEditor.modules" 996
"../../../Engine/Plugins/Developer/VisualStudioCodeSourceCodeAccess/Binaries/Win64/UnrealEditor.modules" 997
"../../../Engine/Plugins/Editor/AssetManagerEditor/Binaries/Win64/UnrealEditor.modules" 998
"../../../Engine/Plugins/Editor/ContentBrowser/ContentBrowserAssetDataSource/Binaries/Win64/UnrealEditor.modules" 999
"../../../Engine/Plugins/Developer/VisualStudioSourceCodeAccess/Binaries/Win64/UnrealEditor.modules" 1000
"../../../Engine/Plugins/Editor/BlueprintHeaderView/Binaries/Win64/UnrealEditor.modules" 1001
"../../../Engine/Plugins/Editor/ChangelistReview/Binaries/Win64/UnrealEditor.modules" 1002
"../../../Engine/Plugins/Editor/CurveEditorTools/Binaries/Win64/UnrealEditor.modules" 1003
"../../../Engine/Plugins/Editor/ColorGrading/Binaries/Win64/UnrealEditor.modules" 1004
"../../../Engine/Plugins/Editor/ObjectMixer/ObjectMixer/Binaries/Win64/UnrealEditor.modules" 1005
"../../../Engine/Plugins/Editor/CryptoKeys/Binaries/Win64/UnrealEditor.modules" 1006
"../../../Engine/Plugins/Editor/EditorDebugTools/Binaries/Win64/UnrealEditor.modules" 1007
"../../../Engine/Plugins/Editor/GeometryMode/Binaries/Win64/UnrealEditor.modules" 1008
"../../../Engine/Plugins/Editor/GameplayTagsEditor/Binaries/Win64/UnrealEditor.modules" 1009
"../../../Engine/Plugins/Editor/FacialAnimation/Binaries/Win64/UnrealEditor.modules" 1010
"../../../Engine/Plugins/Editor/MaterialAnalyzer/Binaries/Win64/UnrealEditor.modules" 1011
"../../../Engine/Plugins/Editor/PluginBrowser/Binaries/Win64/UnrealEditor.modules" 1012
"../../../Engine/Plugins/Editor/MobileLauncherProfileWizard/Binaries/Win64/UnrealEditor.modules" 1013
"../../../Engine/Plugins/Editor/SpeedTreeImporter/Binaries/Win64/UnrealEditor.modules" 1014
"../../../Engine/Plugins/Editor/SequencerAnimTools/Binaries/Win64/UnrealEditor.modules" 1015
"../../../Engine/Plugins/Editor/UMGWidgetPreview/Binaries/Win64/UnrealEditor.modules" 1016
"../../../Engine/Plugins/Editor/UVEditor/Binaries/Win64/UnrealEditor.modules" 1017
"../../../Engine/Plugins/Editor/WorldPartitionHLODUtilities/Binaries/Win64/UnrealEditor.modules" 1018
"../../../Engine/Plugins/Enterprise/DatasmithContent/Binaries/Win64/UnrealEditor.modules" 1019
"../../../Engine/Plugins/Enterprise/GLTFExporter/Binaries/Win64/UnrealEditor.modules" 1020
"../../../Engine/Plugins/Experimental/AdvancedRenamer/Binaries/Win64/UnrealEditor.modules" 1021
"../../../Engine/Plugins/Experimental/AutomationUtils/Binaries/Win64/UnrealEditor.modules" 1022
"../../../Engine/Plugins/Experimental/BackChannel/Binaries/Win64/UnrealEditor.modules" 1023
"../../../Engine/Plugins/Experimental/ChaosEditor/Binaries/Win64/UnrealEditor.modules" 1024
"../../../Engine/Plugins/Experimental/GeometryCollectionPlugin/Binaries/Win64/UnrealEditor.modules" 1025
"../../../Engine/Plugins/Experimental/Fracture/Binaries/Win64/UnrealEditor.modules" 1026
"../../../Engine/Plugins/Experimental/ChaosSolverPlugin/Binaries/Win64/UnrealEditor.modules" 1027
"../../../Engine/Plugins/Experimental/GeometryDataflow/Binaries/Win64/UnrealEditor.modules" 1028
"../../../Engine/Plugins/Experimental/ChaosNiagara/Binaries/Win64/UnrealEditor.modules" 1029
"../../../Engine/Plugins/Experimental/ChaosUserDataPT/Binaries/Win64/UnrealEditor.modules" 1030
"../../../Engine/Plugins/Experimental/CharacterAI/Binaries/Win64/UnrealEditor.modules" 1031
"../../../Engine/Plugins/Experimental/EditorPerformance/Binaries/Win64/UnrealEditor.modules" 1032
"../../../Engine/Plugins/Experimental/EditorTelemetry/Binaries/Win64/UnrealEditor.modules" 1033
"../../../Engine/Plugins/Experimental/LevelSequenceNavigatorBridge/Binaries/Win64/UnrealEditor.modules" 1034
"../../../Engine/Plugins/Experimental/SequenceNavigator/Binaries/Win64/UnrealEditor.modules" 1035
"../../../Engine/Plugins/Experimental/LocalizableMessage/Binaries/Win64/UnrealEditor.modules" 1036
"../../../Engine/Plugins/Experimental/NFORDenoise/Binaries/Win64/UnrealEditor.modules" 1037
"../../../Engine/Plugins/Experimental/PlatformCrypto/Binaries/Win64/UnrealEditor.modules" 1038
"../../../Engine/Plugins/Experimental/RuntimeTelemetry/Binaries/Win64/UnrealEditor.modules" 1039
"../../../Engine/Plugins/Experimental/SkeletalReduction/Binaries/Win64/UnrealEditor.modules" 1040
"../../../Engine/Plugins/Messaging/TcpMessaging/Binaries/Win64/UnrealEditor.modules" 1041
"../../../Engine/Plugins/Messaging/UdpMessaging/Binaries/Win64/UnrealEditor.modules" 1042
"../../../Engine/Plugins/Online/OnlineSubsystemNull/Binaries/Win64/UnrealEditor.modules" 1043
"../../../Engine/Plugins/Runtime/ActorLayerUtilities/Binaries/Win64/UnrealEditor.modules" 1044
"../../../Engine/Plugins/Runtime/AndroidDeviceProfileSelector/Binaries/Win64/UnrealEditor.modules" 1045
"../../../Engine/Plugins/Runtime/AndroidFileServer/Binaries/Win64/UnrealEditor.modules" 1046
"../../../Engine/Plugins/Runtime/AndroidPermission/Binaries/Win64/UnrealEditor.modules" 1047
"../../../Engine/Plugins/Runtime/ArchVisCharacter/Binaries/Win64/UnrealEditor.modules" 1048
"../../../Engine/Plugins/Runtime/AppleImageUtils/Binaries/Win64/UnrealEditor.modules" 1049
"../../../Engine/Plugins/Runtime/AssetTags/Binaries/Win64/UnrealEditor.modules" 1050
"../../../Engine/Plugins/Runtime/CableComponent/Binaries/Win64/UnrealEditor.modules" 1051
"../../../Engine/Plugins/Runtime/ChunkDownloader/Binaries/Win64/UnrealEditor.modules" 1052
"../../../Engine/Plugins/Runtime/CustomMeshComponent/Binaries/Win64/UnrealEditor.modules" 1053
"../../../Engine/Plugins/Runtime/ExampleDeviceProfileSelector/Binaries/Win64/UnrealEditor.modules" 1054
"../../../Engine/Plugins/Runtime/GooglePAD/Binaries/Win64/UnrealEditor.modules" 1055
"../../../Engine/Plugins/Runtime/InputDebugging/Binaries/Win64/UnrealEditor.modules" 1056
"../../../Engine/Plugins/Runtime/LocationServicesBPLibrary/Binaries/Win64/UnrealEditor.modules" 1057
"../../../Engine/Plugins/Runtime/Metasound/Binaries/Win64/UnrealEditor.modules" 1058
"../../../Engine/Plugins/Runtime/AudioWidgets/Binaries/Win64/UnrealEditor.modules" 1059
"../../../Engine/Plugins/Runtime/AudioSynesthesia/Binaries/Win64/UnrealEditor.modules" 1060
"../../../Engine/Plugins/Runtime/WaveTable/Binaries/Win64/UnrealEditor.modules" 1061
"../../../Engine/Plugins/Runtime/MobilePatchingUtils/Binaries/Win64/UnrealEditor.modules" 1062
"../../../Engine/Plugins/Runtime/MsQuic/Binaries/Win64/UnrealEditor.modules" 1063
"../../../Engine/Plugins/Runtime/ResonanceAudio/Binaries/Win64/UnrealEditor.modules" 1064
"../../../Engine/Plugins/Runtime/SoundFields/Binaries/Win64/UnrealEditor.modules" 1065
"../../../Engine/Plugins/Runtime/Synthesis/Binaries/Win64/UnrealEditor.modules" 1066
"../../../Engine/Plugins/Runtime/WebMMoviePlayer/Binaries/Win64/UnrealEditor.modules" 1067
"../../../Engine/Plugins/Media/WebMMedia/Binaries/Win64/UnrealEditor.modules" 1068
"../../../Engine/Plugins/Runtime/WindowsDeviceProfileSelector/Binaries/Win64/UnrealEditor.modules" 1069
"../../../Engine/Plugins/Runtime/WindowsMoviePlayer/Binaries/Win64/UnrealEditor.modules" 1070
"../../../Engine/Plugins/Editor/Localization/PortableObjectFileDataSource/Binaries/Win64/UnrealEditor.modules" 1071
"../../../Engine/Plugins/Editor/ObjectMixer/LightMixer/Binaries/Win64/UnrealEditor.modules" 1072
"../../../Engine/Plugins/Editor/ContentBrowser/ContentBrowserClassDataSource/Binaries/Win64/UnrealEditor.modules" 1073
"../../../Engine/Plugins/Runtime/Windows/XInputDevice/Binaries/Win64/UnrealEditor.modules" 1074
"C:/Users/fputi/Documents/GitHub/BuscaMines/Unreal/Plugins/CacoStatsSystem/Binaries/Win64/UnrealEditor.modules" 1075
"C:/Users/fputi/Documents/GitHub/BuscaMines/Unreal/Plugins/CacoUserSystem/Binaries/Win64/UnrealEditor.modules" 1076
"../../../Engine/Config/BaseSourceControlSettings.ini" 1077
"../../../Engine/Content/Internationalization/icudt64l/coll/ucadata.icu" 1078
"../../../Engine/Content/Internationalization/icudt64l/coll/es.res" 1079
"../../../Engine/Content/Internationalization/icudt64l/coll/root.res" 1080
"../../../Engine/Content/Certificates/ThirdParty/cacert.pem" 1081
"../../../Engine/Config/ConsoleVariables.ini" 1082
"../../../Engine/Binaries/Win64/Android/UnrealEditor.modules" 1083
"../../../Engine/Binaries/Win64/IOS/UnrealEditor.modules" 1084
"../../../Engine/Binaries/Win64/Linux/UnrealEditor.modules" 1085
"../../../Engine/Content/Localization/Editor/en/Editor.locres" 1086
"../../../Engine/Content/Localization/EditorTutorials/en/EditorTutorials.locres" 1087
"../../../Engine/Content/Localization/Keywords/en/Keywords.locres" 1088
"../../../Engine/Content/Localization/Category/en/Category.locres" 1089
"../../../Engine/Content/Localization/ToolTips/en/ToolTips.locres" 1090
"../../../Engine/Content/Localization/PropertyNames/en/PropertyNames.locres" 1091
"../../../Engine/Content/Localization/Engine/en/Engine.locres" 1092
"../../../Engine/Plugins/MetaHuman/MetaHumanSDK/Content/Localization/MetaHumanSDK/en/MetaHumanSDK.locres" 1093
"../../../Engine/Plugins/Online/OnlineSubsystem/Content/Localization/OnlineSubsystem/en/OnlineSubsystem.locres" 1094
"../../../Engine/Plugins/Online/OnlineSubsystemUtils/Content/Localization/OnlineSubsystemUtils/en/OnlineSubsystemUtils.locres" 1095
"../../../Engine/Plugins/Online/Android/OnlineSubsystemGooglePlay/Content/Localization/OnlineSubsystemGooglePlay/en/OnlineSubsystemGooglePlay.locres" 1096
"../../../Engine/Plugins/Online/IOS/OnlineSubsystemIOS/Content/Localization/OnlineSubsystemIOS/en/OnlineSubsystemIOS.locres" 1097
"../../../Engine/Content/Internationalization/icudt64l/numberingSystems.res" 1098
"../../../Engine/Content/Internationalization/icudt64l/curr/supplementalData.res" 1099
"../../../Engine/Content/Internationalization/icudt64l/curr/es.res" 1100
"../../../Engine/Content/Internationalization/icudt64l/curr/pool.res" 1101
"../../../Engine/Content/Internationalization/icudt64l/curr/root.res" 1102
"../../../Engine/Content/Internationalization/icudt64l/lang/af.res" 1103
"../../../Engine/Content/Internationalization/icudt64l/region/af.res" 1104
"../../../Engine/Content/Internationalization/icudt64l/lang/agq.res" 1105
"../../../Engine/Content/Internationalization/icudt64l/region/agq.res" 1106
"../../../Engine/Content/Internationalization/icudt64l/lang/ak.res" 1107
"../../../Engine/Content/Internationalization/icudt64l/region/ak.res" 1108
"../../../Engine/Content/Internationalization/icudt64l/lang/am.res" 1109
"../../../Engine/Content/Internationalization/icudt64l/region/am.res" 1110
"../../../Engine/Content/Internationalization/icudt64l/lang/ar.res" 1111
"../../../Engine/Content/Internationalization/icudt64l/region/ar.res" 1112
"../../../Engine/Content/Internationalization/icudt64l/region/ar_AE.res" 1113
"../../../Engine/Content/Internationalization/icudt64l/lang/ar_EG.res" 1114
"../../../Engine/Content/Internationalization/icudt64l/lang/ar_LY.res" 1115
"../../../Engine/Content/Internationalization/icudt64l/region/ar_LY.res" 1116
"../../../Engine/Content/Internationalization/icudt64l/lang/ar_SA.res" 1117
"../../../Engine/Content/Internationalization/icudt64l/region/ar_SA.res" 1118
"../../../Engine/Content/Internationalization/icudt64l/lang/as.res" 1119
"../../../Engine/Content/Internationalization/icudt64l/region/as.res" 1120
"../../../Engine/Content/Internationalization/icudt64l/lang/asa.res" 1121
"../../../Engine/Content/Internationalization/icudt64l/region/asa.res" 1122
"../../../Engine/Content/Internationalization/icudt64l/lang/ast.res" 1123
"../../../Engine/Content/Internationalization/icudt64l/region/ast.res" 1124
"../../../Engine/Content/Internationalization/icudt64l/lang/az.res" 1125
"../../../Engine/Content/Internationalization/icudt64l/lang/az_Cyrl.res" 1126
"../../../Engine/Content/Internationalization/icudt64l/lang/az_AZ.res" 1127
"../../../Engine/Content/Internationalization/icudt64l/lang/az_Latn_AZ.res" 1128
"../../../Engine/Content/Internationalization/icudt64l/lang/az_Latn.res" 1129
"../../../Engine/Content/Internationalization/icudt64l/region/az_AZ.res" 1130
"../../../Engine/Content/Internationalization/icudt64l/region/az_Latn_AZ.res" 1131
"../../../Engine/Content/Internationalization/icudt64l/region/az_Latn.res" 1132
"../../../Engine/Content/Internationalization/icudt64l/region/az.res" 1133
"../../../Engine/Content/Internationalization/icudt64l/region/az_Cyrl.res" 1134
"../../../Engine/Content/Internationalization/icudt64l/lang/bas.res" 1135
"../../../Engine/Content/Internationalization/icudt64l/region/bas.res" 1136
"../../../Engine/Content/Internationalization/icudt64l/lang/be.res" 1137
"../../../Engine/Content/Internationalization/icudt64l/region/be.res" 1138
"../../../Engine/Content/Internationalization/icudt64l/lang/bem.res" 1139
"../../../Engine/Content/Internationalization/icudt64l/region/bem.res" 1140
"../../../Engine/Content/Internationalization/icudt64l/lang/bez.res" 1141
"../../../Engine/Content/Internationalization/icudt64l/region/bez.res" 1142
"../../../Engine/Content/Internationalization/icudt64l/lang/bg.res" 1143
"../../../Engine/Content/Internationalization/icudt64l/region/bg.res" 1144
"../../../Engine/Content/Internationalization/icudt64l/lang/bm.res" 1145
"../../../Engine/Content/Internationalization/icudt64l/region/bm.res" 1146
"../../../Engine/Content/Internationalization/icudt64l/lang/bn.res" 1147
"../../../Engine/Content/Internationalization/icudt64l/region/bn.res" 1148
"../../../Engine/Content/Internationalization/icudt64l/lang/bn_IN.res" 1149
"../../../Engine/Content/Internationalization/icudt64l/region/bn_IN.res" 1150
"../../../Engine/Content/Internationalization/icudt64l/lang/bo.res" 1151
"../../../Engine/Content/Internationalization/icudt64l/region/bo.res" 1152
"../../../Engine/Content/Internationalization/icudt64l/region/bo_IN.res" 1153
"../../../Engine/Content/Internationalization/icudt64l/lang/br.res" 1154
"../../../Engine/Content/Internationalization/icudt64l/region/br.res" 1155
"../../../Engine/Content/Internationalization/icudt64l/lang/brx.res" 1156
"../../../Engine/Content/Internationalization/icudt64l/region/brx.res" 1157
"../../../Engine/Content/Internationalization/icudt64l/lang/bs.res" 1158
"../../../Engine/Content/Internationalization/icudt64l/lang/bs_Cyrl.res" 1159
"../../../Engine/Content/Internationalization/icudt64l/lang/bs_BA.res" 1160
"../../../Engine/Content/Internationalization/icudt64l/lang/bs_Latn_BA.res" 1161
"../../../Engine/Content/Internationalization/icudt64l/lang/bs_Latn.res" 1162
"../../../Engine/Content/Internationalization/icudt64l/region/bs_BA.res" 1163
"../../../Engine/Content/Internationalization/icudt64l/region/bs_Latn_BA.res" 1164
"../../../Engine/Content/Internationalization/icudt64l/region/bs_Latn.res" 1165
"../../../Engine/Content/Internationalization/icudt64l/region/bs.res" 1166
"../../../Engine/Content/Internationalization/icudt64l/region/bs_Cyrl.res" 1167
"../../../Engine/Content/Internationalization/icudt64l/lang/ca.res" 1168
"../../../Engine/Content/Internationalization/icudt64l/region/ca.res" 1169
"../../../Engine/Content/Internationalization/icudt64l/lang/ccp.res" 1170
"../../../Engine/Content/Internationalization/icudt64l/region/ccp.res" 1171
"../../../Engine/Content/Internationalization/icudt64l/lang/ce.res" 1172
"../../../Engine/Content/Internationalization/icudt64l/region/ce.res" 1173
"../../../Engine/Content/Internationalization/icudt64l/lang/ceb.res" 1174
"../../../Engine/Content/Internationalization/icudt64l/region/ceb.res" 1175
"../../../Engine/Content/Internationalization/icudt64l/lang/cgg.res" 1176
"../../../Engine/Content/Internationalization/icudt64l/region/cgg.res" 1177
"../../../Engine/Content/Internationalization/icudt64l/lang/chr.res" 1178
"../../../Engine/Content/Internationalization/icudt64l/region/chr.res" 1179
"../../../Engine/Content/Internationalization/icudt64l/lang/ckb.res" 1180
"../../../Engine/Content/Internationalization/icudt64l/region/ckb.res" 1181
"../../../Engine/Content/Internationalization/icudt64l/lang/cs.res" 1182
"../../../Engine/Content/Internationalization/icudt64l/region/cs.res" 1183
"../../../Engine/Content/Internationalization/icudt64l/lang/cy.res" 1184
"../../../Engine/Content/Internationalization/icudt64l/region/cy.res" 1185
"../../../Engine/Content/Internationalization/icudt64l/lang/da.res" 1186
"../../../Engine/Content/Internationalization/icudt64l/region/da.res" 1187
"../../../Engine/Content/Internationalization/icudt64l/lang/dav.res" 1188
"../../../Engine/Content/Internationalization/icudt64l/region/dav.res" 1189
"../../../Engine/Content/Internationalization/icudt64l/lang/de.res" 1190
"../../../Engine/Content/Internationalization/icudt64l/lang/de_AT.res" 1191
"../../../Engine/Content/Internationalization/icudt64l/region/de_AT.res" 1192
"../../../Engine/Content/Internationalization/icudt64l/region/de.res" 1193
"../../../Engine/Content/Internationalization/icudt64l/lang/de_CH.res" 1194
"../../../Engine/Content/Internationalization/icudt64l/region/de_CH.res" 1195
"../../../Engine/Content/Internationalization/icudt64l/lang/de_LU.res" 1196
"../../../Engine/Content/Internationalization/icudt64l/lang/dje.res" 1197
"../../../Engine/Content/Internationalization/icudt64l/region/dje.res" 1198
"../../../Engine/Content/Internationalization/icudt64l/lang/dsb.res" 1199
"../../../Engine/Content/Internationalization/icudt64l/region/dsb.res" 1200
"../../../Engine/Content/Internationalization/icudt64l/lang/dua.res" 1201
"../../../Engine/Content/Internationalization/icudt64l/region/dua.res" 1202
"../../../Engine/Content/Internationalization/icudt64l/lang/dyo.res" 1203
"../../../Engine/Content/Internationalization/icudt64l/region/dyo.res" 1204
"../../../Engine/Content/Internationalization/icudt64l/lang/dz.res" 1205
"../../../Engine/Content/Internationalization/icudt64l/region/dz.res" 1206
"../../../Engine/Content/Internationalization/icudt64l/lang/ebu.res" 1207
"../../../Engine/Content/Internationalization/icudt64l/region/ebu.res" 1208
"../../../Engine/Content/Internationalization/icudt64l/lang/ee.res" 1209
"../../../Engine/Content/Internationalization/icudt64l/region/ee.res" 1210
"../../../Engine/Content/Internationalization/icudt64l/lang/el.res" 1211
"../../../Engine/Content/Internationalization/icudt64l/region/el.res" 1212
"../../../Engine/Content/Internationalization/icudt64l/lang/en_001.res" 1213
"../../../Engine/Content/Internationalization/icudt64l/lang/en_150.res" 1214
"../../../Engine/Content/Internationalization/icudt64l/region/en_150.res" 1215
"../../../Engine/Content/Internationalization/icudt64l/lang/en_AG.res" 1216
"../../../Engine/Content/Internationalization/icudt64l/region/en_AG.res" 1217
"../../../Engine/Content/Internationalization/icudt64l/lang/en_AI.res" 1218
"../../../Engine/Content/Internationalization/icudt64l/region/en_AI.res" 1219
"../../../Engine/Content/Internationalization/icudt64l/lang/en_AT.res" 1220
"../../../Engine/Content/Internationalization/icudt64l/region/en_AT.res" 1221
"../../../Engine/Content/Internationalization/icudt64l/lang/en_AU.res" 1222
"../../../Engine/Content/Internationalization/icudt64l/region/en_AU.res" 1223
"../../../Engine/Content/Internationalization/icudt64l/lang/en_BB.res" 1224
"../../../Engine/Content/Internationalization/icudt64l/region/en_BB.res" 1225
"../../../Engine/Content/Internationalization/icudt64l/lang/en_BE.res" 1226
"../../../Engine/Content/Internationalization/icudt64l/region/en_BE.res" 1227
"../../../Engine/Content/Internationalization/icudt64l/lang/en_BM.res" 1228
"../../../Engine/Content/Internationalization/icudt64l/region/en_BM.res" 1229
"../../../Engine/Content/Internationalization/icudt64l/lang/en_BS.res" 1230
"../../../Engine/Content/Internationalization/icudt64l/region/en_BS.res" 1231
"../../../Engine/Content/Internationalization/icudt64l/lang/en_BW.res" 1232
"../../../Engine/Content/Internationalization/icudt64l/region/en_BW.res" 1233
"../../../Engine/Content/Internationalization/icudt64l/lang/en_BZ.res" 1234
"../../../Engine/Content/Internationalization/icudt64l/region/en_BZ.res" 1235
"../../../Engine/Content/Internationalization/icudt64l/lang/en_CA.res" 1236
"../../../Engine/Content/Internationalization/icudt64l/region/en_CA.res" 1237
"../../../Engine/Content/Internationalization/icudt64l/lang/en_CC.res" 1238
"../../../Engine/Content/Internationalization/icudt64l/region/en_CC.res" 1239
"../../../Engine/Content/Internationalization/icudt64l/lang/en_CH.res" 1240
"../../../Engine/Content/Internationalization/icudt64l/region/en_CH.res" 1241
"../../../Engine/Content/Internationalization/icudt64l/lang/en_CK.res" 1242
"../../../Engine/Content/Internationalization/icudt64l/region/en_CK.res" 1243
"../../../Engine/Content/Internationalization/icudt64l/lang/en_CM.res" 1244
"../../../Engine/Content/Internationalization/icudt64l/region/en_CM.res" 1245
"../../../Engine/Content/Internationalization/icudt64l/lang/en_CX.res" 1246
"../../../Engine/Content/Internationalization/icudt64l/region/en_CX.res" 1247
"../../../Engine/Content/Internationalization/icudt64l/lang/en_CY.res" 1248
"../../../Engine/Content/Internationalization/icudt64l/region/en_CY.res" 1249
"../../../Engine/Content/Internationalization/icudt64l/lang/en_DE.res" 1250
"../../../Engine/Content/Internationalization/icudt64l/region/en_DE.res" 1251
"../../../Engine/Content/Internationalization/icudt64l/lang/en_DG.res" 1252
"../../../Engine/Content/Internationalization/icudt64l/region/en_DG.res" 1253
"../../../Engine/Content/Internationalization/icudt64l/lang/en_DK.res" 1254
"../../../Engine/Content/Internationalization/icudt64l/region/en_DK.res" 1255
"../../../Engine/Content/Internationalization/icudt64l/lang/en_DM.res" 1256
"../../../Engine/Content/Internationalization/icudt64l/region/en_DM.res" 1257
"../../../Engine/Content/Internationalization/icudt64l/lang/en_ER.res" 1258
"../../../Engine/Content/Internationalization/icudt64l/region/en_ER.res" 1259
"../../../Engine/Content/Internationalization/icudt64l/lang/en_FI.res" 1260
"../../../Engine/Content/Internationalization/icudt64l/region/en_FI.res" 1261
"../../../Engine/Content/Internationalization/icudt64l/lang/en_FJ.res" 1262
"../../../Engine/Content/Internationalization/icudt64l/region/en_FJ.res" 1263
"../../../Engine/Content/Internationalization/icudt64l/lang/en_FK.res" 1264
"../../../Engine/Content/Internationalization/icudt64l/region/en_FK.res" 1265
"../../../Engine/Content/Internationalization/icudt64l/lang/en_FM.res" 1266
"../../../Engine/Content/Internationalization/icudt64l/region/en_FM.res" 1267
"../../../Engine/Content/Internationalization/icudt64l/lang/en_GB.res" 1268
"../../../Engine/Content/Internationalization/icudt64l/region/en_GB.res" 1269
"../../../Engine/Content/Internationalization/icudt64l/lang/en_GD.res" 1270
"../../../Engine/Content/Internationalization/icudt64l/region/en_GD.res" 1271
"../../../Engine/Content/Internationalization/icudt64l/lang/en_GG.res" 1272
"../../../Engine/Content/Internationalization/icudt64l/region/en_GG.res" 1273
"../../../Engine/Content/Internationalization/icudt64l/lang/en_GH.res" 1274
"../../../Engine/Content/Internationalization/icudt64l/region/en_GH.res" 1275
"../../../Engine/Content/Internationalization/icudt64l/lang/en_GI.res" 1276
"../../../Engine/Content/Internationalization/icudt64l/region/en_GI.res" 1277
"../../../Engine/Content/Internationalization/icudt64l/lang/en_GM.res" 1278
"../../../Engine/Content/Internationalization/icudt64l/region/en_GM.res" 1279
"../../../Engine/Content/Internationalization/icudt64l/lang/en_GY.res" 1280
"../../../Engine/Content/Internationalization/icudt64l/region/en_GY.res" 1281
"../../../Engine/Content/Internationalization/icudt64l/lang/en_HK.res" 1282
"../../../Engine/Content/Internationalization/icudt64l/region/en_HK.res" 1283
"../../../Engine/Content/Internationalization/icudt64l/lang/en_IE.res" 1284
"../../../Engine/Content/Internationalization/icudt64l/region/en_IE.res" 1285
"../../../Engine/Content/Internationalization/icudt64l/lang/en_IL.res" 1286
"../../../Engine/Content/Internationalization/icudt64l/region/en_IL.res" 1287
"../../../Engine/Content/Internationalization/icudt64l/lang/en_IM.res" 1288
"../../../Engine/Content/Internationalization/icudt64l/region/en_IM.res" 1289
"../../../Engine/Content/Internationalization/icudt64l/lang/en_IN.res" 1290
"../../../Engine/Content/Internationalization/icudt64l/region/en_IN.res" 1291
"../../../Engine/Content/Internationalization/icudt64l/lang/en_IO.res" 1292
"../../../Engine/Content/Internationalization/icudt64l/region/en_IO.res" 1293
"../../../Engine/Content/Internationalization/icudt64l/lang/en_JE.res" 1294
"../../../Engine/Content/Internationalization/icudt64l/region/en_JE.res" 1295
"../../../Engine/Content/Internationalization/icudt64l/lang/en_JM.res" 1296
"../../../Engine/Content/Internationalization/icudt64l/region/en_JM.res" 1297
"../../../Engine/Content/Internationalization/icudt64l/lang/en_KE.res" 1298
"../../../Engine/Content/Internationalization/icudt64l/region/en_KE.res" 1299
"../../../Engine/Content/Internationalization/icudt64l/lang/en_KI.res" 1300
"../../../Engine/Content/Internationalization/icudt64l/region/en_KI.res" 1301
"../../../Engine/Content/Internationalization/icudt64l/lang/en_KN.res" 1302
"../../../Engine/Content/Internationalization/icudt64l/region/en_KN.res" 1303
"../../../Engine/Content/Internationalization/icudt64l/lang/en_KY.res" 1304
"../../../Engine/Content/Internationalization/icudt64l/region/en_KY.res" 1305
"../../../Engine/Content/Internationalization/icudt64l/lang/en_LC.res" 1306
"../../../Engine/Content/Internationalization/icudt64l/region/en_LC.res" 1307
"../../../Engine/Content/Internationalization/icudt64l/lang/en_LR.res" 1308
"../../../Engine/Content/Internationalization/icudt64l/region/en_LR.res" 1309
"../../../Engine/Content/Internationalization/icudt64l/lang/en_LS.res" 1310
"../../../Engine/Content/Internationalization/icudt64l/region/en_LS.res" 1311
"../../../Engine/Content/Internationalization/icudt64l/lang/en_MG.res" 1312
"../../../Engine/Content/Internationalization/icudt64l/region/en_MG.res" 1313
"../../../Engine/Content/Internationalization/icudt64l/lang/en_MO.res" 1314
"../../../Engine/Content/Internationalization/icudt64l/region/en_MO.res" 1315
"../../../Engine/Content/Internationalization/icudt64l/lang/en_MS.res" 1316
"../../../Engine/Content/Internationalization/icudt64l/region/en_MS.res" 1317
"../../../Engine/Content/Internationalization/icudt64l/lang/en_MT.res" 1318
"../../../Engine/Content/Internationalization/icudt64l/region/en_MT.res" 1319
"../../../Engine/Content/Internationalization/icudt64l/lang/en_MU.res" 1320
"../../../Engine/Content/Internationalization/icudt64l/region/en_MU.res" 1321
"../../../Engine/Content/Internationalization/icudt64l/lang/en_MW.res" 1322
"../../../Engine/Content/Internationalization/icudt64l/region/en_MW.res" 1323
"../../../Engine/Content/Internationalization/icudt64l/lang/en_MY.res" 1324
"../../../Engine/Content/Internationalization/icudt64l/region/en_MY.res" 1325
"../../../Engine/Content/Internationalization/icudt64l/lang/en_NA.res" 1326
"../../../Engine/Content/Internationalization/icudt64l/region/en_NA.res" 1327
"../../../Engine/Content/Internationalization/icudt64l/lang/en_NF.res" 1328
"../../../Engine/Content/Internationalization/icudt64l/region/en_NF.res" 1329
"../../../Engine/Content/Internationalization/icudt64l/lang/en_NG.res" 1330
"../../../Engine/Content/Internationalization/icudt64l/region/en_NG.res" 1331
"../../../Engine/Content/Internationalization/icudt64l/lang/en_NL.res" 1332
"../../../Engine/Content/Internationalization/icudt64l/region/en_NL.res" 1333
"../../../Engine/Content/Internationalization/icudt64l/lang/en_NR.res" 1334
"../../../Engine/Content/Internationalization/icudt64l/region/en_NR.res" 1335
"../../../Engine/Content/Internationalization/icudt64l/lang/en_NU.res" 1336
"../../../Engine/Content/Internationalization/icudt64l/region/en_NU.res" 1337
"../../../Engine/Content/Internationalization/icudt64l/lang/en_NZ.res" 1338
"../../../Engine/Content/Internationalization/icudt64l/region/en_NZ.res" 1339
"../../../Engine/Content/Internationalization/icudt64l/lang/en_PG.res" 1340
"../../../Engine/Content/Internationalization/icudt64l/region/en_PG.res" 1341
"../../../Engine/Content/Internationalization/icudt64l/lang/en_PH.res" 1342
"../../../Engine/Content/Internationalization/icudt64l/region/en_PH.res" 1343
"../../../Engine/Content/Internationalization/icudt64l/lang/en_PK.res" 1344
"../../../Engine/Content/Internationalization/icudt64l/region/en_PK.res" 1345
"../../../Engine/Content/Internationalization/icudt64l/lang/en_PN.res" 1346
"../../../Engine/Content/Internationalization/icudt64l/region/en_PN.res" 1347
"../../../Engine/Content/Internationalization/icudt64l/lang/en_PW.res" 1348
"../../../Engine/Content/Internationalization/icudt64l/region/en_PW.res" 1349
"../../../Engine/Content/Internationalization/icudt64l/lang/en_RW.res" 1350
"../../../Engine/Content/Internationalization/icudt64l/region/en_RW.res" 1351
"../../../Engine/Content/Internationalization/icudt64l/lang/en_SB.res" 1352
"../../../Engine/Content/Internationalization/icudt64l/region/en_SB.res" 1353
"../../../Engine/Content/Internationalization/icudt64l/lang/en_SC.res" 1354
"../../../Engine/Content/Internationalization/icudt64l/region/en_SC.res" 1355
"../../../Engine/Content/Internationalization/icudt64l/lang/en_SD.res" 1356
"../../../Engine/Content/Internationalization/icudt64l/region/en_SD.res" 1357
"../../../Engine/Content/Internationalization/icudt64l/lang/en_SE.res" 1358
"../../../Engine/Content/Internationalization/icudt64l/region/en_SE.res" 1359
"../../../Engine/Content/Internationalization/icudt64l/lang/en_SG.res" 1360
"../../../Engine/Content/Internationalization/icudt64l/region/en_SG.res" 1361
"../../../Engine/Content/Internationalization/icudt64l/lang/en_SH.res" 1362
"../../../Engine/Content/Internationalization/icudt64l/region/en_SH.res" 1363
"../../../Engine/Content/Internationalization/icudt64l/lang/en_SI.res" 1364
"../../../Engine/Content/Internationalization/icudt64l/region/en_SI.res" 1365
"../../../Engine/Content/Internationalization/icudt64l/lang/en_SL.res" 1366
"../../../Engine/Content/Internationalization/icudt64l/region/en_SL.res" 1367
"../../../Engine/Content/Internationalization/icudt64l/lang/en_SS.res" 1368
"../../../Engine/Content/Internationalization/icudt64l/region/en_SS.res" 1369
"../../../Engine/Content/Internationalization/icudt64l/lang/en_SX.res" 1370
"../../../Engine/Content/Internationalization/icudt64l/region/en_SX.res" 1371
"../../../Engine/Content/Internationalization/icudt64l/lang/en_SZ.res" 1372
"../../../Engine/Content/Internationalization/icudt64l/region/en_SZ.res" 1373
"../../../Engine/Content/Internationalization/icudt64l/lang/en_TC.res" 1374
"../../../Engine/Content/Internationalization/icudt64l/region/en_TC.res" 1375
"../../../Engine/Content/Internationalization/icudt64l/lang/en_TK.res" 1376
"../../../Engine/Content/Internationalization/icudt64l/region/en_TK.res" 1377
"../../../Engine/Content/Internationalization/icudt64l/lang/en_TO.res" 1378
"../../../Engine/Content/Internationalization/icudt64l/region/en_TO.res" 1379
"../../../Engine/Content/Internationalization/icudt64l/lang/en_TT.res" 1380
"../../../Engine/Content/Internationalization/icudt64l/region/en_TT.res" 1381
"../../../Engine/Content/Internationalization/icudt64l/lang/en_TV.res" 1382
"../../../Engine/Content/Internationalization/icudt64l/region/en_TV.res" 1383
"../../../Engine/Content/Internationalization/icudt64l/lang/en_TZ.res" 1384
"../../../Engine/Content/Internationalization/icudt64l/region/en_TZ.res" 1385
"../../../Engine/Content/Internationalization/icudt64l/lang/en_UG.res" 1386
"../../../Engine/Content/Internationalization/icudt64l/region/en_UG.res" 1387
"../../../Engine/Content/Internationalization/icudt64l/lang/en_VC.res" 1388
"../../../Engine/Content/Internationalization/icudt64l/region/en_VC.res" 1389
"../../../Engine/Content/Internationalization/icudt64l/lang/en_VG.res" 1390
"../../../Engine/Content/Internationalization/icudt64l/region/en_VG.res" 1391
"../../../Engine/Content/Internationalization/icudt64l/lang/en_VU.res" 1392
"../../../Engine/Content/Internationalization/icudt64l/region/en_VU.res" 1393
"../../../Engine/Content/Internationalization/icudt64l/lang/en_WS.res" 1394
"../../../Engine/Content/Internationalization/icudt64l/region/en_WS.res" 1395
"../../../Engine/Content/Internationalization/icudt64l/lang/en_ZA.res" 1396
"../../../Engine/Content/Internationalization/icudt64l/region/en_ZA.res" 1397
"../../../Engine/Content/Internationalization/icudt64l/lang/en_ZM.res" 1398
"../../../Engine/Content/Internationalization/icudt64l/region/en_ZM.res" 1399
"../../../Engine/Content/Internationalization/icudt64l/lang/en_ZW.res" 1400
"../../../Engine/Content/Internationalization/icudt64l/region/en_ZW.res" 1401
"../../../Engine/Content/Internationalization/icudt64l/lang/eo.res" 1402
"../../../Engine/Content/Internationalization/icudt64l/region/eo.res" 1403
"../../../Engine/Content/Internationalization/icudt64l/lang/es_419.res" 1404
"../../../Engine/Content/Internationalization/icudt64l/region/es_419.res" 1405
"../../../Engine/Content/Internationalization/icudt64l/lang/es_AR.res" 1406
"../../../Engine/Content/Internationalization/icudt64l/region/es_AR.res" 1407
"../../../Engine/Content/Internationalization/icudt64l/lang/es_BO.res" 1408
"../../../Engine/Content/Internationalization/icudt64l/region/es_BO.res" 1409
"../../../Engine/Content/Internationalization/icudt64l/lang/es_BR.res" 1410
"../../../Engine/Content/Internationalization/icudt64l/region/es_BR.res" 1411
"../../../Engine/Content/Internationalization/icudt64l/lang/es_BZ.res" 1412
"../../../Engine/Content/Internationalization/icudt64l/region/es_BZ.res" 1413
"../../../Engine/Content/Internationalization/icudt64l/lang/es_CL.res" 1414
"../../../Engine/Content/Internationalization/icudt64l/region/es_CL.res" 1415
"../../../Engine/Content/Internationalization/icudt64l/lang/es_CO.res" 1416
"../../../Engine/Content/Internationalization/icudt64l/region/es_CO.res" 1417
"../../../Engine/Content/Internationalization/icudt64l/lang/es_CR.res" 1418
"../../../Engine/Content/Internationalization/icudt64l/region/es_CR.res" 1419
"../../../Engine/Content/Internationalization/icudt64l/lang/es_CU.res" 1420
"../../../Engine/Content/Internationalization/icudt64l/region/es_CU.res" 1421
"../../../Engine/Content/Internationalization/icudt64l/lang/es_DO.res" 1422
"../../../Engine/Content/Internationalization/icudt64l/region/es_DO.res" 1423
"../../../Engine/Content/Internationalization/icudt64l/lang/es_EC.res" 1424
"../../../Engine/Content/Internationalization/icudt64l/region/es_EC.res" 1425
"../../../Engine/Content/Internationalization/icudt64l/lang/es_GT.res" 1426
"../../../Engine/Content/Internationalization/icudt64l/region/es_GT.res" 1427
"../../../Engine/Content/Internationalization/icudt64l/lang/es_HN.res" 1428
"../../../Engine/Content/Internationalization/icudt64l/region/es_HN.res" 1429
"../../../Engine/Content/Internationalization/icudt64l/lang/es_MX.res" 1430
"../../../Engine/Content/Internationalization/icudt64l/region/es_MX.res" 1431
"../../../Engine/Content/Internationalization/icudt64l/lang/es_NI.res" 1432
"../../../Engine/Content/Internationalization/icudt64l/region/es_NI.res" 1433
"../../../Engine/Content/Internationalization/icudt64l/lang/es_PA.res" 1434
"../../../Engine/Content/Internationalization/icudt64l/region/es_PA.res" 1435
"../../../Engine/Content/Internationalization/icudt64l/lang/es_PE.res" 1436
"../../../Engine/Content/Internationalization/icudt64l/region/es_PE.res" 1437
"../../../Engine/Content/Internationalization/icudt64l/lang/es_PR.res" 1438
"../../../Engine/Content/Internationalization/icudt64l/region/es_PR.res" 1439
"../../../Engine/Content/Internationalization/icudt64l/lang/es_PY.res" 1440
"../../../Engine/Content/Internationalization/icudt64l/region/es_PY.res" 1441
"../../../Engine/Content/Internationalization/icudt64l/lang/es_SV.res" 1442
"../../../Engine/Content/Internationalization/icudt64l/region/es_SV.res" 1443
"../../../Engine/Content/Internationalization/icudt64l/lang/es_US.res" 1444
"../../../Engine/Content/Internationalization/icudt64l/region/es_US.res" 1445
"../../../Engine/Content/Internationalization/icudt64l/lang/es_UY.res" 1446
"../../../Engine/Content/Internationalization/icudt64l/region/es_UY.res" 1447
"../../../Engine/Content/Internationalization/icudt64l/lang/es_VE.res" 1448
"../../../Engine/Content/Internationalization/icudt64l/region/es_VE.res" 1449
"../../../Engine/Content/Internationalization/icudt64l/lang/et.res" 1450
"../../../Engine/Content/Internationalization/icudt64l/region/et.res" 1451
"../../../Engine/Content/Internationalization/icudt64l/lang/eu.res" 1452
"../../../Engine/Content/Internationalization/icudt64l/region/eu.res" 1453
"../../../Engine/Content/Internationalization/icudt64l/lang/ewo.res" 1454
"../../../Engine/Content/Internationalization/icudt64l/region/ewo.res" 1455
"../../../Engine/Content/Internationalization/icudt64l/lang/fa.res" 1456
"../../../Engine/Content/Internationalization/icudt64l/lang/fa_AF.res" 1457
"../../../Engine/Content/Internationalization/icudt64l/region/fa_AF.res" 1458
"../../../Engine/Content/Internationalization/icudt64l/region/fa.res" 1459
"../../../Engine/Content/Internationalization/icudt64l/lang/ff.res" 1460
"../../../Engine/Content/Internationalization/icudt64l/lang/ff_Latn.res" 1461
"../../../Engine/Content/Internationalization/icudt64l/region/ff.res" 1462
"../../../Engine/Content/Internationalization/icudt64l/region/ff_Latn.res" 1463
"../../../Engine/Content/Internationalization/icudt64l/lang/ff_CM.res" 1464
"../../../Engine/Content/Internationalization/icudt64l/lang/ff_Latn_CM.res" 1465
"../../../Engine/Content/Internationalization/icudt64l/region/ff_CM.res" 1466
"../../../Engine/Content/Internationalization/icudt64l/region/ff_Latn_CM.res" 1467
"../../../Engine/Content/Internationalization/icudt64l/lang/ff_GN.res" 1468
"../../../Engine/Content/Internationalization/icudt64l/lang/ff_Latn_GN.res" 1469
"../../../Engine/Content/Internationalization/icudt64l/region/ff_GN.res" 1470
"../../../Engine/Content/Internationalization/icudt64l/region/ff_Latn_GN.res" 1471
"../../../Engine/Content/Internationalization/icudt64l/lang/ff_MR.res" 1472
"../../../Engine/Content/Internationalization/icudt64l/lang/ff_Latn_MR.res" 1473
"../../../Engine/Content/Internationalization/icudt64l/region/ff_MR.res" 1474
"../../../Engine/Content/Internationalization/icudt64l/region/ff_Latn_MR.res" 1475
"../../../Engine/Content/Internationalization/icudt64l/lang/ff_SN.res" 1476
"../../../Engine/Content/Internationalization/icudt64l/lang/ff_Latn_SN.res" 1477
"../../../Engine/Content/Internationalization/icudt64l/region/ff_SN.res" 1478
"../../../Engine/Content/Internationalization/icudt64l/region/ff_Latn_SN.res" 1479
"../../../Engine/Content/Internationalization/icudt64l/lang/fi.res" 1480
"../../../Engine/Content/Internationalization/icudt64l/region/fi.res" 1481
"../../../Engine/Content/Internationalization/icudt64l/lang/fil.res" 1482
"../../../Engine/Content/Internationalization/icudt64l/lang/fil_PH.res" 1483
"../../../Engine/Content/Internationalization/icudt64l/region/fil_PH.res" 1484
"../../../Engine/Content/Internationalization/icudt64l/region/fil.res" 1485
"../../../Engine/Content/Internationalization/icudt64l/lang/fo.res" 1486
"../../../Engine/Content/Internationalization/icudt64l/region/fo.res" 1487
"../../../Engine/Content/Internationalization/icudt64l/lang/fr.res" 1488
"../../../Engine/Content/Internationalization/icudt64l/lang/fr_BE.res" 1489
"../../../Engine/Content/Internationalization/icudt64l/region/fr_BE.res" 1490
"../../../Engine/Content/Internationalization/icudt64l/region/fr.res" 1491
"../../../Engine/Content/Internationalization/icudt64l/lang/fr_CA.res" 1492
"../../../Engine/Content/Internationalization/icudt64l/region/fr_CA.res" 1493
"../../../Engine/Content/Internationalization/icudt64l/lang/fr_CH.res" 1494
"../../../Engine/Content/Internationalization/icudt64l/lang/fur.res" 1495
"../../../Engine/Content/Internationalization/icudt64l/region/fur.res" 1496
"../../../Engine/Content/Internationalization/icudt64l/lang/fy.res" 1497
"../../../Engine/Content/Internationalization/icudt64l/region/fy.res" 1498
"../../../Engine/Content/Internationalization/icudt64l/lang/ga.res" 1499
"../../../Engine/Content/Internationalization/icudt64l/region/ga.res" 1500
"../../../Engine/Content/Internationalization/icudt64l/lang/gd.res" 1501
"../../../Engine/Content/Internationalization/icudt64l/region/gd.res" 1502
"../../../Engine/Content/Internationalization/icudt64l/lang/gl.res" 1503
"../../../Engine/Content/Internationalization/icudt64l/region/gl.res" 1504
"../../../Engine/Content/Internationalization/icudt64l/lang/gsw.res" 1505
"../../../Engine/Content/Internationalization/icudt64l/region/gsw.res" 1506
"../../../Engine/Content/Internationalization/icudt64l/lang/gu.res" 1507
"../../../Engine/Content/Internationalization/icudt64l/region/gu.res" 1508
"../../../Engine/Content/Internationalization/icudt64l/lang/guz.res" 1509
"../../../Engine/Content/Internationalization/icudt64l/region/guz.res" 1510
"../../../Engine/Content/Internationalization/icudt64l/lang/gv.res" 1511
"../../../Engine/Content/Internationalization/icudt64l/region/gv.res" 1512
"../../../Engine/Content/Internationalization/icudt64l/lang/ha.res" 1513
"../../../Engine/Content/Internationalization/icudt64l/region/ha.res" 1514
"../../../Engine/Content/Internationalization/icudt64l/lang/ha_NE.res" 1515
"../../../Engine/Content/Internationalization/icudt64l/region/ha_NE.res" 1516
"../../../Engine/Content/Internationalization/icudt64l/lang/haw.res" 1517
"../../../Engine/Content/Internationalization/icudt64l/region/haw.res" 1518
"../../../Engine/Content/Internationalization/icudt64l/lang/he.res" 1519
"../../../Engine/Content/Internationalization/icudt64l/lang/he_IL.res" 1520
"../../../Engine/Content/Internationalization/icudt64l/region/he_IL.res" 1521
"../../../Engine/Content/Internationalization/icudt64l/region/he.res" 1522
"../../../Engine/Content/Internationalization/icudt64l/lang/hi.res" 1523
"../../../Engine/Content/Internationalization/icudt64l/region/hi.res" 1524
"../../../Engine/Content/Internationalization/icudt64l/lang/hr.res" 1525
"../../../Engine/Content/Internationalization/icudt64l/region/hr.res" 1526
"../../../Engine/Content/Internationalization/icudt64l/lang/hsb.res" 1527
"../../../Engine/Content/Internationalization/icudt64l/region/hsb.res" 1528
"../../../Engine/Content/Internationalization/icudt64l/lang/hu.res" 1529
"../../../Engine/Content/Internationalization/icudt64l/region/hu.res" 1530
"../../../Engine/Content/Internationalization/icudt64l/lang/hy.res" 1531
"../../../Engine/Content/Internationalization/icudt64l/region/hy.res" 1532
"../../../Engine/Content/Internationalization/icudt64l/lang/ia.res" 1533
"../../../Engine/Content/Internationalization/icudt64l/region/ia.res" 1534
"../../../Engine/Content/Internationalization/icudt64l/lang/id.res" 1535
"../../../Engine/Content/Internationalization/icudt64l/lang/id_ID.res" 1536
"../../../Engine/Content/Internationalization/icudt64l/region/id_ID.res" 1537
"../../../Engine/Content/Internationalization/icudt64l/region/id.res" 1538
"../../../Engine/Content/Internationalization/icudt64l/lang/ig.res" 1539
"../../../Engine/Content/Internationalization/icudt64l/region/ig.res" 1540
"../../../Engine/Content/Internationalization/icudt64l/lang/ii.res" 1541
"../../../Engine/Content/Internationalization/icudt64l/region/ii.res" 1542
"../../../Engine/Content/Internationalization/icudt64l/lang/is.res" 1543
"../../../Engine/Content/Internationalization/icudt64l/region/is.res" 1544
"../../../Engine/Content/Internationalization/icudt64l/lang/it.res" 1545
"../../../Engine/Content/Internationalization/icudt64l/region/it.res" 1546
"../../../Engine/Content/Internationalization/icudt64l/lang/ja.res" 1547
"../../../Engine/Content/Internationalization/icudt64l/lang/ja_JP.res" 1548
"../../../Engine/Content/Internationalization/icudt64l/region/ja_JP.res" 1549
"../../../Engine/Content/Internationalization/icudt64l/region/ja.res" 1550
"../../../Engine/Content/Internationalization/icudt64l/lang/jgo.res" 1551
"../../../Engine/Content/Internationalization/icudt64l/region/jgo.res" 1552
"../../../Engine/Content/Internationalization/icudt64l/lang/jmc.res" 1553
"../../../Engine/Content/Internationalization/icudt64l/region/jmc.res" 1554
"../../../Engine/Content/Internationalization/icudt64l/lang/jv.res" 1555
"../../../Engine/Content/Internationalization/icudt64l/region/jv.res" 1556
"../../../Engine/Content/Internationalization/icudt64l/lang/ka.res" 1557
"../../../Engine/Content/Internationalization/icudt64l/region/ka.res" 1558
"../../../Engine/Content/Internationalization/icudt64l/lang/kab.res" 1559
"../../../Engine/Content/Internationalization/icudt64l/region/kab.res" 1560
"../../../Engine/Content/Internationalization/icudt64l/lang/kam.res" 1561
"../../../Engine/Content/Internationalization/icudt64l/region/kam.res" 1562
"../../../Engine/Content/Internationalization/icudt64l/lang/kde.res" 1563
"../../../Engine/Content/Internationalization/icudt64l/region/kde.res" 1564
"../../../Engine/Content/Internationalization/icudt64l/lang/kea.res" 1565
"../../../Engine/Content/Internationalization/icudt64l/region/kea.res" 1566
"../../../Engine/Content/Internationalization/icudt64l/lang/khq.res" 1567
"../../../Engine/Content/Internationalization/icudt64l/region/khq.res" 1568
"../../../Engine/Content/Internationalization/icudt64l/lang/ki.res" 1569
"../../../Engine/Content/Internationalization/icudt64l/region/ki.res" 1570
"../../../Engine/Content/Internationalization/icudt64l/lang/kk.res" 1571
"../../../Engine/Content/Internationalization/icudt64l/region/kk.res" 1572
"../../../Engine/Content/Internationalization/icudt64l/lang/kkj.res" 1573
"../../../Engine/Content/Internationalization/icudt64l/region/kkj.res" 1574
"../../../Engine/Content/Internationalization/icudt64l/lang/kl.res" 1575
"../../../Engine/Content/Internationalization/icudt64l/region/kl.res" 1576
"../../../Engine/Content/Internationalization/icudt64l/lang/kln.res" 1577
"../../../Engine/Content/Internationalization/icudt64l/region/kln.res" 1578
"../../../Engine/Content/Internationalization/icudt64l/lang/km.res" 1579
"../../../Engine/Content/Internationalization/icudt64l/region/km.res" 1580
"../../../Engine/Content/Internationalization/icudt64l/lang/kn.res" 1581
"../../../Engine/Content/Internationalization/icudt64l/region/kn.res" 1582
"../../../Engine/Content/Internationalization/icudt64l/lang/ko.res" 1583
"../../../Engine/Content/Internationalization/icudt64l/region/ko_KP.res" 1584
"../../../Engine/Content/Internationalization/icudt64l/region/ko.res" 1585
"../../../Engine/Content/Internationalization/icudt64l/lang/kok.res" 1586
"../../../Engine/Content/Internationalization/icudt64l/region/kok.res" 1587
"../../../Engine/Content/Internationalization/icudt64l/lang/ks.res" 1588
"../../../Engine/Content/Internationalization/icudt64l/region/ks.res" 1589
"../../../Engine/Content/Internationalization/icudt64l/lang/ksb.res" 1590
"../../../Engine/Content/Internationalization/icudt64l/region/ksb.res" 1591
"../../../Engine/Content/Internationalization/icudt64l/lang/ksf.res" 1592
"../../../Engine/Content/Internationalization/icudt64l/region/ksf.res" 1593
"../../../Engine/Content/Internationalization/icudt64l/lang/ksh.res" 1594
"../../../Engine/Content/Internationalization/icudt64l/region/ksh.res" 1595
"../../../Engine/Content/Internationalization/icudt64l/lang/ku.res" 1596
"../../../Engine/Content/Internationalization/icudt64l/region/ku.res" 1597
"../../../Engine/Content/Internationalization/icudt64l/lang/kw.res" 1598
"../../../Engine/Content/Internationalization/icudt64l/region/kw.res" 1599
"../../../Engine/Content/Internationalization/icudt64l/lang/ky.res" 1600
"../../../Engine/Content/Internationalization/icudt64l/region/ky.res" 1601
"../../../Engine/Content/Internationalization/icudt64l/lang/lag.res" 1602
"../../../Engine/Content/Internationalization/icudt64l/region/lag.res" 1603
"../../../Engine/Content/Internationalization/icudt64l/lang/lb.res" 1604
"../../../Engine/Content/Internationalization/icudt64l/region/lb.res" 1605
"../../../Engine/Content/Internationalization/icudt64l/lang/lg.res" 1606
"../../../Engine/Content/Internationalization/icudt64l/region/lg.res" 1607
"../../../Engine/Content/Internationalization/icudt64l/lang/lkt.res" 1608
"../../../Engine/Content/Internationalization/icudt64l/region/lkt.res" 1609
"../../../Engine/Content/Internationalization/icudt64l/lang/ln.res" 1610
"../../../Engine/Content/Internationalization/icudt64l/region/ln.res" 1611
"../../../Engine/Content/Internationalization/icudt64l/lang/lo.res" 1612
"../../../Engine/Content/Internationalization/icudt64l/region/lo.res" 1613
"../../../Engine/Content/Internationalization/icudt64l/lang/lrc.res" 1614
"../../../Engine/Content/Internationalization/icudt64l/region/lrc.res" 1615
"../../../Engine/Content/Internationalization/icudt64l/lang/lt.res" 1616
"../../../Engine/Content/Internationalization/icudt64l/region/lt.res" 1617
"../../../Engine/Content/Internationalization/icudt64l/lang/lu.res" 1618
"../../../Engine/Content/Internationalization/icudt64l/region/lu.res" 1619
"../../../Engine/Content/Internationalization/icudt64l/lang/luo.res" 1620
"../../../Engine/Content/Internationalization/icudt64l/region/luo.res" 1621
"../../../Engine/Content/Internationalization/icudt64l/lang/luy.res" 1622
"../../../Engine/Content/Internationalization/icudt64l/region/luy.res" 1623
"../../../Engine/Content/Internationalization/icudt64l/lang/lv.res" 1624
"../../../Engine/Content/Internationalization/icudt64l/region/lv.res" 1625
"../../../Engine/Content/Internationalization/icudt64l/lang/mas.res" 1626
"../../../Engine/Content/Internationalization/icudt64l/region/mas.res" 1627
"../../../Engine/Content/Internationalization/icudt64l/lang/mer.res" 1628
"../../../Engine/Content/Internationalization/icudt64l/region/mer.res" 1629
"../../../Engine/Content/Internationalization/icudt64l/lang/mfe.res" 1630
"../../../Engine/Content/Internationalization/icudt64l/region/mfe.res" 1631
"../../../Engine/Content/Internationalization/icudt64l/lang/mg.res" 1632
"../../../Engine/Content/Internationalization/icudt64l/region/mg.res" 1633
"../../../Engine/Content/Internationalization/icudt64l/lang/mgh.res" 1634
"../../../Engine/Content/Internationalization/icudt64l/region/mgh.res" 1635
"../../../Engine/Content/Internationalization/icudt64l/lang/mgo.res" 1636
"../../../Engine/Content/Internationalization/icudt64l/region/mgo.res" 1637
"../../../Engine/Content/Internationalization/icudt64l/lang/mi.res" 1638
"../../../Engine/Content/Internationalization/icudt64l/region/mi.res" 1639
"../../../Engine/Content/Internationalization/icudt64l/lang/mk.res" 1640
"../../../Engine/Content/Internationalization/icudt64l/region/mk.res" 1641
"../../../Engine/Content/Internationalization/icudt64l/lang/ml.res" 1642
"../../../Engine/Content/Internationalization/icudt64l/region/ml.res" 1643
"../../../Engine/Content/Internationalization/icudt64l/lang/mn.res" 1644
"../../../Engine/Content/Internationalization/icudt64l/region/mn.res" 1645
"../../../Engine/Content/Internationalization/icudt64l/lang/mr.res" 1646
"../../../Engine/Content/Internationalization/icudt64l/region/mr.res" 1647
"../../../Engine/Content/Internationalization/icudt64l/lang/ms.res" 1648
"../../../Engine/Content/Internationalization/icudt64l/region/ms.res" 1649
"../../../Engine/Content/Internationalization/icudt64l/lang/mt.res" 1650
"../../../Engine/Content/Internationalization/icudt64l/region/mt.res" 1651
"../../../Engine/Content/Internationalization/icudt64l/lang/mua.res" 1652
"../../../Engine/Content/Internationalization/icudt64l/region/mua.res" 1653
"../../../Engine/Content/Internationalization/icudt64l/lang/my.res" 1654
"../../../Engine/Content/Internationalization/icudt64l/region/my.res" 1655
"../../../Engine/Content/Internationalization/icudt64l/lang/mzn.res" 1656
"../../../Engine/Content/Internationalization/icudt64l/region/mzn.res" 1657
"../../../Engine/Content/Internationalization/icudt64l/lang/naq.res" 1658
"../../../Engine/Content/Internationalization/icudt64l/region/naq.res" 1659
"../../../Engine/Content/Internationalization/icudt64l/lang/nb.res" 1660
"../../../Engine/Content/Internationalization/icudt64l/lang/nb_NO.res" 1661
"../../../Engine/Content/Internationalization/icudt64l/region/nb_NO.res" 1662
"../../../Engine/Content/Internationalization/icudt64l/region/nb.res" 1663
"../../../Engine/Content/Internationalization/icudt64l/lang/nd.res" 1664
"../../../Engine/Content/Internationalization/icudt64l/region/nd.res" 1665
"../../../Engine/Content/Internationalization/icudt64l/lang/nds.res" 1666
"../../../Engine/Content/Internationalization/icudt64l/region/nds.res" 1667
"../../../Engine/Content/Internationalization/icudt64l/lang/ne.res" 1668
"../../../Engine/Content/Internationalization/icudt64l/region/ne.res" 1669
"../../../Engine/Content/Internationalization/icudt64l/lang/nl.res" 1670
"../../../Engine/Content/Internationalization/icudt64l/region/nl.res" 1671
"../../../Engine/Content/Internationalization/icudt64l/lang/nmg.res" 1672
"../../../Engine/Content/Internationalization/icudt64l/region/nmg.res" 1673
"../../../Engine/Content/Internationalization/icudt64l/lang/nn.res" 1674
"../../../Engine/Content/Internationalization/icudt64l/lang/nn_NO.res" 1675
"../../../Engine/Content/Internationalization/icudt64l/region/nn_NO.res" 1676
"../../../Engine/Content/Internationalization/icudt64l/region/nn.res" 1677
"../../../Engine/Content/Internationalization/icudt64l/lang/nnh.res" 1678
"../../../Engine/Content/Internationalization/icudt64l/region/nnh.res" 1679
"../../../Engine/Content/Internationalization/icudt64l/lang/nus.res" 1680
"../../../Engine/Content/Internationalization/icudt64l/region/nus.res" 1681
"../../../Engine/Content/Internationalization/icudt64l/lang/nyn.res" 1682
"../../../Engine/Content/Internationalization/icudt64l/region/nyn.res" 1683
"../../../Engine/Content/Internationalization/icudt64l/lang/om.res" 1684
"../../../Engine/Content/Internationalization/icudt64l/region/om.res" 1685
"../../../Engine/Content/Internationalization/icudt64l/lang/or.res" 1686
"../../../Engine/Content/Internationalization/icudt64l/region/or.res" 1687
"../../../Engine/Content/Internationalization/icudt64l/lang/os.res" 1688
"../../../Engine/Content/Internationalization/icudt64l/region/os.res" 1689
"../../../Engine/Content/Internationalization/icudt64l/lang/pa.res" 1690
"../../../Engine/Content/Internationalization/icudt64l/lang/pa_Arab.res" 1691
"../../../Engine/Content/Internationalization/icudt64l/lang/pa_PK.res" 1692
"../../../Engine/Content/Internationalization/icudt64l/lang/pa_Arab_PK.res" 1693
"../../../Engine/Content/Internationalization/icudt64l/region/pa_PK.res" 1694
"../../../Engine/Content/Internationalization/icudt64l/region/pa_Arab_PK.res" 1695
"../../../Engine/Content/Internationalization/icudt64l/region/pa_Arab.res" 1696
"../../../Engine/Content/Internationalization/icudt64l/lang/pa_Guru.res" 1697
"../../../Engine/Content/Internationalization/icudt64l/lang/pa_IN.res" 1698
"../../../Engine/Content/Internationalization/icudt64l/lang/pa_Guru_IN.res" 1699
"../../../Engine/Content/Internationalization/icudt64l/region/pa_IN.res" 1700
"../../../Engine/Content/Internationalization/icudt64l/region/pa_Guru_IN.res" 1701
"../../../Engine/Content/Internationalization/icudt64l/region/pa_Guru.res" 1702
"../../../Engine/Content/Internationalization/icudt64l/region/pa.res" 1703
"../../../Engine/Content/Internationalization/icudt64l/lang/pl.res" 1704
"../../../Engine/Content/Internationalization/icudt64l/region/pl.res" 1705
"../../../Engine/Content/Internationalization/icudt64l/lang/ps.res" 1706
"../../../Engine/Content/Internationalization/icudt64l/region/ps.res" 1707
"../../../Engine/Content/Internationalization/icudt64l/lang/ps_PK.res" 1708
"../../../Engine/Content/Internationalization/icudt64l/region/ps_PK.res" 1709
"../../../Engine/Content/Internationalization/icudt64l/lang/pt.res" 1710
"../../../Engine/Content/Internationalization/icudt64l/lang/pt_AO.res" 1711
"../../../Engine/Content/Internationalization/icudt64l/lang/pt_PT.res" 1712
"../../../Engine/Content/Internationalization/icudt64l/region/pt_AO.res" 1713
"../../../Engine/Content/Internationalization/icudt64l/region/pt_PT.res" 1714
"../../../Engine/Content/Internationalization/icudt64l/region/pt.res" 1715
"../../../Engine/Content/Internationalization/icudt64l/lang/pt_CH.res" 1716
"../../../Engine/Content/Internationalization/icudt64l/region/pt_CH.res" 1717
"../../../Engine/Content/Internationalization/icudt64l/lang/pt_CV.res" 1718
"../../../Engine/Content/Internationalization/icudt64l/region/pt_CV.res" 1719
"../../../Engine/Content/Internationalization/icudt64l/lang/pt_GQ.res" 1720
"../../../Engine/Content/Internationalization/icudt64l/region/pt_GQ.res" 1721
"../../../Engine/Content/Internationalization/icudt64l/lang/pt_GW.res" 1722
"../../../Engine/Content/Internationalization/icudt64l/region/pt_GW.res" 1723
"../../../Engine/Content/Internationalization/icudt64l/lang/pt_LU.res" 1724
"../../../Engine/Content/Internationalization/icudt64l/region/pt_LU.res" 1725
"../../../Engine/Content/Internationalization/icudt64l/lang/pt_MO.res" 1726
"../../../Engine/Content/Internationalization/icudt64l/region/pt_MO.res" 1727
"../../../Engine/Content/Internationalization/icudt64l/lang/pt_MZ.res" 1728
"../../../Engine/Content/Internationalization/icudt64l/region/pt_MZ.res" 1729
"../../../Engine/Content/Internationalization/icudt64l/lang/pt_ST.res" 1730
"../../../Engine/Content/Internationalization/icudt64l/region/pt_ST.res" 1731
"../../../Engine/Content/Internationalization/icudt64l/lang/pt_TL.res" 1732
"../../../Engine/Content/Internationalization/icudt64l/region/pt_TL.res" 1733
"../../../Engine/Content/Internationalization/icudt64l/lang/qu.res" 1734
"../../../Engine/Content/Internationalization/icudt64l/region/qu.res" 1735
"../../../Engine/Content/Internationalization/icudt64l/lang/rm.res" 1736
"../../../Engine/Content/Internationalization/icudt64l/region/rm.res" 1737
"../../../Engine/Content/Internationalization/icudt64l/lang/rn.res" 1738
"../../../Engine/Content/Internationalization/icudt64l/region/rn.res" 1739
"../../../Engine/Content/Internationalization/icudt64l/lang/ro.res" 1740
"../../../Engine/Content/Internationalization/icudt64l/lang/ro_MD.res" 1741
"../../../Engine/Content/Internationalization/icudt64l/region/ro_MD.res" 1742
"../../../Engine/Content/Internationalization/icudt64l/region/ro.res" 1743
"../../../Engine/Content/Internationalization/icudt64l/lang/rof.res" 1744
"../../../Engine/Content/Internationalization/icudt64l/region/rof.res" 1745
"../../../Engine/Content/Internationalization/icudt64l/lang/ru.res" 1746
"../../../Engine/Content/Internationalization/icudt64l/region/ru.res" 1747
"../../../Engine/Content/Internationalization/icudt64l/region/ru_UA.res" 1748
"../../../Engine/Content/Internationalization/icudt64l/lang/rw.res" 1749
"../../../Engine/Content/Internationalization/icudt64l/region/rw.res" 1750
"../../../Engine/Content/Internationalization/icudt64l/lang/rwk.res" 1751
"../../../Engine/Content/Internationalization/icudt64l/region/rwk.res" 1752
"../../../Engine/Content/Internationalization/icudt64l/lang/sah.res" 1753
"../../../Engine/Content/Internationalization/icudt64l/region/sah.res" 1754
"../../../Engine/Content/Internationalization/icudt64l/lang/saq.res" 1755
"../../../Engine/Content/Internationalization/icudt64l/region/saq.res" 1756
"../../../Engine/Content/Internationalization/icudt64l/lang/sbp.res" 1757
"../../../Engine/Content/Internationalization/icudt64l/region/sbp.res" 1758
"../../../Engine/Content/Internationalization/icudt64l/lang/sd.res" 1759
"../../../Engine/Content/Internationalization/icudt64l/region/sd.res" 1760
"../../../Engine/Content/Internationalization/icudt64l/lang/se.res" 1761
"../../../Engine/Content/Internationalization/icudt64l/lang/se_FI.res" 1762
"../../../Engine/Content/Internationalization/icudt64l/region/se_FI.res" 1763
"../../../Engine/Content/Internationalization/icudt64l/region/se.res" 1764
"../../../Engine/Content/Internationalization/icudt64l/lang/seh.res" 1765
"../../../Engine/Content/Internationalization/icudt64l/region/seh.res" 1766
"../../../Engine/Content/Internationalization/icudt64l/lang/ses.res" 1767
"../../../Engine/Content/Internationalization/icudt64l/region/ses.res" 1768
"../../../Engine/Content/Internationalization/icudt64l/lang/sg.res" 1769
"../../../Engine/Content/Internationalization/icudt64l/region/sg.res" 1770
"../../../Engine/Content/Internationalization/icudt64l/lang/shi.res" 1771
"../../../Engine/Content/Internationalization/icudt64l/lang/shi_Latn.res" 1772
"../../../Engine/Content/Internationalization/icudt64l/lang/shi_MA.res" 1773
"../../../Engine/Content/Internationalization/icudt64l/lang/shi_Tfng_MA.res" 1774
"../../../Engine/Content/Internationalization/icudt64l/lang/shi_Tfng.res" 1775
"../../../Engine/Content/Internationalization/icudt64l/region/shi_MA.res" 1776
"../../../Engine/Content/Internationalization/icudt64l/region/shi_Tfng_MA.res" 1777
"../../../Engine/Content/Internationalization/icudt64l/region/shi_Tfng.res" 1778
"../../../Engine/Content/Internationalization/icudt64l/region/shi.res" 1779
"../../../Engine/Content/Internationalization/icudt64l/region/shi_Latn.res" 1780
"../../../Engine/Content/Internationalization/icudt64l/lang/si.res" 1781
"../../../Engine/Content/Internationalization/icudt64l/region/si.res" 1782
"../../../Engine/Content/Internationalization/icudt64l/lang/sk.res" 1783
"../../../Engine/Content/Internationalization/icudt64l/region/sk.res" 1784
"../../../Engine/Content/Internationalization/icudt64l/lang/sl.res" 1785
"../../../Engine/Content/Internationalization/icudt64l/region/sl.res" 1786
"../../../Engine/Content/Internationalization/icudt64l/lang/smn.res" 1787
"../../../Engine/Content/Internationalization/icudt64l/region/smn.res" 1788
"../../../Engine/Content/Internationalization/icudt64l/lang/sn.res" 1789
"../../../Engine/Content/Internationalization/icudt64l/region/sn.res" 1790
"../../../Engine/Content/Internationalization/icudt64l/lang/so.res" 1791
"../../../Engine/Content/Internationalization/icudt64l/region/so.res" 1792
"../../../Engine/Content/Internationalization/icudt64l/lang/sq.res" 1793
"../../../Engine/Content/Internationalization/icudt64l/region/sq.res" 1794
"../../../Engine/Content/Internationalization/icudt64l/lang/sr.res" 1795
"../../../Engine/Content/Internationalization/icudt64l/lang/sr_Cyrl.res" 1796
"../../../Engine/Content/Internationalization/icudt64l/lang/sr_BA.res" 1797
"../../../Engine/Content/Internationalization/icudt64l/lang/sr_Cyrl_BA.res" 1798
"../../../Engine/Content/Internationalization/icudt64l/region/sr_BA.res" 1799
"../../../Engine/Content/Internationalization/icudt64l/region/sr_Cyrl_BA.res" 1800
"../../../Engine/Content/Internationalization/icudt64l/region/sr_Cyrl.res" 1801
"../../../Engine/Content/Internationalization/icudt64l/region/sr.res" 1802
"../../../Engine/Content/Internationalization/icudt64l/lang/sr_ME.res" 1803
"../../../Engine/Content/Internationalization/icudt64l/lang/sr_Latn_ME.res" 1804
"../../../Engine/Content/Internationalization/icudt64l/lang/sr_Latn.res" 1805
"../../../Engine/Content/Internationalization/icudt64l/region/sr_ME.res" 1806
"../../../Engine/Content/Internationalization/icudt64l/region/sr_Latn_ME.res" 1807
"../../../Engine/Content/Internationalization/icudt64l/region/sr_Latn.res" 1808
"../../../Engine/Content/Internationalization/icudt64l/lang/sr_Cyrl_ME.res" 1809
"../../../Engine/Content/Internationalization/icudt64l/region/sr_Cyrl_ME.res" 1810
"../../../Engine/Content/Internationalization/icudt64l/lang/sr_RS.res" 1811
"../../../Engine/Content/Internationalization/icudt64l/lang/sr_Cyrl_RS.res" 1812
"../../../Engine/Content/Internationalization/icudt64l/region/sr_RS.res" 1813
"../../../Engine/Content/Internationalization/icudt64l/region/sr_Cyrl_RS.res" 1814
"../../../Engine/Content/Internationalization/icudt64l/lang/sr_XK.res" 1815
"../../../Engine/Content/Internationalization/icudt64l/lang/sr_Cyrl_XK.res" 1816
"../../../Engine/Content/Internationalization/icudt64l/region/sr_XK.res" 1817
"../../../Engine/Content/Internationalization/icudt64l/region/sr_Cyrl_XK.res" 1818
"../../../Engine/Content/Internationalization/icudt64l/lang/sr_Latn_BA.res" 1819
"../../../Engine/Content/Internationalization/icudt64l/region/sr_Latn_BA.res" 1820
"../../../Engine/Content/Internationalization/icudt64l/lang/sr_Latn_RS.res" 1821
"../../../Engine/Content/Internationalization/icudt64l/region/sr_Latn_RS.res" 1822
"../../../Engine/Content/Internationalization/icudt64l/lang/sr_Latn_XK.res" 1823
"../../../Engine/Content/Internationalization/icudt64l/region/sr_Latn_XK.res" 1824
"../../../Engine/Content/Internationalization/icudt64l/lang/sv.res" 1825
"../../../Engine/Content/Internationalization/icudt64l/region/sv.res" 1826
"../../../Engine/Content/Internationalization/icudt64l/lang/sv_FI.res" 1827
"../../../Engine/Content/Internationalization/icudt64l/lang/sw.res" 1828
"../../../Engine/Content/Internationalization/icudt64l/lang/sw_CD.res" 1829
"../../../Engine/Content/Internationalization/icudt64l/region/sw_CD.res" 1830
"../../../Engine/Content/Internationalization/icudt64l/region/sw.res" 1831
"../../../Engine/Content/Internationalization/icudt64l/lang/sw_KE.res" 1832
"../../../Engine/Content/Internationalization/icudt64l/region/sw_KE.res" 1833
"../../../Engine/Content/Internationalization/icudt64l/lang/ta.res" 1834
"../../../Engine/Content/Internationalization/icudt64l/region/ta.res" 1835
"../../../Engine/Content/Internationalization/icudt64l/lang/te.res" 1836
"../../../Engine/Content/Internationalization/icudt64l/region/te.res" 1837
"../../../Engine/Content/Internationalization/icudt64l/lang/teo.res" 1838
"../../../Engine/Content/Internationalization/icudt64l/region/teo.res" 1839
"../../../Engine/Content/Internationalization/icudt64l/lang/tg.res" 1840
"../../../Engine/Content/Internationalization/icudt64l/region/tg.res" 1841
"../../../Engine/Content/Internationalization/icudt64l/lang/th.res" 1842
"../../../Engine/Content/Internationalization/icudt64l/lang/th_TH.res" 1843
"../../../Engine/Content/Internationalization/icudt64l/region/th_TH.res" 1844
"../../../Engine/Content/Internationalization/icudt64l/region/th.res" 1845
"../../../Engine/Content/Internationalization/icudt64l/lang/ti.res" 1846
"../../../Engine/Content/Internationalization/icudt64l/region/ti.res" 1847
"../../../Engine/Content/Internationalization/icudt64l/lang/tk.res" 1848
"../../../Engine/Content/Internationalization/icudt64l/region/tk.res" 1849
"../../../Engine/Content/Internationalization/icudt64l/lang/to.res" 1850
"../../../Engine/Content/Internationalization/icudt64l/region/to.res" 1851
"../../../Engine/Content/Internationalization/icudt64l/lang/tr.res" 1852
"../../../Engine/Content/Internationalization/icudt64l/region/tr.res" 1853
"../../../Engine/Content/Internationalization/icudt64l/lang/tt.res" 1854
"../../../Engine/Content/Internationalization/icudt64l/region/tt.res" 1855
"../../../Engine/Content/Internationalization/icudt64l/lang/twq.res" 1856
"../../../Engine/Content/Internationalization/icudt64l/region/twq.res" 1857
"../../../Engine/Content/Internationalization/icudt64l/lang/tzm.res" 1858
"../../../Engine/Content/Internationalization/icudt64l/region/tzm.res" 1859
"../../../Engine/Content/Internationalization/icudt64l/lang/ug.res" 1860
"../../../Engine/Content/Internationalization/icudt64l/region/ug.res" 1861
"../../../Engine/Content/Internationalization/icudt64l/lang/uk.res" 1862
"../../../Engine/Content/Internationalization/icudt64l/region/uk.res" 1863
"../../../Engine/Content/Internationalization/icudt64l/lang/ur.res" 1864
"../../../Engine/Content/Internationalization/icudt64l/lang/ur_IN.res" 1865
"../../../Engine/Content/Internationalization/icudt64l/region/ur_IN.res" 1866
"../../../Engine/Content/Internationalization/icudt64l/region/ur.res" 1867
"../../../Engine/Content/Internationalization/icudt64l/lang/uz.res" 1868
"../../../Engine/Content/Internationalization/icudt64l/lang/uz_Arab.res" 1869
"../../../Engine/Content/Internationalization/icudt64l/lang/uz_AF.res" 1870
"../../../Engine/Content/Internationalization/icudt64l/lang/uz_Arab_AF.res" 1871
"../../../Engine/Content/Internationalization/icudt64l/region/uz_AF.res" 1872
"../../../Engine/Content/Internationalization/icudt64l/region/uz_Arab_AF.res" 1873
"../../../Engine/Content/Internationalization/icudt64l/region/uz_Arab.res" 1874
"../../../Engine/Content/Internationalization/icudt64l/lang/uz_Cyrl.res" 1875
"../../../Engine/Content/Internationalization/icudt64l/lang/uz_UZ.res" 1876
"../../../Engine/Content/Internationalization/icudt64l/lang/uz_Latn_UZ.res" 1877
"../../../Engine/Content/Internationalization/icudt64l/lang/uz_Latn.res" 1878
"../../../Engine/Content/Internationalization/icudt64l/region/uz_UZ.res" 1879
"../../../Engine/Content/Internationalization/icudt64l/region/uz_Latn_UZ.res" 1880
"../../../Engine/Content/Internationalization/icudt64l/region/uz_Latn.res" 1881
"../../../Engine/Content/Internationalization/icudt64l/region/uz.res" 1882
"../../../Engine/Content/Internationalization/icudt64l/region/uz_Cyrl.res" 1883
"../../../Engine/Content/Internationalization/icudt64l/lang/vai.res" 1884
"../../../Engine/Content/Internationalization/icudt64l/lang/vai_Latn.res" 1885
"../../../Engine/Content/Internationalization/icudt64l/lang/vai_LR.res" 1886
"../../../Engine/Content/Internationalization/icudt64l/lang/vai_Vaii_LR.res" 1887
"../../../Engine/Content/Internationalization/icudt64l/lang/vai_Vaii.res" 1888
"../../../Engine/Content/Internationalization/icudt64l/region/vai_LR.res" 1889
"../../../Engine/Content/Internationalization/icudt64l/region/vai_Vaii_LR.res" 1890
"../../../Engine/Content/Internationalization/icudt64l/region/vai_Vaii.res" 1891
"../../../Engine/Content/Internationalization/icudt64l/region/vai.res" 1892
"../../../Engine/Content/Internationalization/icudt64l/region/vai_Latn.res" 1893
"../../../Engine/Content/Internationalization/icudt64l/lang/vi.res" 1894
"../../../Engine/Content/Internationalization/icudt64l/region/vi.res" 1895
"../../../Engine/Content/Internationalization/icudt64l/lang/vun.res" 1896
"../../../Engine/Content/Internationalization/icudt64l/region/vun.res" 1897
"../../../Engine/Content/Internationalization/icudt64l/lang/wae.res" 1898
"../../../Engine/Content/Internationalization/icudt64l/region/wae.res" 1899
"../../../Engine/Content/Internationalization/icudt64l/lang/wo.res" 1900
"../../../Engine/Content/Internationalization/icudt64l/region/wo.res" 1901
"../../../Engine/Content/Internationalization/icudt64l/lang/xh.res" 1902
"../../../Engine/Content/Internationalization/icudt64l/region/xh.res" 1903
"../../../Engine/Content/Internationalization/icudt64l/lang/xog.res" 1904
"../../../Engine/Content/Internationalization/icudt64l/region/xog.res" 1905
"../../../Engine/Content/Internationalization/icudt64l/lang/yav.res" 1906
"../../../Engine/Content/Internationalization/icudt64l/region/yav.res" 1907
"../../../Engine/Content/Internationalization/icudt64l/lang/yi.res" 1908
"../../../Engine/Content/Internationalization/icudt64l/region/yi.res" 1909
"../../../Engine/Content/Internationalization/icudt64l/lang/yo.res" 1910
"../../../Engine/Content/Internationalization/icudt64l/lang/yo_BJ.res" 1911
"../../../Engine/Content/Internationalization/icudt64l/region/yo_BJ.res" 1912
"../../../Engine/Content/Internationalization/icudt64l/region/yo.res" 1913
"../../../Engine/Content/Internationalization/icudt64l/lang/yue.res" 1914
"../../../Engine/Content/Internationalization/icudt64l/lang/yue_Hans.res" 1915
"../../../Engine/Content/Internationalization/icudt64l/lang/yue_CN.res" 1916
"../../../Engine/Content/Internationalization/icudt64l/lang/yue_Hans_CN.res" 1917
"../../../Engine/Content/Internationalization/icudt64l/region/yue_CN.res" 1918
"../../../Engine/Content/Internationalization/icudt64l/region/yue_Hans_CN.res" 1919
"../../../Engine/Content/Internationalization/icudt64l/region/yue_Hans.res" 1920
"../../../Engine/Content/Internationalization/icudt64l/lang/yue_Hant.res" 1921
"../../../Engine/Content/Internationalization/icudt64l/lang/yue_HK.res" 1922
"../../../Engine/Content/Internationalization/icudt64l/lang/yue_Hant_HK.res" 1923
"../../../Engine/Content/Internationalization/icudt64l/region/yue_HK.res" 1924
"../../../Engine/Content/Internationalization/icudt64l/region/yue_Hant_HK.res" 1925
"../../../Engine/Content/Internationalization/icudt64l/region/yue_Hant.res" 1926
"../../../Engine/Content/Internationalization/icudt64l/region/yue.res" 1927
"../../../Engine/Content/Internationalization/icudt64l/lang/zgh.res" 1928
"../../../Engine/Content/Internationalization/icudt64l/region/zgh.res" 1929
"../../../Engine/Content/Internationalization/icudt64l/lang/zh.res" 1930
"../../../Engine/Content/Internationalization/icudt64l/lang/zh_Hans.res" 1931
"../../../Engine/Content/Internationalization/icudt64l/lang/zh_CN.res" 1932
"../../../Engine/Content/Internationalization/icudt64l/lang/zh_Hans_CN.res" 1933
"../../../Engine/Content/Internationalization/icudt64l/region/zh_CN.res" 1934
"../../../Engine/Content/Internationalization/icudt64l/region/zh_Hans_CN.res" 1935
"../../../Engine/Content/Internationalization/icudt64l/region/zh_Hans.res" 1936
"../../../Engine/Content/Internationalization/icudt64l/region/zh.res" 1937
"../../../Engine/Content/Internationalization/icudt64l/lang/zh_HK.res" 1938
"../../../Engine/Content/Internationalization/icudt64l/lang/zh_Hant_HK.res" 1939
"../../../Engine/Content/Internationalization/icudt64l/lang/zh_Hant.res" 1940
"../../../Engine/Content/Internationalization/icudt64l/region/zh_HK.res" 1941
"../../../Engine/Content/Internationalization/icudt64l/region/zh_Hant_HK.res" 1942
"../../../Engine/Content/Internationalization/icudt64l/region/zh_Hant.res" 1943
"../../../Engine/Content/Internationalization/icudt64l/lang/zh_MO.res" 1944
"../../../Engine/Content/Internationalization/icudt64l/lang/zh_Hant_MO.res" 1945
"../../../Engine/Content/Internationalization/icudt64l/region/zh_MO.res" 1946
"../../../Engine/Content/Internationalization/icudt64l/region/zh_Hant_MO.res" 1947
"../../../Engine/Content/Internationalization/icudt64l/lang/zh_SG.res" 1948
"../../../Engine/Content/Internationalization/icudt64l/lang/zh_Hans_SG.res" 1949
"../../../Engine/Content/Internationalization/icudt64l/region/zh_SG.res" 1950
"../../../Engine/Content/Internationalization/icudt64l/region/zh_Hans_SG.res" 1951
"../../../Engine/Content/Internationalization/icudt64l/lang/zh_TW.res" 1952
"../../../Engine/Content/Internationalization/icudt64l/lang/zh_Hant_TW.res" 1953
"../../../Engine/Content/Internationalization/icudt64l/region/zh_TW.res" 1954
"../../../Engine/Content/Internationalization/icudt64l/region/zh_Hant_TW.res" 1955
"../../../Engine/Content/Internationalization/icudt64l/lang/zu.res" 1956
"../../../Engine/Content/Internationalization/icudt64l/region/zu.res" 1957
"../../../Engine/Content/Internationalization/icudt64l/lang/no.res" 1958
"../../../Engine/Content/Internationalization/icudt64l/lang/tl.res" 1959
"../../../Engine/Config/Android/DataDrivenPlatformInfo.ini" 1960
"../../../Engine/Config/IOS/DataDrivenPlatformInfo.ini" 1961
"../../../Engine/Config/Linux/DataDrivenPlatformInfo.ini" 1962
"../../../Engine/Config/Mac/DataDrivenPlatformInfo.ini" 1963
"../../../Engine/Config/TVOS/DataDrivenPlatformInfo.ini" 1964
"../../../Engine/Config/Unix/DataDrivenPlatformInfo.ini" 1965
"../../../Engine/Config/VulkanPC/DataDrivenPlatformInfo.ini" 1966
"../../../Engine/Config/Windows/DataDrivenPlatformInfo.ini" 1967
"../../../Engine/Platforms/VisionOS/Config/DataDrivenPlatformInfo.ini" 1968
"../../../Engine/Content/Renderer/TessellationTable.bin" 1969
"../../../Engine/DerivedDataCache/Compressed.ddp" 1970
"C:/Users/fputi/AppData/Local/UnrealEngine/5.6/Saved/Zen/zen.version" 1971
"C:/Users/fputi/AppData/Local/UnrealEngine/Common/Zen/Install/zen.version" 1972
"C:/Users/fputi/AppData/Local/UnrealEngine/Common/Zen/Install/zenserver.runcontext" 1973
"C:/Users/fputi/AppData/Local/UnrealEngine/Common/DerivedDataCache/TestData/0/TestData_4kb.dat" 1974
"C:/Users/fputi/AppData/Local/UnrealEngine/Common/DerivedDataCache/TestData/1/TestData_4kb.dat" 1975
"C:/Users/fputi/AppData/Local/UnrealEngine/Common/DerivedDataCache/TestData/0/TestData_8kb.dat" 1976
"C:/Users/fputi/AppData/Local/UnrealEngine/Common/DerivedDataCache/TestData/1/TestData_8kb.dat" 1977
"C:/Users/fputi/AppData/Local/UnrealEngine/Common/DerivedDataCache/TestData/0/TestData_16kb.dat" 1978
"C:/Users/fputi/AppData/Local/UnrealEngine/Common/DerivedDataCache/TestData/1/TestData_16kb.dat" 1979
"C:/Users/fputi/AppData/Local/UnrealEngine/Common/DerivedDataCache/TestData/0/TestData_64kb.dat" 1980
"C:/Users/fputi/AppData/Local/UnrealEngine/Common/DerivedDataCache/TestData/1/TestData_64kb.dat" 1981
"C:/Users/fputi/AppData/Local/UnrealEngine/Common/DerivedDataCache/TestData/0/TestData_128kb.dat" 1982
"C:/Users/fputi/AppData/Local/UnrealEngine/Common/DerivedDataCache/TestData/1/TestData_128kb.dat" 1983
"C:/Users/fputi/AppData/Local/UnrealEngine/Common/DerivedDataCache/TestData/0/TestData_256kb.dat" 1984
"C:/Users/fputi/AppData/Local/UnrealEngine/Common/DerivedDataCache/TestData/1/TestData_256kb.dat" 1985
"C:/Users/fputi/AppData/Roaming/Unreal Engine/UnrealBuildTool/BuildConfiguration.xml" 1986
"../../../../../../Users/fputi/Documents/GitHub/BuscaMines/Unreal/Intermediate/ShaderAutogen/PCD3D_SM6/AutogenShaderHeaders.ush" 1987
"../../../Engine/Shaders/Private/HairStrands/HairStrandsVertexFactory.ush" 1988
"../../../Engine/Shaders/Private/VertexFactoryCommon.ush" 1989
"../../../Engine/Shaders/Private/Common.ush" 1990
"../../../Engine/Shaders/Public/Platform.ush" 1991
"../../../Engine/Shaders/Public/FP16Math.ush" 1992
"../../../Engine/Shaders/Public/Platform/D3D/D3DCommon.ush" 1993
"../../../Engine/Shaders/Shared/HLSLReservedSpaces.h" 1994
"../../../Engine/Shaders/Public/BindlessResources.ush" 1995
"../../../Engine/Shaders/Public/Platform/D3D/PlatformBindlessResources.ush" 1996
"../../../Engine/Shaders/Shared/RayTracingBuiltInResources.h" 1997
"../../../Engine/Shaders/Shared/RayTracingDefinitions.h" 1998
"../../../Engine/Shaders/Public/OverloadMacros.ush" 1999
"../../../Engine/Shaders/Public/ShaderVersion.ush" 2000
"../../../Engine/Shaders/Shared/ThirdParty/NVIDIA/nvHLSLExtns.h" 2001
"../../../Engine/Shaders/Shared/ThirdParty/NVIDIA/nvHLSLExtnsInternal.h" 2002
"../../../Engine/Shaders/Shared/ThirdParty/NVIDIA/nvShaderExtnEnums.h" 2003
"../../../Engine/Shaders/Private/PackUnpack.ush" 2004
"../../../Engine/Shaders/Private/GeneratedUniformBufferTypes.ush" 2005
"../../../Engine/Shaders/Private/Nanite/NanitePackedNaniteView.ush" 2006
"../../../Engine/Shaders/Private/HairStrands/HairStrandsVisibilityCommonStruct.ush" 2007
"../../../Engine/Shaders/Private/HairStrands/HairStrandsVoxelPageCommonStruct.ush" 2008
"../../../Engine/Shaders/Private/HairStrands/HairStrandsDeepShadowCommonStruct.ush" 2009
"../../../Engine/Shaders/Shared/LightSceneData.h" 2010
"../../../Engine/Shaders/Shared/HLSLTypeAliases.h" 2011
"../../../Engine/Shaders/Private/LargeWorldCoordinates.ush" 2012
"../../../Engine/Shaders/Private/DoubleFloat.ush" 2013
"../../../Engine/Shaders/Private/RandomPCG.ush" 2014
"../../../Engine/Shaders/Private/DoubleFloatOperations.ush" 2015
"../../../Engine/Shaders/Private/DoubleFloatVectorDefinition.ush" 2016
"../../../Engine/Shaders/Private/LWCOperations.ush" 2017
"../../../Engine/Shaders/Shared/LightViewData.h" 2018
"../../../Engine/Shaders/Shared/RayTracingTypes.h" 2019
"../../../Engine/Shaders/Shared/HLSLStaticAssert.h" 2020
"../../../Engine/Shaders/Private/CommonViewUniformBuffer.ush" 2021
"../../../Engine/Shaders/Private/InstancedStereo.ush" 2022
"../../../Engine/Shaders/Private/Definitions.usf" 2023
"../../../Engine/Shaders/Private/AssertionMacros.ush" 2024
"../../../Engine/Shaders/Private/FastMath.ush" 2025
"../../../Engine/Shaders/Private/FastMathThirdParty.ush" 2026
"../../../Engine/Shaders/Private/Random.ush" 2027
"../../../Engine/Shaders/Private/RandomInterleavedGradientNoise.ush" 2028
"../../../Engine/Shaders/Private/SceneData.ush" 2029
"../../../Engine/Shaders/Private/OctahedralCommon.ush" 2030
"../../../Engine/Shaders/Private/WaveOpUtil.ush" 2031
"../../../Engine/Shaders/Private/ByteBuffer.ush" 2032
"../../../Engine/Shaders/Shared/SceneDefinitions.h" 2033
"../../../Engine/Shaders/Private/SceneDataMobileLoader.ush" 2034
"../../../Engine/Shaders/Private/LocalVertexFactoryCommon.ush" 2035
"../../../Engine/Shaders/Private/HairStrands/HairStrandsVisibilityCommon.ush" 2036
"../../../Engine/Shaders/Shared/HairStrandsDefinitions.h" 2037
"../../../Engine/Shaders/Private/HairStrands/HairStrandsVertexFactoryCommon.ush" 2038
"../../../Engine/Shaders/Private/HairStrands/HairStrandsPack.ush" 2039
"../../../Engine/Shaders/Private/HairStrands/HairStrandsAttributeCommon.ush" 2040
"../../../Engine/Shaders/Private/HairStrands/HairStrandsAttributeTemplate.ush" 2041
"../../../Engine/Shaders/Private/VertexFactoryDefaultInterface.ush" 2042
"../../../Engine/Shaders/Private/HairStrands/HairCardsVertexFactory.ush" 2043
"../../../Engine/Shaders/Private/HairStrands/HairCardsAttributeCommon.ush" 2044
"../../../Engine/Shaders/Private/RayTracing/RayTracingCommon.ush" 2045
"../../../Engine/Shaders/Private/ShadingCommon.ush" 2046
"../../../Engine/Shaders/Shared/RayTracingPayloadType.h" 2047
"../../../Engine/Shaders/Private/RayTracing/RayTracingRayCone.ush" 2048
"../../../Engine/Shaders/Private/Substrate/Substrate.ush" 2049
"../../../Engine/Shaders/Private/ShadingEnergyConservation.ush" 2050
"../../../Engine/Shaders/Private/ShadingEnergyConservationTemplate.ush" 2051
"../../../Engine/Shaders/Private/BRDF.ush" 2052
"../../../Engine/Shaders/Private/ColorSpace.ush" 2053
"../../../Engine/Shaders/Private/DeferredShadingCommon.ush" 2054
"../../../Engine/Shaders/Private/LightAccumulator.ush" 2055
"../../../Engine/Shaders/Private/SceneTexturesCommon.ush" 2056
"../../../Engine/Shaders/Private/MonteCarlo.ush" 2057
"../../../Engine/Shaders/Private/GBufferHelpers.ush" 2058
"../../../Engine/Shaders/Private/SceneTextureParameters.ush" 2059
"C:/Users/fputi/Documents/GitHub/BuscaMines/Unreal/Intermediate/ShaderAutogen/PCD3D_SM6/AutogenShaderHeaders.ush" 2060
"../../../Engine/Shaders/Private/ParticipatingMediaCommon.ush" 2061
"../../../Engine/Shaders/Private/ThinFilmBSDF.ush" 2062
"../../../Engine/Shaders/Private/MortonCode.ush" 2063
"../../../Engine/Shaders/Private/SubsurfaceProfileCommon.ush" 2064
"../../../Engine/Shaders/Private/BurleyNormalizedSSSCommon.ush" 2065
"../../../Engine/Shaders/Private/GammaCorrectionCommon.ush" 2066
"../../../Engine/Shaders/Shared/SubstrateDefinitions.h" 2067
"../../../Engine/Shaders/Private/Substrate/SubstrateStatisticalOperators.ush" 2068
"../../../Engine/Shaders/Private/Substrate/SubstrateSubsurface.ush" 2069
"../../../Engine/Shaders/Private/TransmissionCommon.ush" 2070
"../../../Engine/Shaders/Private/Substrate/SubstrateExportCommon.ush" 2071
"../../../Engine/Shaders/Private/SpecularProfileCommon.ush" 2072
"../../../Engine/Shaders/Private/RayTracing/RayTracingCommonMetal.ush" 2073
"../../../Engine/Shaders/Private/PositionReconstructionCommon.ush" 2074
"../../../Engine/Shaders/Private/RayTracing/TraceRayInline.ush" 2075
"../../../Engine/Shaders/Private/RayTracing/TraceRayInlineCommon.ush" 2076
"../../../Engine/Shaders/Private/RayTracing/TraceRayInlineVulkan.ush" 2077
"../../../Engine/Shaders/Private/RayTracing/TraceRayInlineMetal.ush" 2078
"../../../Engine/Shaders/Private/RayTracing/TraceRayInlineD3D12.ush" 2079
"../../../Engine/Shaders/Private/RayTracing/RayTracingHitGroupCommon.ush" 2080
"../../../Engine/Shaders/Private/Nanite/NaniteRayTrace.ush" 2081
"../../../Engine/Shaders/Private/Nanite/NaniteDataDecode.ush" 2082
"../../../Engine/Shaders/Private/BitPacking.ush" 2083
"../../../Engine/Shaders/Private/BitStreamReaderImplementation.ush" 2084
"../../../Engine/Shaders/Private/BoneTransform.ush" 2085
"../../../Engine/Shaders/Private/Quaternion.ush" 2086
"../../../Engine/Shaders/Shared/NaniteDefinitions.h" 2087
"../../../Engine/Shaders/Shared/SkinningDefinitions.h" 2088
"../../../Engine/Shaders/Private/Nanite/NaniteAttributeDecode.ush" 2089
"../../../Engine/Shaders/Private/Barycentrics.ush" 2090
"../../../Engine/Shaders/Private/DualNumber.ush" 2091
"../../../Engine/Shaders/Shared/ThirdParty/RayTriangleIntersection.h" 2092
"../../../Engine/Shaders/Private/Nanite/NaniteVertexFetch.ush" 2093
"../../../Engine/Shaders/Private/Nanite/NaniteSceneCommon.ush" 2094
"../../../Engine/Plugins/FX/Niagara/Shaders/Private/NiagaraSpriteVertexFactory.ush" 2095
"../../../Engine/Shaders/Private/ParticleVertexFactoryCommon.ush" 2096
"../../../Engine/Plugins/FX/Niagara/Shaders/Private/NiagaraVFCommon.usf" 2097
"../../../Engine/Plugins/FX/Niagara/Shaders/Private/NiagaraVFParticleAccess.usf" 2098
"../../../Engine/Plugins/FX/Niagara/Shaders/Private/NiagaraParticleAccess.ush" 2099
"../../../Engine/Plugins/FX/Niagara/Shaders/Private/NiagaraRibbonVertexFactory.ush" 2100
"../../../Engine/Plugins/FX/Niagara/Shaders/Private/NiagaraMeshVertexFactory.ush" 2101
"../../../Engine/Plugins/FX/Niagara/Shaders/Private/NiagaraCommon.ush" 2102
"../../../Engine/Plugins/FX/Niagara/Shaders/Private/NiagaraMeshParticleUtils.ush" 2103
"../../../Engine/Shaders/Private/VectorFieldVisualizationVertexFactory.ush" 2104
"../../../Engine/Shaders/Private/Nanite/NaniteVertexFactory.ush" 2105
"../../../Engine/Shaders/Private/LightmapData.ush" 2106
"../../../Engine/Shaders/Private/SplineMeshCommon.ush" 2107
"../../../Engine/Shaders/Shared/SplineMeshShaderParams.h" 2108
"../../../Engine/Shaders/Private/ShaderPrint.ush" 2109
"../../../Engine/Shaders/Private/ShaderPrintCommon.ush" 2110
"../../../Engine/Shaders/Private/MiniFontCommon.ush" 2111
"../../../Engine/Shaders/Private/MaterialCache/MaterialCacheCommon.ush" 2112
"../../../Engine/Shaders/Shared/MaterialCacheDefinitions.h" 2113
"../../../Engine/Shaders/Private/Nanite/NaniteVertexDeformation.ush" 2114
"../../../Engine/Shaders/Private/ViewData.ush" 2115
"../../../Engine/Shaders/Shared/ViewDefinitions.h" 2116
"../../../Engine/Shaders/Private/Matrices.ush" 2117
"../../../Engine/Shaders/Private/ParticleSpriteVertexFactory.ush" 2118
"../../../Engine/Shaders/Private/ParticleGPUSpriteVertexFactory.ush" 2119
"../../../Engine/Shaders/Private/ParticleSimulationCommon.ush" 2120
"../../../Engine/Shaders/Private/ParticleBeamTrailVertexFactory.ush" 2121
"../../../Engine/Shaders/Private/MeshParticleVertexFactory.ush" 2122
"../../../Engine/Shaders/Private/LocalVertexFactory.ush" 2123
"../../../Engine/Shaders/Private/GpuSkinCommon.ush" 2124
"../../../Engine/Shaders/Private/GpuSkinVertexFactory.ush" 2125
"../../../Engine/Shaders/Private/GeometryCollectionVertexFactory.ush" 2126
"../../../Engine/Shaders/Private/GeometryCacheVertexFactory.ush" 2127
"../../../Engine/Shaders/Private/LandscapeVertexFactory.ush" 2128
"../../../Engine/Plugins/Experimental/Compositing/CompositeCore/Shaders/Private/CompositeCoreMerge.usf" 2129
"../../../Engine/Shaders/Private/ScreenPass.ush" 2130
"../../../Engine/Shaders/Private/LensDistortion.ush" 2131
"../../../Engine/Plugins/Experimental/Compositing/CompositeCore/Shaders/Private/CompositeCoreDisplayTransform.usf" 2132
"../../../Engine/Plugins/Experimental/Compositing/CompositeCore/Shaders/Private/CompositeCoreDilate.usf" 2133
"../../../Engine/Plugins/Runtime/HairStrands/Shaders/Private/NiagaraCopyVelocityGrid.usf" 2134
"../../../Engine/Plugins/Runtime/HairStrands/Shaders/Private/NiagaraClearVelocityGrid.usf" 2135
"../../../Engine/Plugins/Runtime/HairStrands/Shaders/Private/NiagaraClearPressureGrid.usf" 2136
"../../../Engine/Plugins/Runtime/HairStrands/Shaders/Private/NiagaraInterpolateGroomGuides.usf" 2137
"../../../Engine/Plugins/Runtime/HairStrands/Shaders/Private/NiagaraGroomInterpolationUtils.ush" 2138
"../../../Engine/Plugins/FX/Niagara/Shaders/Private/NiagaraQuaternionUtils.ush" 2139
"../../../Engine/Shaders/Private/HairStrands/HairStrandsMesh.usf" 2140
"../../../Engine/Shaders/Private/HairStrands/HairStrandsBindingCommon.ush" 2141
"../../../Engine/Shaders/Private/HairStrands/HairStrandsFollicleMask.usf" 2142
"../../../Engine/Shaders/Private/HairStrands/HairStrandsSkinUpdate.usf" 2143
"../../../Engine/Shaders/Private/HairStrands/HairStrandsClusterCulling.usf" 2144
"../../../Engine/Shaders/Private/ColorMap.ush" 2145
"../../../Engine/Shaders/Private/HairStrands/HairStrandsAABBCommon.ush" 2146
"../../../Engine/Shaders/Private/HairStrands/HairStrandsClusterCommon.ush" 2147
"../../../Engine/Shaders/Private/ThreadGroupPrefixSum.ush" 2148
"../../../Engine/Shaders/Private/HairStrands/HairStrandsRaytracingGeometry.usf" 2149
"../../../Engine/Shaders/Private/HairStrands/HairStrandsTangent.usf" 2150
"../../../Engine/Shaders/Private/HairStrands/HairCardsDeformation.usf" 2151
"../../../Engine/Shaders/Private/HairStrands/HairStrandsInterpolation.usf" 2152
"../../../Engine/Shaders/Private/HairStrands/HairStrandsGuideDeform.usf" 2153
"../../../Engine/Shaders/Private/HairStrands/HairStrandsTexturesGeneration.usf" 2154
"../../../Engine/Shaders/Private/HairStrands/HairCardsTextureCommon.ush" 2155
"../../../Engine/Shaders/Private/HairStrands/HairStrandsTranscode.usf" 2156
"../../../Engine/Shaders/Private/HairStrands/HairStrandsDebug.usf" 2157
"../../../Engine/Shaders/Private/HairShadingCommon.ush" 2158
"../../../Engine/Shaders/Private/PostProcessCommon.ush" 2159
"../../../Engine/Shaders/Private/ShadingModels.ush" 2160
"../../../Engine/Shaders/Private/CapsuleLight.ush" 2161
"../../../Engine/Shaders/Private/RectLight.ush" 2162
"../../../Engine/Shaders/Private/LightData.ush" 2163
"../../../Engine/Shaders/Shared/LightDefinitions.h" 2164
"../../../Engine/Shaders/Private/AreaLightCommon.ush" 2165
"../../../Engine/Shaders/Private/HairBsdf.ush" 2166
"../../../Engine/Shaders/Private/MobileGGX.ush" 2167
"../../../Engine/Shaders/Private/HairStrands/HairStrandsCommon.ush" 2168
"../../../Engine/Shaders/Private/HairStrands/HairStrandsEnvironmentLightingCommon.ush" 2169
"../../../Engine/Shaders/Private/HairStrands/HairStrandsDeepTransmittanceCommon.ush" 2170
"../../../Engine/Shaders/Private/HairStrands/HairStrandsDeepTransmittanceDualScattering.ush" 2171
"../../../Engine/Shaders/Private/HairStrands/HairStrandsDeepShadowCommon.ush" 2172
"../../../Engine/Shaders/Private/HairStrands/HairStrandsDebugCommonStruct.ush" 2173
"../../../Engine/Plugins/Experimental/NFORDenoise/Shaders/NFORDenoise.usf" 2174
"../../../Engine/Plugins/Experimental/NFORDenoise/Shaders/NFORRegressionCommon.ush" 2175
"../../../Engine/Plugins/Experimental/NFORDenoise/Shaders/NFORRegression.ush" 2176
"../../../Engine/Plugins/Enterprise/GLTFExporter/Shaders/Private/SimpleTexture2DPS.usf" 2177
"../../../Engine/Shaders/Private/SimpleElementNormalMapPixelShader.usf" 2178
"../../../Engine/Plugins/Runtime/ComputeFramework/Shaders/Private/ComputeKernel.usf" 2179
"../../../Engine/Plugins/Runtime/ComputeFramework/Shaders/Private/ComputeKernelCommon.ush" 2180
"../../../Engine/Plugins/VirtualProduction/GeometryMask/Shaders/Private/GeometryMaskJFtoDFCS.usf" 2181
"../../../Engine/Plugins/VirtualProduction/GeometryMask/Shaders/Private/GeometryMaskJFStepCS.usf" 2182
"../../../Engine/Plugins/VirtualProduction/GeometryMask/Shaders/Private/GeometryMaskJFInitCS.usf" 2183
"../../../Engine/Plugins/VirtualProduction/GeometryMask/Shaders/Private/GeometryMaskBlurCS.usf" 2184
"../../../Engine/Plugins/VirtualProduction/CameraCalibrationCore/Shaders/Private/CrosshairOverlay.usf" 2185
"../../../Engine/Plugins/VirtualProduction/CameraCalibrationCore/Shaders/Private/DisplacementMapBlending.usf" 2186
"../../../Engine/Plugins/VirtualProduction/CameraCalibrationCore/Shaders/Private/RecenterSTDisplacementMaps.usf" 2187
"../../../Engine/Plugins/VirtualProduction/CameraCalibrationCore/Shaders/Private/FillSTDisplacementMap.usf" 2188
"../../../Engine/Plugins/VirtualProduction/CameraCalibrationCore/Shaders/Private/InvertDisplacementMap.usf" 2189
"../../../Engine/Plugins/VirtualProduction/CameraCalibrationCore/Shaders/Private/CropDisplacementMap.usf" 2190
"../../../Engine/Plugins/VirtualProduction/CameraCalibrationCore/Shaders/Private/BlendDisplacementMaps.usf" 2191
"../../../Engine/Plugins/VirtualProduction/CameraCalibrationCore/Shaders/Private/DrawDisplacementMaps.usf" 2192
"../../../Engine/Plugins/VirtualProduction/CameraCalibrationCore/Shaders/Private/UndistortImagePoints.usf" 2193
"../../../Engine/Plugins/VirtualProduction/CameraCalibrationCore/Shaders/Private/DistortionSTMapProcessor.usf" 2194
"../../../Engine/Plugins/NNE/NNEDenoiser/Shaders/NNEDenoiserShadersTransferFunctionOidn.usf" 2195
"../../../Engine/Plugins/NNE/NNEDenoiser/Shaders/NNEDenoiserShadersMappedCopy.usf" 2196
"../../../Engine/Plugins/NNE/NNEDenoiser/Shaders/NNEDenoiserShadersDefaultIOProcess.usf" 2197
"../../../Engine/Plugins/NNE/NNEDenoiser/Shaders/NNEDenoiserShadersAutoExposureReduceFinal.usf" 2198
"../../../Engine/Plugins/NNE/NNEDenoiser/Shaders/NNEDenoiserShadersAutoExposureReduce.usf" 2199
"../../../Engine/Plugins/NNE/NNEDenoiser/Shaders/NNEDenoiserShadersAutoExposureDownsample.usf" 2200
"../../../Engine/Plugins/Media/WmfMedia/Shaders/Private/MediaHardwareVideoDecoding.usf" 2201
"../../../Engine/Shaders/Private/ColorUtils.ush" 2202
"../../../Engine/Plugins/Media/ImgMedia/Shaders/Private/ExrSwizzler.usf" 2203
"../../../Engine/Plugins/FX/Niagara/Shaders/Private/NiagaraVertexFactoryExport.usf" 2204
"../../../Engine/Shaders/Private/ComputeShaderUtils.ush" 2205
"../../../Engine/Shaders/Private/MaterialTemplate.ush" 2206
"../../../Engine/Shaders/Private/WorldSpaceMath.ush" 2207
"../../../Engine/Shaders/Private/EyeAdaptationCommon.ush" 2208
"../../../Engine/Shaders/Private/SobolRandom.ush" 2209
"../../../Engine/Shaders/Private/DepthOfFieldCommon.ush" 2210
"../../../Engine/Shaders/Private/CircleDOFCommon.ush" 2211
"../../../Engine/Shaders/Private/DistanceField/GlobalDistanceFieldShared.ush" 2212
"../../../Engine/Shaders/Private/PhysicsFieldSampler.ush" 2213
"../../../Engine/Shaders/Private/PhysicsFieldShared.ush" 2214
"../../../Engine/Shaders/Private/SparseVolumeTexture/SparseVolumeTextureCommon.ush" 2215
"../../../Engine/Shaders/Shared/EnvironmentComponentsFlags.h" 2216
"../../../Engine/Shaders/Private/MeshPaintTextureCommon.ush" 2217
"../../../Engine/Shaders/Private/VirtualTextureMaterial.ush" 2218
"../../../Engine/Shaders/Private/MaterialCache/MaterialCacheMaterialCommon.ush" 2219
"../../../Engine/Shaders/Private/MaterialCache/MaterialCacheABuffer.ush" 2220
"../../../Engine/Shaders/Private/SpeedTreeCommon.ush" 2221
"../../../Engine/Shaders/Private/VirtualTextureCommon.ush" 2222
"../../../Engine/Shaders/Private/MaterialTexture.ush" 2223
"../../../Engine/Shaders/Private/MinMaterialTexCoords.ush" 2224
"../../../Engine/Shaders/Private/SkyAtmosphereCommon.ush" 2225
"../../../Engine/Shaders/Private/SingleLayerWaterCommon.ush" 2226
"../../../Engine/Shaders/Private/TextureSampling.ush" 2227
"../../../Engine/Shaders/Private/PaniniProjection.ush" 2228
"../../../Engine/Shaders/Private/DBufferNormalReprojection.ush" 2229
"../../../Engine/Shaders/Public/SubstratePublic.ush" 2230
"../../../Engine/Shaders/Private/Substrate/SubstrateTree.ush" 2231
"../../../Engine/Shaders/Private/Substrate/SubstrateEvaluation.ush" 2232
"../../../Engine/Shaders/Private/Substrate/Glint/GlintThirdParty.ush" 2233
"../../../Engine/Shaders/Private/BlueNoise.ush" 2234
"../../../Engine/Shaders/Private/SHCommon.ush" 2235
"../../../Engine/Shaders/Private/ShadingModelsSampling.ush" 2236
"../../../Engine/Shaders/Private/HairStrands/HairBsdfSample.ush" 2237
"../../../Engine/Shaders/Private/Substrate/SubstrateLegacyConversion.ush" 2238
"../../../Engine/Shaders/Private/DBufferDecalShared.ush" 2239
"../../../Engine/Plugins/FX/Niagara/Shaders/Private/NiagaraSortKeyGen.usf" 2240
"../../../Engine/Plugins/FX/Niagara/Shaders/Private/NiagaraGPURayTracingTransforms.usf" 2241
"../../../Engine/Plugins/FX/Niagara/Shaders/Private/NiagaraDrawIndirectArgsGen.usf" 2242
"../../../Engine/Plugins/FX/Niagara/Shaders/Private/NiagaraDispatchIndirectArgsGen.usf" 2243
"../../../Engine/Plugins/FX/Niagara/Shaders/Private/Stateless/NiagaraStatelessSimulationDefault.usf" 2244
"../../../Engine/Plugins/FX/Niagara/Shaders/Private/Stateless/NiagaraStatelessSimulationTemplate.ush" 2245
"../../../Engine/Plugins/FX/Niagara/Shaders/Private/Stateless/NiagaraStatelessCommon.ush" 2246
"../../../Engine/Plugins/FX/Niagara/Shaders/Shared/NiagaraStatelessDefinitions.h" 2247
"../../../Engine/Plugins/FX/Niagara/Shaders/Shared/NiagaraStatelessBuiltDistribution.h" 2248
"../../../Engine/Plugins/FX/Niagara/Shaders/Private/Stateless/NiagaraStatelessDistribution.ush" 2249
"../../../Engine/Plugins/FX/Niagara/Shaders/Private/Stateless/Modules/NiagaraStatelessModule_CalculateAccurateVelocity.ush" 2250
"../../../Engine/Plugins/FX/Niagara/Shaders/Private/Stateless/Modules/NiagaraStatelessModule_CameraOffset.ush" 2251
"../../../Engine/Plugins/FX/Niagara/Shaders/Private/Stateless/Modules/NiagaraStatelessModule_DynamicMaterialParameters.ush" 2252
"../../../Engine/Plugins/FX/Niagara/Shaders/Private/Stateless/Modules/NiagaraStatelessModule_InitializeParticle.ush" 2253
"../../../Engine/Plugins/FX/Niagara/Shaders/Private/Stateless/Modules/NiagaraStatelessModule_InitialMeshOrientation.ush" 2254
"../../../Engine/Plugins/FX/Niagara/Shaders/Private/Stateless/Modules/NiagaraStatelessModule_MeshIndex.ush" 2255
"../../../Engine/Plugins/FX/Niagara/Shaders/Private/Stateless/Modules/NiagaraStatelessModule_MeshRotationRate.ush" 2256
"../../../Engine/Plugins/FX/Niagara/Shaders/Private/Stateless/Modules/NiagaraStatelessModule_RotateAroundPoint.ush" 2257
"../../../Engine/Plugins/FX/Niagara/Shaders/Private/Stateless/Modules/NiagaraStatelessModule_ShapeLocation.ush" 2258
"../../../Engine/Plugins/FX/Niagara/Shaders/Private/Stateless/Modules/NiagaraStatelessModule_ScaleColor.ush" 2259
"../../../Engine/Plugins/FX/Niagara/Shaders/Private/Stateless/Modules/NiagaraStatelessModule_ScaleRibbonWidth.ush" 2260
"../../../Engine/Plugins/FX/Niagara/Shaders/Private/Stateless/Modules/NiagaraStatelessModule_ScaleSpriteSize.ush" 2261
"../../../Engine/Plugins/FX/Niagara/Shaders/Private/Stateless/Modules/NiagaraStatelessModule_ScaleSpriteSizeBySpeed.ush" 2262
"../../../Engine/Plugins/FX/Niagara/Shaders/Private/Stateless/Modules/NiagaraStatelessModule_ScaleMeshSize.ush" 2263
"../../../Engine/Plugins/FX/Niagara/Shaders/Private/Stateless/Modules/NiagaraStatelessModule_ScaleMeshSizebySpeed.ush" 2264
"../../../Engine/Plugins/FX/Niagara/Shaders/Private/Stateless/Modules/NiagaraStatelessModule_SolveVelocitiesAndForces.ush" 2265
"../../../Engine/Plugins/FX/Niagara/Shaders/Private/Stateless/Modules/NiagaraStatelessModule_SpriteFacingAndAlignment.ush" 2266
"../../../Engine/Plugins/FX/Niagara/Shaders/Private/Stateless/Modules/NiagaraStatelessModule_SpriteRotationRate.ush" 2267
"../../../Engine/Plugins/FX/Niagara/Shaders/Private/Stateless/Modules/NiagaraStatelessModule_SubUVAnimation.ush" 2268
"../../../Engine/Plugins/FX/Niagara/Shaders/Private/NiagaraBlendSVTsToDenseBuffer.usf" 2269
"../../../Engine/Plugins/FX/Niagara/Shaders/Private/NiagaraSVTToDenseBuffer.usf" 2270
"../../../Engine/Plugins/FX/Niagara/Shaders/Private/NiagaraFillIntBuffer.usf" 2271
"../../../Engine/Plugins/FX/Niagara/Shaders/Private/NiagaraComputeFreeIDs.usf" 2272
"../../../Engine/Plugins/FX/Niagara/Shaders/Private/NiagaraInitFreeIDBuffer.usf" 2273
"../../../Engine/Plugins/FX/Niagara/Shaders/Private/NiagaraEmitterInstanceShader.usf" 2274
"../../../Engine/Plugins/FX/Niagara/Shaders/Private/NiagaraShaderVersion.ush" 2275
"../../../Engine/Plugins/FX/Niagara/Shaders/Private/NiagaraPhysicsCommon.ush" 2276
"../../../Engine/Plugins/FX/Niagara/Shaders/Private/Ribbons/NiagaraRibbonAggregationApply.usf" 2277
"../../../Engine/Plugins/FX/Niagara/Shaders/Private/Ribbons/NiagaraRibbonCommon.ush" 2278
"../../../Engine/Plugins/FX/Niagara/Shaders/Private/Ribbons/NiagaraRibbonAggregationStep.usf" 2279
"../../../Engine/Plugins/FX/Niagara/Shaders/Private/Ribbons/NiagaraRibbonGenerateIndices.usf" 2280
"../../../Engine/Plugins/FX/Niagara/Shaders/Private/Ribbons/NiagaraRibbonInitializeIndices.usf" 2281
"../../../Engine/Plugins/FX/Niagara/Shaders/Private/Ribbons/NiagaraRibbonRibbonUVParamCalculation.usf" 2282
"../../../Engine/Plugins/FX/Niagara/Shaders/Private/Ribbons/NiagaraRibbonVertexReductionFinalization.usf" 2283
"../../../Engine/Plugins/FX/Niagara/Shaders/Private/Ribbons/NiagaraRibbonVertexReductionInitialization.usf" 2284
"../../../Engine/Plugins/FX/Niagara/Shaders/Private/Ribbons/NiagaraRibbonSortParticles.usf" 2285
"../../../Engine/Plugins/FX/Niagara/Shaders/Private/NiagaraLWCHelper.usf" 2286
"../../../Engine/Plugins/FX/Niagara/Shaders/Private/NiagaraUpdateMeshGPUSceneInstances.usf" 2287
"../../../Engine/Shaders/Private/GPUScene/GPUSceneWriter.ush" 2288
"../../../Engine/Plugins/FX/Niagara/Shaders/Private/NiagaraGenerateMips.usf" 2289
"../../../Engine/Plugins/FX/Niagara/Shaders/Private/NiagaraDebugDraw.usf" 2290
"../../../Engine/Plugins/FX/Niagara/Shaders/Private/NiagaraDebugDraw.ush" 2291
"../../../Engine/Plugins/FX/Niagara/Shaders/Private/NiagaraVisualizeTexture.usf" 2292
"../../../Engine/Plugins/FX/Niagara/Shaders/Private/NiagaraClearCounts.usf" 2293
"../../../Engine/Plugins/FX/Niagara/Shaders/Private/NiagaraBatchedElements.usf" 2294
"../../../Engine/Plugins/FX/Niagara/Shaders/Private/NiagaraRayTracingShaders.usf" 2295
"../../../Engine/Plugins/FX/Niagara/Shaders/Private/NiagaraAsyncGpuTraceCommon.ush" 2296
"../../../Engine/Shaders/Private/HashTable.ush" 2297
"../../../Engine/Shaders/Private/Hash.ush" 2298
"../../../Engine/Shaders/Private/RayTracing/VFXTraceRay.ush" 2299
"../../../Engine/Plugins/FX/Niagara/Shaders/Private/NiagaraRayMarchingShaders.usf" 2300
"../../../Engine/Plugins/FX/Niagara/Shaders/Private/NiagaraRayTraceCollisionGroupShaders.usf" 2301
"../../../Engine/Plugins/FX/Niagara/Shaders/Private/NiagaraAsyncGpuTraceUtils.usf" 2302
"../../../Engine/Plugins/PCG/Shaders/Private/PCGTextureReadback.usf" 2303
"../../../Engine/Plugins/PCG/Shaders/Private/PCGSceneWriter.usf" 2304
"../../../Engine/Plugins/PCG/Shaders/Private/PCGGrassMapUnpackerCS.usf" 2305
"../../../Engine/Plugins/PCG/Shaders/Private/PCGDataCollectionAdaptor.usf" 2306
"../../../Engine/Shaders/Private/VirtualTextureAdapter.usf" 2307
"../../../Engine/Shaders/Private/BlockCompressionCommon.ush" 2308
"../../../Engine/Shaders/Private/BCCompressionCommon.ush" 2309
"../../../Engine/Shaders/Private/TranslucentLightingShaders.usf" 2310
"../../../Engine/Shaders/Private/CubemapCommon.ush" 2311
"../../../Engine/Shaders/Private/VectorFieldCompositeShaders.usf" 2312
"../../../Engine/Shaders/Private/UpdateTextureShaders.usf" 2313
"../../../Engine/Shaders/Private/StereoLayerShader.usf" 2314
"../../../Engine/Shaders/Private/SparseVolumeTexture/UpdateSparseVolumeTexture.usf" 2315
"../../../Engine/Shaders/Private/MorphTargets.usf" 2316
"../../../Engine/Shaders/Private/SimpleElementColorChannelMaskPixelShader.usf" 2317
"../../../Engine/Shaders/Private/SimpleElementHitProxyPixelShader.usf" 2318
"../../../Engine/Shaders/Private/SimpleElementPixelShader.usf" 2319
"../../../Engine/Shaders/Private/IESLightProfilesCommon.ush" 2320
"../../../Engine/Shaders/Private/SimpleElementVertexShader.usf" 2321
"../../../Engine/Shaders/Private/ScreenPixelShaderOES.usf" 2322
"../../../Engine/Shaders/Private/ScreenVertexShader.usf" 2323
"../../../Engine/Shaders/Private/ScreenPixelShader.usf" 2324
"../../../Engine/Shaders/Private/SSProfilePreIntegratedMobile.usf" 2325
"../../../Engine/Shaders/Private/SpecularProfile.usf" 2326
"../../../Engine/Shaders/Private/Nanite/NaniteStreaming.usf" 2327
"../../../Engine/Shaders/Private/Nanite/NaniteStreaming.ush" 2328
"../../../Engine/Shaders/Private/Nanite/NaniteTranscode.usf" 2329
"../../../Engine/Shaders/Private/VolumetricLightmapStreaming.usf" 2330
"../../../Engine/Shaders/Private/PhysicsFieldReset.usf" 2331
"../../../Engine/Shaders/Private/PhysicsFieldBuilder.usf" 2332
"../../../Engine/Shaders/Private/PhysicsFieldEval.ush" 2333
"../../../Engine/Shaders/Private/ParticleSortKeyGen.usf" 2334
"../../../Engine/Shaders/Private/ParticleBoundsShader.usf" 2335
"../../../Engine/Shaders/Private/ParticleSimVisualizeShader.usf" 2336
"../../../Engine/Shaders/Private/ParticleInjectionShader.usf" 2337
"../../../Engine/Shaders/Private/ParticleSimulationShader.usf" 2338
"../../../Engine/Shaders/Private/ParticleCurveInjectionShader.usf" 2339
"../../../Engine/Shaders/Private/CopyUIntBuffer.usf" 2340
"../../../Engine/Shaders/Private/RadixSortShaders.usf" 2341
"../../../Engine/Shaders/Private/RecomputeTangentsPerVertexPass.usf" 2342
"../../../Engine/Shaders/Private/RecomputeTangentsCommon.ush" 2343
"../../../Engine/Shaders/Private/RecomputeTangentsPerTrianglePass.usf" 2344
"../../../Engine/Shaders/Private/GpuSkinCacheComputeShader.usf" 2345
"../../../Engine/Shaders/Private/HeightFieldAtlasManagement.usf" 2346
"../../../Engine/Shaders/Private/Landscape/LandscapeEditLayersUtils.usf" 2347
"../../../Engine/Shaders/Private/Landscape/LandscapeCommon.ush" 2348
"../../../Engine/Shaders/Private/Landscape/LandscapeEditLayersWeightmaps.usf" 2349
"../../../Engine/Shaders/Private/Landscape/LandscapeEditLayersHeightmaps.usf" 2350
"../../../Engine/Shaders/Private/Landscape/LandscapeLayersWeightmapsPS.usf" 2351
"../../../Engine/Shaders/Private/Landscape/LandscapeLayersHeightmapsPS.usf" 2352
"../../../Engine/Shaders/Private/LandscapeLayersCS.usf" 2353
"../../../Engine/Shaders/Private/LandscapeLayersPS.usf" 2354
"../../../Engine/Shaders/Private/LandscapeLayersVS.usf" 2355
"../../../Engine/Shaders/Private/LandscapePhysicalMaterial.usf" 2356
"../../../Engine/Shaders/Private/LandscapeGrassWeight.usf" 2357
"../../../Engine/Shaders/Private/Landscape/LandscapeCulling.usf" 2358
"../../../Engine/Shaders/Private/Nanite/NaniteHZBCull.ush" 2359
"../../../Engine/Shaders/Private/HZB.ush" 2360
"../../../Engine/Shaders/Private/Landscape/LandscapeMergeTexturesPS.usf" 2361
"../../../Engine/Shaders/Private/WideCustomResolveShaders.usf" 2362
"../../../Engine/Shaders/Private/WideCustomResolve_Wide.ush" 2363
"../../../Engine/Shaders/Private/WideCustomResolve_Wider.ush" 2364
"../../../Engine/Shaders/Private/WideCustomResolve_Widest.ush" 2365
"../../../Engine/Shaders/Private/WaterInfoTextureBlur.usf" 2366
"../../../Engine/Shaders/Private/WaterInfoTextureMerge.usf" 2367
"../../../Engine/Shaders/Private/PageTableUpdate.usf" 2368
"../../../Engine/Shaders/Private/VirtualTextureCompress.usf" 2369
"../../../Engine/Shaders/Private/ASTCCompressionCommon.ush" 2370
"../../../Engine/Shaders/Private/IntegerSequenceEncoding.ush" 2371
"../../../Engine/Shaders/Private/ETCCompressionCommon.ush" 2372
"../../../Engine/Shaders/Private/VirtualTextureMaterial.usf" 2373
"../../../Engine/Shaders/Private/PixelShaderOutputCommon.ush" 2374
"../../../Engine/Shaders/Private/ShaderOutputCommon.ush" 2375
"../../../Engine/Shaders/Private/VolumetricRenderTarget.usf" 2376
"../../../Engine/Shaders/Private/HeightFogCommon.ush" 2377
"../../../Engine/Shaders/Private/LocalFogVolumes/LocalFogVolumeCommon.ush" 2378
"../../../Engine/Shaders/Private/ReflectionEnvironmentShared.ush" 2379
"../../../Engine/Shaders/Private/VolumetricFogVoxelization.usf" 2380
"../../../Engine/Shaders/Private/VolumetricCloudMaterialPixelCommon.ush" 2381
"../../../Engine/Shaders/Private/VolumetricFogLightFunction.usf" 2382
"../../../Engine/Shaders/Private/LightFunctionCommon.ush" 2383
"../../../Engine/Shaders/Private/VolumetricFog.usf" 2384
"../../../Engine/Shaders/Private/DeferredLightingCommon.ush" 2385
"../../../Engine/Shaders/Private/DynamicLightingCommon.ush" 2386
"../../../Engine/Shaders/Private/CapsuleLightIntegrate.ush" 2387
"../../../Engine/Shaders/Private/CapsuleLightSampling.ush" 2388
"../../../Engine/Shaders/Private/RectLightIntegrate.ush" 2389
"../../../Engine/Shaders/Private/ScreenSpaceShadowRayCast.ush" 2390
"../../../Engine/Shaders/Private/LightFunctionAtlas/LightFunctionAtlasCommon.usf" 2391
"../../../Engine/Shaders/Private/HeterogeneousVolumes/HeterogeneousVolumesAdaptiveVolumetricShadowMapSampling.ush" 2392
"../../../Engine/Shaders/Private/HeterogeneousVolumes/HeterogeneousVolumesAdaptiveVolumetricShadowMapUtils.ush" 2393
"../../../Engine/Shaders/Private/HeterogeneousVolumes/HeterogeneousVolumesRayMarchingUtils.ush" 2394
"../../../Engine/Shaders/Private/HeterogeneousVolumes/HeterogeneousVolumesRayMarchingTypes.ush" 2395
"../../../Engine/Shaders/Private/PathTracing/Utilities/PathTracingRandomSequence.ush" 2396
"../../../Engine/Shaders/Private/HeterogeneousVolumes/HeterogeneousVolumesTracingUtils.ush" 2397
"../../../Engine/Shaders/Private/VelocityCommon.ush" 2398
"../../../Engine/Shaders/Private/HeterogeneousVolumes/HeterogeneousVolumesTransmittanceVolumeUtils.ush" 2399
"../../../Engine/Shaders/Private/ForwardShadowingCommon.ush" 2400
"../../../Engine/Shaders/Private/ShadowFilteringCommon.ush" 2401
"../../../Engine/Shaders/Private/PixelQuadMessagePassing.ush" 2402
"../../../Engine/Shaders/Private/VolumeLightingCommon.ush" 2403
"../../../Engine/Shaders/Private/ShadowProjectionCommon.ush" 2404
"../../../Engine/Shaders/Private/VolumeLightingCommonSampling.ush" 2405
"../../../Engine/Shaders/Private/Lumen/LumenTranslucencyVolumeShared.ush" 2406
"../../../Engine/Shaders/Private/Lumen/LumenRadianceCacheInterpolation.ush" 2407
"../../../Engine/Shaders/Private/HeterogeneousVolumes/HeterogeneousVolumesAdaptiveVolumetricShadowMapSampler.ush" 2408
"../../../Engine/Shaders/Private/LightGridCommon.ush" 2409
"../../../Engine/Shaders/Private/DistanceFieldAOShared.ush" 2410
"../../../Engine/Shaders/Private/IntersectionUtils.ush" 2411
"../../../Engine/Shaders/Private/VolumetricLightmapShared.ush" 2412
"../../../Engine/Shaders/Private/LightDataUniforms.ush" 2413
"../../../Engine/Shaders/Private/VirtualShadowMaps/VirtualShadowMapProjectionCommon.ush" 2414
"../../../Engine/Shaders/Private/VirtualShadowMaps/VirtualShadowMapPageAccessCommon.ush" 2415
"../../../Engine/Shaders/Shared/VirtualShadowMapDefinitions.h" 2416
"../../../Engine/Shaders/Shared/HLSLMathAliases.h" 2417
"../../../Engine/Shaders/Private/VirtualShadowMaps/VirtualShadowMapProjectionStructs.ush" 2418
"../../../Engine/Shaders/Private/VolumetricCloudCommon.ush" 2419
"../../../Engine/Shaders/Private/VolumetricCloud.usf" 2420
"../../../Engine/Shaders/Private/VisualizeVolumetricLightmap.usf" 2421
"../../../Engine/Shaders/Private/VirtualShadowMaps/VirtualShadowMapProjectionComposite.usf" 2422
"../../../Engine/Shaders/Private/LightShaderParameters.ush" 2423
"../../../Engine/Shaders/Private/VirtualShadowMaps/VirtualShadowMapMaskBitsCommon.ush" 2424
"../../../Engine/Shaders/Private/VirtualShadowMaps/VirtualShadowMapLightGrid.ush" 2425
"../../../Engine/Shaders/Private/VirtualShadowMaps/VirtualShadowMapProjection.usf" 2426
"../../../Engine/Shaders/Private/Visualization.ush" 2427
"../../../Engine/Shaders/Private/VirtualShadowMaps/VirtualShadowMapProjectionFilter.ush" 2428
"../../../Engine/Shaders/Private/VirtualShadowMaps/VirtualShadowMapProjectionDirectional.ush" 2429
"../../../Engine/Shaders/Private/VirtualShadowMaps/VirtualShadowMapSMRTCommon.ush" 2430
"../../../Engine/Shaders/Private/VirtualShadowMaps/VirtualShadowMapSMRTTemplate.ush" 2431
"../../../Engine/Shaders/Private/VirtualShadowMaps/VirtualShadowMapProjectionSpot.ush" 2432
"../../../Engine/Shaders/Private/VirtualShadowMaps/VirtualShadowMapTransmissionCommon.ush" 2433
"../../../Engine/Shaders/Private/VirtualShadowMaps/VirtualShadowMapScreenRayTrace.ush" 2434
"../../../Engine/Shaders/Private/VirtualShadowMaps/VirtualShadowMapStats.ush" 2435
"../../../Engine/Shaders/Private/HairStrands/HairStrandsVoxelPageCommon.ush" 2436
"../../../Engine/Shaders/Private/HairStrands/HairStrandsVoxelPageTraversal.ush" 2437
"../../../Engine/Shaders/Private/VirtualShadowMaps/VirtualShadowMapCacheGPUInvalidation.usf" 2438
"../../../Engine/Shaders/Private/VirtualShadowMaps/VirtualShadowMapPageCacheCommon.ush" 2439
"../../../Engine/Shaders/Private/VirtualShadowMaps/VirtualShadowMapCacheInvalidation.ush" 2440
"../../../Engine/Shaders/Private/VirtualShadowMaps/VirtualShadowMapPageOverlap.ush" 2441
"../../../Engine/Shaders/Private/ScreenSpaceDenoise/SSDDefinitions.ush" 2442
"../../../Engine/Shaders/Private/InstanceCulling/InstanceCullingLoadBalancer.ush" 2443
"../../../Engine/Shaders/Private/VirtualShadowMaps/VirtualShadowMapCacheLoadBalancer.usf" 2444
"../../../Engine/Shaders/Private/VirtualShadowMaps/VirtualShadowMapCopyStats.usf" 2445
"../../../Engine/Shaders/Private/VirtualShadowMaps/VirtualShadowMapDebug.usf" 2446
"../../../Engine/Shaders/Private/VirtualShadowMaps/Desaturate.usf" 2447
"../../../Engine/Shaders/Private/VirtualShadowMaps/VirtualShadowMapPhysicalPageManagement.usf" 2448
"../../../Engine/Shaders/Private/ReductionCommon.ush" 2449
"../../../Engine/Shaders/Private/GPUMessaging.ush" 2450
"../../../Engine/Shaders/Private/VirtualShadowMaps/VirtualShadowMapPerPageDispatch.ush" 2451
"../../../Engine/Shaders/Private/VirtualShadowMaps/VirtualShadowMapCompactViews.usf" 2452
"../../../Engine/Shaders/Shared/SceneCullingDefinitions.h" 2453
"../../../Engine/Shaders/Private/VirtualShadowMaps/VirtualShadowMapBuildPerPageDrawCommands.usf" 2454
"../../../Engine/Shaders/Private/Nanite/NaniteCullingCommon.ush" 2455
"../../../Engine/Shaders/Private/Nanite/NaniteCulling.ush" 2456
"../../../Engine/Shaders/Private/Nanite/NaniteHierarchyTraversalCommon.ush" 2457
"../../../Engine/Shaders/Private/InstanceCulling/InstanceCullingCommon.ush" 2458
"../../../Engine/Shaders/Shared/InstanceCullingDefinitions.h" 2459
"../../../Engine/Shaders/Private/VirtualShadowMaps/VirtualShadowMapPrintStats.usf" 2460
"../../../Engine/Shaders/Private/VirtualShadowMaps/VirtualShadowMapPageManagement.usf" 2461
"../../../Engine/Shaders/Private/VirtualShadowMaps/VirtualShadowMapPageMarking.usf" 2462
"../../../Engine/Shaders/Shared/SingleLayerWaterDefinitions.h" 2463
"../../../Engine/Shaders/Private/HairStrands/HairStrandsTileCommon.ush" 2464
"../../../Engine/Shaders/Private/Froxel/Froxel.ush" 2465
"../../../Engine/Shaders/Shared/FroxelDefinitions.h" 2466
"../../../Engine/Shaders/Private/DiaphragmDOF/DOFCommon.ush" 2467
"../../../Engine/Shaders/Private/VariableRateShading/VRSShadingRatePreview.usf" 2468
"../../../Engine/Shaders/Private/VariableRateShading/VRSShadingRateCommon.ush" 2469
"../../../Engine/Shaders/Private/VariableRateShading/VRSShadingRateCombine.usf" 2470
"../../../Engine/Shaders/Private/VariableRateShading/VRSShadingRateFoveated.usf" 2471
"../../../Engine/Shaders/Private/VariableRateShading/VRSShadingRateReproject.usf" 2472
"../../../Engine/Shaders/Private/VariableRateShading/VRSShadingRateCalculate.usf" 2473
"../../../Engine/Shaders/Private/TranslucencyUpsampling.usf" 2474
"../../../Engine/Shaders/Private/ComposeSeparateTranslucency.usf" 2475
"../../../Engine/Shaders/Private/SeparateTranslucency.ush" 2476
"../../../Engine/Shaders/Private/TranslucentLightInjectionShaders.usf" 2477
"../../../Engine/Shaders/Private/TranslucentShadowDepthShaders.usf" 2478
"../../../Engine/Shaders/Private/ShadowDepthCommon.ush" 2479
"../../../Engine/Shaders/Private/RayTracing/RayTracingTest.usf" 2480
"../../../Engine/Shaders/Private/PostprocessSubsurfaceTile.usf" 2481
"../../../Engine/Shaders/Private/PostProcessSubsurfaceCommon.ush" 2482
"../../../Engine/Shaders/Private/Substrate/SubstrateVisualize.usf" 2483
"../../../Engine/Shaders/Private/Substrate/SubstrateTile.ush" 2484
"../../../Engine/Shaders/Shared/SubstrateVisualizeDefinitions.h" 2485
"../../../Engine/Shaders/Private/Substrate/SubstrateVisualizeCommon.ush" 2486
"../../../Engine/Shaders/Private/SkyLightingDiffuseShared.ush" 2487
"../../../Engine/Shaders/Private/SkyLightingShared.ush" 2488
"../../../Engine/Shaders/Private/ClearCoatCommon.ush" 2489
"../../../Engine/Shaders/Private/ReflectionEnvironmentComposite.ush" 2490
"../../../Engine/Shaders/Private/Substrate/SubstrateLightingCommon.ush" 2491
"../../../Engine/Shaders/Private/Substrate/SubstrateRoughRefraction.usf" 2492
"../../../Engine/Shaders/Private/PathTracing/Material/PathTracingFresnel.ush" 2493
"../../../Engine/Shaders/Private/PathTracing/Material/PathTracingGlossy.ush" 2494
"../../../Engine/Shaders/Private/Substrate/SubstrateMaterialSampling.usf" 2495
"../../../Engine/Shaders/Private/Substrate/SubstrateMaterialSampling.ush" 2496
"../../../Engine/Shaders/Private/Lumen/LumenPosition.ush" 2497
"../../../Engine/Shaders/Private/Substrate/SubstrateTile.usf" 2498
"../../../Engine/Shaders/Private/Substrate/SubstrateMaterialClassification.usf" 2499
"../../../Engine/Shaders/Private/Substrate/SubstrateDBuffer.usf" 2500
"../../../Engine/Shaders/Private/StochasticLighting/StochasticLightingDenoising.usf" 2501
"../../../Engine/Shaders/Private/Lumen/LumenMaterial.ush" 2502
"../../../Engine/Shaders/Private/StochasticLighting/StochasticLightingCommon.ush" 2503
"../../../Engine/Shaders/Private/SplineMeshSceneTexture.usf" 2504
"../../../Engine/Shaders/Private/SparseVolumeTexture/VisualizeSparseVolumeTexture.usf" 2505
"../../../Engine/Shaders/Private/SkyAtmosphere.usf" 2506
"../../../Engine/Shaders/Private/Skinning/SkinnedMeshDebug.usf" 2507
"../../../Engine/Shaders/Private/Skinning/AnimBankEval.usf" 2508
"../../../Engine/Shaders/Private/SingleLayerWaterComposite.usf" 2509
"../../../Engine/Shaders/Private/Froxel/FroxelBuild.ush" 2510
"../../../Engine/Shaders/Private/SingleLayerWaterRefractionCulling.usf" 2511
"../../../Engine/Shaders/Private/ScreenSpaceShadows.usf" 2512
"../../../Engine/Shaders/Private/bend_sss_gpu.ush" 2513
"../../../Engine/Shaders/Private/ShadowFactorsUpsampleCommon.ush" 2514
"../../../Engine/Shaders/Private/FirstPersonSelfShadow.usf" 2515
"../../../Engine/Shaders/Private/HZBTracing.ush" 2516
"../../../Engine/Shaders/Private/ShadowProjectionVertexShader.usf" 2517
"../../../Engine/Shaders/Private/ShadowProjectionPixelShader.usf" 2518
"../../../Engine/Shaders/Private/MobileLightingCommon.ush" 2519
"../../../Engine/Shaders/Private/PlanarReflectionShared.ush" 2520
"../../../Engine/Shaders/Private/MobileSSR.ush" 2521
"../../../Engine/Shaders/Private/SSRT/SSRTRayCast.ush" 2522
"../../../Engine/Shaders/Private/ShadowPercentageCloserFiltering.ush" 2523
"../../../Engine/Shaders/Private/TransmissionThickness.ush" 2524
"../../../Engine/Shaders/Private/CopyShadowMaps.usf" 2525
"../../../Engine/Shaders/Private/ShadowDepthPixelShader.usf" 2526
"../../../Engine/Shaders/Private/ShadowDepthVertexShader.usf" 2527
"../../../Engine/Shaders/Private/ShadingEnergyConservationTable.usf" 2528
"../../../Engine/Shaders/Shared/PathTracingDefinitions.h" 2529
"../../../Engine/Shaders/Private/ShadingFurnaceTest.usf" 2530
"../../../Engine/Shaders/Private/Substrate/SubstrateDeferredLighting.ush" 2531
"../../../Engine/Shaders/Private/ShaderPrintDraw.usf" 2532
"../../../Engine/Shaders/Private/ShaderPrintDrawPrimitive.usf" 2533
"../../../Engine/Shaders/Private/DefaultSSRTiles.usf" 2534
"../../../Engine/Shaders/Private/ScreenSpaceReflectionTileCommons.ush" 2535
"../../../Engine/Shaders/Private/SSRT/SSRTDiffuseIndirect.usf" 2536
"../../../Engine/Shaders/Private/SSRT/SSRTTileClassificationBuffer.ush" 2537
"../../../Engine/Shaders/Private/SSRT/SSRTReflections.usf" 2538
"../../../Engine/Shaders/Private/ScreenSpaceDenoise/SSDPublic.ush" 2539
"../../../Engine/Shaders/Private/SSRT/SSRTTileClassification.usf" 2540
"../../../Engine/Shaders/Private/SSRT/SSRTPrevFrameReduction.usf" 2541
"../../../Engine/Shaders/Private/ScreenSpaceDenoise/SSDComposeHarmonics.usf" 2542
"../../../Engine/Shaders/Private/ScreenSpaceDenoise/SSDPublicHarmonics.ush" 2543
"../../../Engine/Shaders/Private/ScreenSpaceDenoise/SSDSignalFramework.ush" 2544
"../../../Engine/Shaders/Private/ScreenSpaceDenoise/SSDCommon.ush" 2545
"../../../Engine/Shaders/Private/SphericalGaussian.ush" 2546
"../../../Engine/Shaders/Public/WaveBroadcastIntrinsics.ush" 2547
"../../../Engine/Shaders/Private/ScreenSpaceDenoise/SSDMetadata.ush" 2548
"../../../Engine/Shaders/Private/ScreenSpaceDenoise/SSDSignalCore.ush" 2549
"../../../Engine/Shaders/Private/ScreenSpaceDenoise/DenoisingCommon.ush" 2550
"../../../Engine/Shaders/Private/ScreenSpaceDenoise/SSDSignalArray.ush" 2551
"../../../Engine/Shaders/Private/ScreenSpaceDenoise/SSDSignalBufferEncoding.ush" 2552
"../../../Engine/Shaders/Private/ScreenSpaceDenoise/SSDPublicBufferEncoding.ush" 2553
"../../../Engine/Shaders/Private/Lumen/LumenBufferEncoding.ush" 2554
"../../../Engine/Shaders/Private/ScreenSpaceDenoise/SSDTemporalAccumulation.usf" 2555
"../../../Engine/Shaders/Private/ScreenSpaceDenoise/SSDSpatialKernel.ush" 2556
"../../../Engine/Shaders/Private/ScreenSpaceDenoise/SSDSignalAccumulatorArray.ush" 2557
"../../../Engine/Shaders/Private/ScreenSpaceDenoise/SSDSignalAccumulator.ush" 2558
"../../../Engine/Shaders/Private/ScreenSpaceDenoise/SSDSignalCompression.ush" 2559
"../../../Engine/Shaders/Private/ScreenSpaceDenoise/SSDSpatialAccumulation.usf" 2560
"../../../Engine/Shaders/Private/ScreenSpaceDenoise/SSDInjest.usf" 2561
"../../../Engine/Shaders/Private/ScreenSpaceDenoise/SSDCompressMetadata.usf" 2562
"../../../Engine/Shaders/Private/DownsampleDepthPixelShader.usf" 2563
"../../../Engine/Shaders/Private/ScreenPass.usf" 2564
"../../../Engine/Shaders/Private/HZB.usf" 2565
"../../../Engine/Shaders/Private/OcclusionFeedbackShaders.usf" 2566
"../../../Engine/Shaders/Private/HZBOcclusion.usf" 2567
"../../../Engine/Shaders/Private/OcclusionQueryPixelShader.usf" 2568
"../../../Engine/Shaders/Private/OcclusionQueryVertexShader.usf" 2569
"../../../Engine/Shaders/Private/HitProxyCopy.usf" 2570
"../../../Engine/Shaders/Private/HitProxyPixelShader.usf" 2571
"../../../Engine/Shaders/Private/HitProxyVertexShader.usf" 2572
"../../../Engine/Shaders/Private/SceneCulling/SceneCullingDebugRender.usf" 2573
"../../../Engine/Shaders/Private/SceneCulling/SceneCulling.ush" 2574
"../../../Engine/Shaders/Private/SceneCulling/SceneCullingBuildExplicitBounds.usf" 2575
"../../../Engine/Shaders/Private/SceneCapturePixelShader.usf" 2576
"../../../Engine/Shaders/Private/RendererUtils.usf" 2577
"../../../Engine/Shaders/Private/RTWriteMaskDecode.usf" 2578
"../../../Engine/Shaders/Private/ReflectionEnvironmentShaders.usf" 2579
"../../../Engine/Shaders/Private/RectLightAtlas.usf" 2580
"../../../Engine/Shaders/Private/RayTracing/TraceRayInlineStatistics.usf" 2581
"../../../Engine/Shaders/Private/RayTracing/CompositeSkyLightPS.usf" 2582
"../../../Engine/Shaders/Private/RayTracing/GenerateSkyLightVisibilityRaysCS.usf" 2583
"../../../Engine/Shaders/Private/RayTracing/RayTracingSkyLightCommon.ush" 2584
"../../../Engine/Shaders/Private/RayTracing/SkyLightVisibilityRaysData.ush" 2585
"../../../Engine/Shaders/Private/Raytracing/RaytracingSkylightRGS.usf" 2586
"../../../Engine/Shaders/Private/HairStrands/HairStrandsRaytracing.ush" 2587
"../../../Engine/Shaders/Private/Raytracing/RayTracingSkyLightEvaluation.ush" 2588
"../../../Engine/Shaders/Private/Raytracing/RayTracingDeferredShadingCommon.ush" 2589
"../../../Engine/Shaders/Private/RayTracing/RayTracingOcclusionRGS.usf" 2590
"../../../Engine/Shaders/Private/RayTracing/RayTracingDirectionalLight.ush" 2591
"../../../Engine/Shaders/Private/RayTracing/RayTracingRectLight.ush" 2592
"../../../Engine/Shaders/Private/RayTracing/RayTracingSphereLight.ush" 2593
"../../../Engine/Shaders/Private/RayTracing/RayTracingCapsuleLight.ush" 2594
"../../../Engine/Shaders/Private/Raytracing/RayTracingFeedback.usf" 2595
"../../../Engine/Shaders/Shared/RayTracingDebugTypes.h" 2596
"../../../Engine/Shaders/Private/RayTracing/RayTracingPrimaryRays.usf" 2597
"../../../Engine/Shaders/Private/RayTracing/RayTracingLightingCommon.ush" 2598
"../../../Engine/Shaders/Private/RayTracing/RayTracingLightCullingCommon.ush" 2599
"../../../Engine/Shaders/Private/RayTracing/RayTracingMaterialDefaultHitShaders.usf" 2600
"../../../Engine/Shaders/Private/RayTracing/RayTracingMaterialHitShaders.usf" 2601
"../../../Engine/Shaders/Private/RayTracing/RayTracingShaderUtils.ush" 2602
"../../../Engine/Shaders/Private/RayTracing/RayTracingCalcInterpolants.ush" 2603
"../../../Engine/Shaders/Private/LightmapCommon.ush" 2604
"../../../Engine/Shaders/Private/Lumen/LumenHardwareRayTracingPayloadCommon.ush" 2605
"../../../Engine/Shaders/Shared/LumenDefinitions.h" 2606
"../../../Engine/Shaders/Private/Substrate/SubstrateExport.ush" 2607
"../../../Engine/Shaders/Private/RayTracing/RayTracingLightingMS.usf" 2608
"../../../Engine/Shaders/Private/Lumen/LumenDiffuseColorBoost.ush" 2609
"../../../Engine/Shaders/Private/RayTracing/RayTracingLightFunctionCommon.ush" 2610
"../../../Engine/Shaders/Private/RayTracing/RayTracingBuildLightGrid.usf" 2611
"../../../Engine/Shaders/Private/Raytracing/RayTracingInstanceBufferUtil.usf" 2612
"../../../Engine/Shaders/Private/RayTracing/RayTracingDynamicMesh.usf" 2613
"../../../Engine/Shaders/Private/RayTracing/RayTracingDefaultDecalHitShader.usf" 2614
"../../../Engine/Shaders/Private/RayTracing/RayTracingDecalMaterialShader.usf" 2615
"../../../Engine/Shaders/Private/PathTracing/PathTracingShaderUtils.ush" 2616
"../../../Engine/Shaders/Private/PathTracing/PathTracingCommon.ush" 2617
"../../../Engine/Shaders/Private/PathTracing/Material/PathTracingMaterialCommon.ush" 2618
"../../../Engine/Shaders/Private/PathTracing/Utilities/PathTracingRIS.ush" 2619
"../../../Engine/Shaders/Private/RayTracing/RayTracingBuildDecalGrid.usf" 2620
"../../../Engine/Shaders/Private/RayTracing/RayTracingDebugHitStatsUtils.usf" 2621
"../../../Engine/Shaders/Private/RayTracing/RayTracingDebugInstanceOverlap.usf" 2622
"../../../Engine/Shaders/Private/RayTracing/RayTracingDebugPicking.usf" 2623
"../../../Engine/Shaders/Private/RayTracing/RayTracingDebugUtils.ush" 2624
"../../../Engine/Shaders/Private/RayTracing/RayTracingDebugTraversal.usf" 2625
"../../../Engine/Shaders/Private/RayTracing/RayTracingDeferredMaterials.ush" 2626
"../../../Engine/Shaders/Shared/ThirdParty/AMD/ags_shader_intrinsics_dx12.h" 2627
"../../../Engine/Shaders/Shared/RayTracingDebugDefinitions.h" 2628
"../../../Engine/Shaders/Private/RayTracing/RayTracingDebugHitStatsCHS.usf" 2629
"../../../Engine/Shaders/Private/RayTracing/RayTracingDebugHitStats.usf" 2630
"../../../Engine/Shaders/Private/RayTracing/RayTracingDebugMS.usf" 2631
"../../../Engine/Shaders/Private/RayTracing/RayTracingDebugCHS.usf" 2632
"../../../Engine/Shaders/Private/RayTracing/RayTracingDebug.usf" 2633
"../../../Engine/Shaders/Private/RayTracing/RayTracingBuiltInShaders.usf" 2634
"../../../Engine/Shaders/Private/RayTracing/RayTracingBarycentrics.usf" 2635
"../../../Engine/Shaders/Private/RayTracing/RayTracingAmbientOcclusionRGS.usf" 2636
"../../../Engine/Shaders/Private/VisualizeShadingModels.usf" 2637
"../../../Engine/Shaders/Private/MotionBlur/VisualizeMotionVectors.usf" 2638
"../../../Engine/Shaders/Private/TemporalSuperResolution/TSRVisualize.usf" 2639
"../../../Engine/Shaders/Private/TemporalSuperResolution/TSRColorSpace.ush" 2640
"../../../Engine/Shaders/Private/TemporalSuperResolution/TSRCommon.ush" 2641
"../../../Engine/Shaders/Public/DualPixelVectorization.ush" 2642
"../../../Engine/Shaders/Private/TemporalSuperResolution/TSRReprojectionField.ush" 2643
"../../../Engine/Shaders/Private/TemporalSuperResolution/TSRResolveHistory.usf" 2644
"../../../Engine/Shaders/Private/TemporalSuperResolution/TSRConvolutionNetwork.ush" 2645
"../../../Engine/Shaders/Private/TemporalSuperResolution/TSRKernels.ush" 2646
"../../../Engine/Shaders/Public/LaneVectorization.ush" 2647
"../../../Engine/Shaders/Private/TemporalSuperResolution/TSRUpdateHistory.usf" 2648
"../../../Engine/Shaders/Private/TemporalSuperResolution/TSRSpatialAntiAliasing.ush" 2649
"../../../Engine/Shaders/Private/TemporalSuperResolution/TSRSpatialAntiAliasing.usf" 2650
"../../../Engine/Shaders/Private/TemporalSuperResolution/TSRRejectShading.usf" 2651
"../../../Engine/Shaders/Private/TemporalSuperResolution/TSRShadingAnalysis.ush" 2652
"../../../Engine/Shaders/Private/TemporalSuperResolution/TSRConvolutionNetworkPass.ush" 2653
"../../../Engine/Shaders/Private/TemporalSuperResolution/TSRDecimateHistory.usf" 2654
"../../../Engine/Shaders/Private/TemporalSuperResolution/TSRDepthVelocityAnalysis.ush" 2655
"../../../Engine/Shaders/Private/TemporalSuperResolution/TSRClosestOccluder.ush" 2656
"../../../Engine/Shaders/Private/TemporalSuperResolution/TSRWeightRelaxation.usf" 2657
"../../../Engine/Shaders/Private/TemporalSuperResolution/TSRThinGeometryCommon.ush" 2658
"../../../Engine/Shaders/Private/TemporalSuperResolution/TSRDetectThinGeometry.usf" 2659
"../../../Engine/Shaders/Private/TemporalSuperResolution/TSRDilateVelocity.usf" 2660
"../../../Engine/Shaders/Private/MotionBlur/MotionBlurVelocityFlatten.ush" 2661
"../../../Engine/Shaders/Private/MotionBlur/MotionBlurCommon.ush" 2662
"../../../Engine/Shaders/Private/TemporalSuperResolution/TSRClearPrevTextures.usf" 2663
"../../../Engine/Shaders/Private/TemporalSuperResolution/TSRMeasureCoverage.usf" 2664
"../../../Engine/Shaders/Private/TemporalSuperResolution/TSRMeasureFlickeringLuma.usf" 2665
"../../../Engine/Shaders/Private/TemporalAA.usf" 2666
"../../../Engine/Shaders/Private/FilterPixelShader.usf" 2667
"../../../Engine/Shaders/Private/FilterVertexShader.usf" 2668
"../../../Engine/Shaders/Private/VisualizeVirtualTexture.usf" 2669
"../../../Engine/Shaders/Private/PostProcessVisualizeBuffer.usf" 2670
"../../../Engine/Shaders/Private/PostProcessVisualizeLocalExposure.usf" 2671
"../../../Engine/Shaders/Private/PostProcessHistogramCommon.ush" 2672
"../../../Engine/Shaders/Private/TonemapCommon.ush" 2673
"../../../Engine/Shaders/Private/ACES/ACESCommon.ush" 2674
"../../../Engine/Shaders/Private/ACES/ACESOutputTransform.ush" 2675
"../../../Engine/Shaders/Private/ACES/ACESUtilities.ush" 2676
"../../../Engine/Shaders/Private/ACES/ACESTonescale.ush" 2677
"../../../Engine/Shaders/Private/ACES/ACESDisplayEncoding.ush" 2678
"../../../Engine/Shaders/Private/ACES/ACES_v1.3.ush" 2679
"../../../Engine/Shaders/Private/PostProcessVisualizeLevelInstance.usf" 2680
"../../../Engine/Shaders/Private/PostProcessVisualizeHDR.usf" 2681
"../../../Engine/Shaders/Private/ShaderComplexityApplyPixelShader.usf" 2682
"../../../Engine/Shaders/Private/QuadOverdraw.ush" 2683
"../../../Engine/Shaders/Private/PostProcessUpscale.usf" 2684
"../../../Engine/Shaders/Private/PostProcessTonemap.usf" 2685
"../../../Engine/Shaders/Private/PostProcessing/FilmGrainPackConstants.usf" 2686
"../../../Engine/Shaders/Private/PostProcessing/FilmGrainReduce.usf" 2687
"../../../Engine/Shaders/Private/PostProcessTestImage.usf" 2688
"../../../Engine/Shaders/Private/PostProcessSubsurface.usf" 2689
"../../../Engine/Shaders/Private/SeparableSSS.ush" 2690
"../../../Engine/Shaders/Private/SubsurfaceBurleyNormalized.ush" 2691
"../../../Engine/Shaders/Private/PostProcessSelectionOutline.usf" 2692
"../../../Engine/Shaders/Private/MotionBlur/MotionBlurVisualize.usf" 2693
"../../../Engine/Shaders/Private/MotionBlur/MotionBlurApply.usf" 2694
"../../../Engine/Shaders/Private/MotionBlur/MotionBlurFilterTileClassify.usf" 2695
"../../../Engine/Shaders/Private/MotionBlur/MotionBlurTileScatter.usf" 2696
"../../../Engine/Shaders/Private/MotionBlur/MotionBlurTileGather.usf" 2697
"../../../Engine/Shaders/Private/MotionBlur/MotionBlurVelocityFlatten.usf" 2698
"../../../Engine/Shaders/Private/PostProcessMobile.usf" 2699
"../../../Engine/Shaders/Private/PostProcessMitchellNetravali.usf" 2700
"../../../Engine/Shaders/Private/PostProcessMaterialShaders.usf" 2701
"../../../Engine/Shaders/Private/NeuralPostProcessCommon.usf" 2702
"../../../Engine/Shaders/Private/PostProcessLocalExposure.usf" 2703
"../../../Engine/Shaders/Private/PostProcessLensFlares.usf" 2704
"../../../Engine/Shaders/Private/PostProcessGBufferHints.usf" 2705
"../../../Engine/Shaders/Private/PostProcessHMD.usf" 2706
"../../../Engine/Shaders/Private/Histogram.usf" 2707
"../../../Engine/Shaders/Private/PostProcessHistogramReduce.usf" 2708
"../../../Engine/Shaders/Private/PostProcessHistogram.usf" 2709
"../../../Engine/Shaders/Private/Bloom/BloomFinalizeApplyConstants.usf" 2710
"../../../Engine/Shaders/Private/Bloom/BloomCommon.ush" 2711
"../../../Engine/Shaders/Private/Bloom/BloomResizeKernel.usf" 2712
"../../../Engine/Shaders/Private/Bloom/BloomDownsampleKernel.usf" 2713
"../../../Engine/Shaders/Private/Bloom/BloomClampKernel.usf" 2714
"../../../Engine/Shaders/Private/Bloom/BloomPackKernelConstants.usf" 2715
"../../../Engine/Shaders/Private/Bloom/BloomSumScatterDispersionEnergy.usf" 2716
"../../../Engine/Shaders/Private/Bloom/BloomReduceKernelSurvey.usf" 2717
"../../../Engine/Shaders/Private/Bloom/BloomSurveyKernelCenterEnergy.usf" 2718
"../../../Engine/Shaders/Private/Bloom/BloomSurveyMaxScatterDispersion.usf" 2719
"../../../Engine/Shaders/Private/Bloom/BloomFindKernelCenter.usf" 2720
"../../../Engine/Shaders/Private/PostProcessEyeAdaptation.usf" 2721
"../../../Engine/Shaders/Private/TranslucencyVolumeCommon.ush" 2722
"../../../Engine/Shaders/Private/PostProcessEyeAdaptationUtils.usf" 2723
"../../../Engine/Shaders/Private/PostProcessDownsample.usf" 2724
"../../../Engine/Shaders/Private/PostProcessDOF.usf" 2725
"../../../Engine/Shaders/Private/PostProcessDeviceEncodingOnly.usf" 2726
"../../../Engine/Shaders/Private/PostProcessCompositePrimitives.usf" 2727
"../../../Engine/Shaders/Private/PostProcessCombineLUTs.usf" 2728
"../../../Engine/Shaders/Private/PostProcessVisualizeDOF.usf" 2729
"../../../Engine/Shaders/Private/PostProcessBloom.usf" 2730
"../../../Engine/Shaders/Private/PostProcessAmbientOcclusionMobile.usf" 2731
"../../../Engine/Shaders/Private/PostProcessAmbientOcclusionCommon.ush" 2732
"../../../Engine/Shaders/Private/FXAAShader.usf" 2733
"../../../Engine/Shaders/Private/Fxaa3_11.ush" 2734
"../../../Engine/Shaders/Private/PaniniProjection.usf" 2735
"../../../Engine/Shaders/Private/DiaphragmDOF/DOFRecombine.usf" 2736
"../../../Engine/Shaders/Private/DiaphragmDOF/DOFHybridScatterPixelShader.usf" 2737
"../../../Engine/Shaders/Private/DiaphragmDOF/DOFHybridScatterCommon.ush" 2738
"../../../Engine/Shaders/Private/DiaphragmDOF/DOFVignetteCommon.ush" 2739
"../../../Engine/Shaders/Private/DiaphragmDOF/DOFHybridScatterVertexShader.usf" 2740
"../../../Engine/Shaders/Private/DiaphragmDOF/DOFPostfiltering.usf" 2741
"../../../Engine/Shaders/Private/DiaphragmDOF/DOFGatherTileSuggest.ush" 2742
"../../../Engine/Shaders/Private/DiaphragmDOF/DOFCocTileCommon.ush" 2743
"../../../Engine/Shaders/Private/DiaphragmDOF/DOFGatherPass.usf" 2744
"../../../Engine/Shaders/Private/DiaphragmDOF/DOFGatherCommon.ush" 2745
"../../../Engine/Shaders/Private/DiaphragmDOF/DOFGatherAccumulator.ush" 2746
"../../../Engine/Shaders/Private/DiaphragmDOF/DOFGatherKernel.ush" 2747
"../../../Engine/Shaders/Private/DiaphragmDOF/DOFBokehLUT.usf" 2748
"../../../Engine/Shaders/Private/DiaphragmDOF/DOFHybridScatterCompilation.usf" 2749
"../../../Engine/Shaders/Private/DiaphragmDOF/DOFReduce.usf" 2750
"../../../Engine/Shaders/Private/DiaphragmDOF/DOFDownsample.ush" 2751
"../../../Engine/Shaders/Private/DiaphragmDOF/DOFHybridScatterCompilation.ush" 2752
"../../../Engine/Shaders/Private/DiaphragmDOF/DOFDownsample.usf" 2753
"../../../Engine/Shaders/Private/DiaphragmDOF/DOFCocTileDilate.usf" 2754
"../../../Engine/Shaders/Private/DiaphragmDOF/DOFCocTileFlatten.usf" 2755
"../../../Engine/Shaders/Private/DiaphragmDOF/DOFSetup.usf" 2756
"../../../Engine/Shaders/Private/Tools/DebugAlphaChannel.usf" 2757
"../../../Engine/Shaders/Private/PostProcessAlphaInvert.usf" 2758
"../../../Engine/Shaders/Private/PlanarReflectionShaders.usf" 2759
"../../../Engine/Shaders/Private/PhysicsFieldVisualizer.usf" 2760
"../../../Engine/Shaders/Private/PathTracing/PathTracingSpatialTemporalDenoising.usf" 2761
"../../../Engine/Shaders/Private/ColorDifference.ush" 2762
"../../../Engine/Shaders/Private/PathTracing/PathTracingCompositingPixelShader.usf" 2763
"../../../Engine/Shaders/Private/PathTracing/PathTracingAdaptiveUtils.ush" 2764
"../../../Engine/Shaders/Private/PathTracing/PathTracingDefaultHitShader.usf" 2765
"../../../Engine/Shaders/Private/PathTracing/PathTracingGPULightmassMaterialHitShader.usf" 2766
"../../../Engine/Shaders/Private/PathTracing/PathTracingMaterialHitShader.usf" 2767
"../../../Engine/Shaders/Private/PathTracing/Material/PathTracingSubstrateCommon.ush" 2768
"../../../Engine/Shaders/Private/PathTracing/PathTracingLightingMissShader.usf" 2769
"../../../Engine/Shaders/Private/PathTracing/PathTracingMissShader.usf" 2770
"../../../Engine/Shaders/Private/PathTracing/PathTracingAdaptiveStart.usf" 2771
"../../../Engine/Shaders/Private/PathTracing/PathTracingBuildAdaptiveError.usf" 2772
"../../../Engine/Shaders/Private/PathTracing/PathTracingVolumetricCloudMaterialShader.usf" 2773
"../../../Engine/Shaders/Private/PathTracing/Volume/PathTracingCloudsMaterialCommon.ush" 2774
"../../../Engine/Shaders/Private/PathTracing/Volume/PathTracingVolumeCommon.ush" 2775
"../../../Engine/Shaders/Private/PathTracing/Volume/PathTracingCloudsCommon.ush" 2776
"../../../Engine/Shaders/Private/PathTracing/Volume/PathTracingFog.ush" 2777
"../../../Engine/Shaders/Private/PathTracing/Volume/PathTracingAtmosphere.ush" 2778
"../../../Engine/Shaders/Private/PathTracing/Volume/PathTracingAtmosphereCommon.ush" 2779
"../../../Engine/Shaders/Private/PathTracing/Volume/PathTracingVolumeSampling.ush" 2780
"../../../Engine/Shaders/Private/PathTracing/PathTracingBuildCloudAccelerationMap.usf" 2781
"../../../Engine/Shaders/Private/PathTracing/PathTracingBuildAtmosphereLUT.usf" 2782
"../../../Engine/Shaders/Private/PathTracing/PathTracingSwizzleScanlines.usf" 2783
"../../../Engine/Shaders/Private/PathTracing/PathTracingInitExtinctionCoefficient.usf" 2784
"../../../Engine/Shaders/Private/PathTracing/PathTracingCopyDepth.usf" 2785
"../../../Engine/Shaders/Private/PathTracing/PathTracingDebug.usf" 2786
"../../../Engine/Shaders/Private/RayTracing/RayTracingDecalGrid.ush" 2787
"../../../Engine/Shaders/Private/PathTracing/Material/PathTracingMaterialSampling.ush" 2788
"../../../Engine/Shaders/Private/PathTracing/Material/PathTracingLambert.ush" 2789
"../../../Engine/Shaders/Private/PathTracing/Material/PathTracingSubstrate.ush" 2790
"../../../Engine/Shaders/Private/PathTracing/Material/PathTracingSubstrateFoliage.ush" 2791
"../../../Engine/Shaders/Private/PathTracing/Material/PathTracingSubstrateSolidGlass.ush" 2792
"../../../Engine/Shaders/Private/PathTracing/Material/PathTracingSubstrateThinGlass.ush" 2793
"../../../Engine/Shaders/Private/PathTracing/Material/PathTracingSolidGlass.ush" 2794
"../../../Engine/Shaders/Private/PathTracing/Material/PathTracingEnergyConservation.ush" 2795
"../../../Engine/Shaders/Private/PathTracing/Material/PathTracingThinGlass.ush" 2796
"../../../Engine/Shaders/Private/PathTracing/Material/PathTracingDefaultLit.ush" 2797
"../../../Engine/Shaders/Private/PathTracing/Material/PathTracingClearCoat.ush" 2798
"../../../Engine/Shaders/Private/PathTracing/Material/PathTracingTwoSidedFoliage.ush" 2799
"../../../Engine/Shaders/Private/PathTracing/Material/PathTracingCloth.ush" 2800
"../../../Engine/Shaders/Private/PathTracing/Material/PathTracingSubsurfaceProfile.ush" 2801
"../../../Engine/Shaders/Private/PathTracing/Material/PathTracingEye.ush" 2802
"../../../Engine/Shaders/Private/PathTracing/Material/PathTracingHair.ush" 2803
"../../../Engine/Shaders/Private/PathTracing/Material/PathTracingMedium.ush" 2804
"../../../Engine/Shaders/Private/PathTracing/Light/PathTracingLightSampling.ush" 2805
"../../../Engine/Shaders/Private/PathTracing/Light/PathTracingLightCommon.ush" 2806
"../../../Engine/Shaders/Private/PathTracing/Light/PathTracingDirectionalLight.ush" 2807
"../../../Engine/Shaders/Private/PathTracing/Light/PathTracingPointLight.ush" 2808
"../../../Engine/Shaders/Private/PathTracing/Light/PathTracingCapsuleLight.ush" 2809
"../../../Engine/Shaders/Private/PathTracing/Light/PathTracingRectLight.ush" 2810
"../../../Engine/Shaders/Private/PathTracing/Light/PathTracingSkyLight.ush" 2811
"../../../Engine/Shaders/Private/PathTracing/Light/PathTracingLightGrid.ush" 2812
"../../../Engine/Shaders/Private/PathTracing/PathTracing.usf" 2813
"../../../Engine/Shaders/Private/PathTracing/PathTracingCore.ush" 2814
"../../../Engine/Shaders/Private/HeterogeneousVolumes/HeterogeneousVolumesVoxelGridTypes.ush" 2815
"../../../Engine/Shaders/Private/PathTracing/Volume/PathTracingVolume.ush" 2816
"../../../Engine/Shaders/Private/PathTracing/Volume/PathTracingClouds.ush" 2817
"../../../Engine/Shaders/Private/PathTracing/Volume/PathTracingHeterogeneousVolumes.ush" 2818
"../../../Engine/Shaders/Private/HeterogeneousVolumes/HeterogeneousVolumesVoxelGridTraversal.ush" 2819
"../../../Engine/Shaders/Private/HeterogeneousVolumes/HeterogeneousVolumesVoxelGridUtils.ush" 2820
"../../../Engine/Shaders/Private/HeterogeneousVolumes/HeterogeneousVolumesFrustumVoxelGridUtils.ush" 2821
"../../../Engine/Shaders/Private/PathTracing/PathTracingBuildLightGrid.usf" 2822
"../../../Engine/Shaders/Private/PathTracing/PathTracingSkylightMISCompensation.usf" 2823
"../../../Engine/Shaders/Private/PathTracing/PathTracingSkylightPrepare.usf" 2824
"../../../Engine/Shaders/Private/OIT/OITSorting.usf" 2825
"../../../Engine/Shaders/Private/OITCombine.usf" 2826
"../../../Engine/Shaders/Private/OITCommon.ush" 2827
"../../../Engine/Shaders/Private/Nanite/Voxel/RasterizeBricks.usf" 2828
"../../../Engine/Shaders/Private/Nanite/Voxel/Brick.ush" 2829
"../../../Engine/Shaders/Private/Nanite/Voxel/Voxel.ush" 2830
"../../../Engine/Shaders/Private/Nanite/Voxel/ScatterBricks.usf" 2831
"../../../Engine/Shaders/Private/Nanite/Voxel/TileBricks.usf" 2832
"../../../Engine/Shaders/Private/Nanite/Voxel/AutoVoxel.usf" 2833
"../../../Engine/Shaders/Private/Nanite/NaniteDebugViews.usf" 2834
"../../../Engine/Shaders/Private/Nanite/NaniteEditorCommon.ush" 2835
"../../../Engine/Shaders/Private/BinarySearch.ush" 2836
"../../../Engine/Shaders/Private/Nanite/NaniteDepthDecode.usf" 2837
"../../../Engine/Shaders/Private/HTileEncoding.ush" 2838
"../../../Engine/Shaders/Private/Nanite/NaniteVisualize.usf" 2839
"../../../Engine/Shaders/Private/Nanite/NaniteStreamOut.usf" 2840
"../../../Engine/Shaders/Private/Nanite/NaniteHierarchyTraversal.ush" 2841
"../../../Engine/Shaders/Private/Nanite/NaniteSkinningUpdateViewData.usf" 2842
"../../../Engine/Shaders/Private/Skinning/TransformProviders.usf" 2843
"../../../Engine/Shaders/Private/Nanite/NaniteShadeBinning.usf" 2844
"../../../Engine/Shaders/Private/Nanite/NaniteShadeCommon.ush" 2845
"../../../Engine/Shaders/Private/Nanite/NaniteFastClear.usf" 2846
"../../../Engine/Shaders/Private/Nanite/NaniteExportGBuffer.usf" 2847
"../../../Engine/Shaders/Private/Nanite/NaniteClusterCulling.usf" 2848
"../../../Engine/Shaders/Private/Nanite/NanitePrintStats.usf" 2849
"../../../Engine/Shaders/Private/Nanite/NaniteRasterizer.usf" 2850
"../../../Engine/Shaders/Private/Nanite/NaniteRasterizationCommon.ush" 2851
"../../../Engine/Shaders/Private/Nanite/NaniteRasterizer.ush" 2852
"../../../Engine/Shaders/Private/Nanite/NaniteWritePixel.ush" 2853
"../../../Engine/Shaders/Private/Nanite/NaniteTessellation.ush" 2854
"../../../Engine/Shaders/Private/WorkDistribution.ush" 2855
"../../../Engine/Shaders/Private/Nanite/NaniteDice.ush" 2856
"../../../Engine/Shaders/Private/ShaderBundleWorkGraphCommon.ush" 2857
"../../../Engine/Shaders/Public/RootConstants.ush" 2858
"../../../Engine/Shaders/Public/Platform/D3D/D3DRootConstants.ush" 2859
"../../../Engine/Shaders/Private/Nanite/NaniteSplit.usf" 2860
"../../../Engine/Shaders/Private/Nanite/NaniteRasterBinning.usf" 2861
"../../../Engine/Shaders/Private/Nanite/NaniteInstanceCulling.usf" 2862
"../../../Engine/Shaders/Private/Nanite/NaniteImposter.ush" 2863
"../../../Engine/Shaders/Private/Nanite/NaniteInstanceHierarchyCulling.usf" 2864
"../../../Engine/Shaders/Private/WorkGroupLoadBalancer.ush" 2865
"../../../Engine/Shaders/Private/Nanite/NanitePrimitiveFilter.usf" 2866
"../../../Engine/Shaders/Private/Nanite/NaniteRasterClear.usf" 2867
"../../../Engine/Shaders/Private/Nanite/NaniteDepthExport.usf" 2868
"../../../Engine/Shaders/Private/Nanite/NaniteEmitShadow.usf" 2869
"../../../Engine/Shaders/Private/MobileDeferredUtils.usf" 2870
"../../../Engine/Shaders/Private/MobileLocalLightsBuffer.usf" 2871
"../../../Engine/Shaders/Private/MobileFog.usf" 2872
"../../../Engine/Shaders/Private/DistortApplyScreenPS.usf" 2873
"../../../Engine/Shaders/Private/MobileDeferredShading.usf" 2874
"../../../Engine/Shaders/Private/MobileBasePassPixelShader.usf" 2875
"../../../Engine/Shaders/Private/MobileBasePassCommon.ush" 2876
"../../../Engine/Shaders/Private/BasePassCommon.ush" 2877
"../../../Engine/Shaders/Private/ShadingModelsMaterial.ush" 2878
"../../../Engine/Shaders/Private/ThinTranslucentCommon.ush" 2879
"../../../Engine/Shaders/Private/SingleLayerWaterShading.ush" 2880
"../../../Engine/Shaders/Private/DistortionCommon.ush" 2881
"../../../Engine/Shaders/Private/Substrate/SubstrateMobileForwardLighting.ush" 2882
"../../../Engine/Shaders/Private/MobileBasePassVertexShader.usf" 2883
"../../../Engine/Shaders/Private/MeshEdges.usf" 2884
"../../../Engine/Shaders/Private/MegaLights/MegaLightsVSMTracing.usf" 2885
"../../../Engine/Shaders/Private/MegaLights/MegaLights.ush" 2886
"../../../Engine/Shaders/Shared/MegaLightsDefinitions.h" 2887
"../../../Engine/Shaders/Private/HairStrands/HairStrandsVisibilityUtils.ush" 2888
"../../../Engine/Shaders/Private/MegaLights/MegaLightsRayTracing.ush" 2889
"../../../Engine/Shaders/Private/MegaLights/MegaLightsRayTracing.usf" 2890
"../../../Engine/Shaders/Private/DistanceField/GlobalDistanceFieldUtils.ush" 2891
"../../../Engine/Shaders/Private/Lumen/LumenScreenTracing.ush" 2892
"../../../Engine/Shaders/Private/MegaLights/MegaLightsVolumeRayTracing.usf" 2893
"../../../Engine/Shaders/Private/MegaLights/MegaLightsVolume.ush" 2894
"../../../Engine/Shaders/Private/MegaLights/MegaLightsVolumeHardwareRayTracing.usf" 2895
"../../../Engine/Shaders/Private/Lumen/LumenHardwareRayTracingCommon.ush" 2896
"../../../Engine/Shaders/Private/RayTracing/RayTracingReflectionEnvironment.ush" 2897
"../../../Engine/Shaders/Private/Lumen/LumenHardwareRayTracingPlatformCommon.ush" 2898
"../../../Engine/Shaders/Private/Lumen/LumenReflectionsCombine.ush" 2899
"../../../Engine/Shaders/Private/Lumen/LumenTracingCommon.ush" 2900
"../../../Engine/Shaders/Private/Lumen/SurfaceCache/LumenSurfaceCacheSampling.ush" 2901
"../../../Engine/Shaders/Private/Lumen/SurfaceCache/LumenSurfaceCache.ush" 2902
"../../../Engine/Shaders/Private/Lumen/LumenCardCommon.ush" 2903
"../../../Engine/Shaders/Private/Lumen/LumenCardTileShadowDownsampleFactor.ush" 2904
"../../../Engine/Shaders/Private/MegaLights/MegaLightsHardwareRayTracing.usf" 2905
"../../../Engine/Shaders/Private/MegaLights/MegaLights.usf" 2906
"../../../Engine/Shaders/Private/MegaLights/MegaLightsShading.ush" 2907
"../../../Engine/Shaders/Private/MegaLights/MegaLightsFilterVisibleLightHash.usf" 2908
"../../../Engine/Shaders/Private/MegaLights/MegaLightsDenoiserSpatial.usf" 2909
"../../../Engine/Shaders/Private/Lumen/LumenReflectionDenoiserCommon.ush" 2910
"../../../Engine/Shaders/Private/MegaLights/MegaLightsDenoiserTemporal.usf" 2911
"../../../Engine/Shaders/Private/MegaLights/MegaLightsShading.usf" 2912
"../../../Engine/Shaders/Private/StochasticLighting/StochasticLightingUpsample.ush" 2913
"../../../Engine/Shaders/Private/MegaLights/MegaLightsVisibleLightHash.usf" 2914
"../../../Engine/Shaders/Private/MegaLights/MegaLightsVolumeShading.usf" 2915
"../../../Engine/Shaders/Private/MegaLights/MegaLightsSampling.usf" 2916
"../../../Engine/Shaders/Private/MegaLights/MegaLightsSampling.ush" 2917
"../../../Engine/Shaders/Private/MegaLights/MegaLightsVolumeSampling.usf" 2918
"../../../Engine/Shaders/Private/MaterialCache/MaterialCacheABufferPages.usf" 2919
"../../../Engine/Shaders/Private/MaterialCache/MaterialCacheShade.usf" 2920
"../../../Engine/Shaders/Private/MaterialCache/MaterialCacheUnwrapNaniteShade.usf" 2921
"../../../Engine/Shaders/Private/MaterialCache/MaterialCacheUnwrapPixelShader.usf" 2922
"../../../Engine/Shaders/Private/MaterialCache/MaterialCacheUnwrapVertexShader.usf" 2923
"../../../Engine/Shaders/Private/Lumen/LumenVisualizeRadianceCache.usf" 2924
"../../../Engine/Shaders/Private/Lumen/LumenRadianceCacheCommon.ush" 2925
"../../../Engine/Shaders/Private/Lumen/LumenVisualizeHardwareRayTracing.usf" 2926
"../../../Engine/Shaders/Private/Lumen/LumenVisualize.ush" 2927
"../../../Engine/Shaders/Private/Lumen/LumenHairTracing.ush" 2928
"../../../Engine/Shaders/Private/Lumen/LumenVisualize.usf" 2929
"../../../Engine/Shaders/Private/Lumen/LumenSoftwareRayTracing.ush" 2930
"../../../Engine/Shaders/Private/DistanceField/GlobalDistanceFieldObjectGrid.ush" 2931
"../../../Engine/Shaders/Private/DistanceFieldLightingShared.ush" 2932
"../../../Engine/Shaders/Private/Lumen/LumenVisualizeTraces.ush" 2933
"../../../Engine/Shaders/Private/Lumen/LumenTranslucencyVolumeLighting.usf" 2934
"../../../Engine/Shaders/Private/Lumen/LumenRadianceCacheMarkCommon.ush" 2935
"../../../Engine/Shaders/Private/Lumen/LumenTranslucencyVolumeLightingShared.ush" 2936
"../../../Engine/Shaders/Private/Lumen/LumenScreenProbeCommon.ush" 2937
"../../../Engine/Shaders/Private/RayTracing/RayGenUtils.ush" 2938
"../../../Engine/Shaders/Private/Lumen/LumenRadianceCacheTracingCommon.ush" 2939
"../../../Engine/Shaders/Private/Lumen/LumenTranslucencyVolumeHardwareRayTracing.usf" 2940
"../../../Engine/Shaders/Private/Lumen/LumenTranslucencyRadianceCacheMarkShaders.usf" 2941
"../../../Engine/Shaders/Private/Lumen/SurfaceCache/LumenSurfaceCache.usf" 2942
"../../../Engine/Shaders/Private/Lumen/LumenShortRangeAOHardwareRayTracing.usf" 2943
"../../../Engine/Shaders/Private/Lumen/LumenScreenSpaceBentNormal.ush" 2944
"../../../Engine/Shaders/Private/Lumen/LumenScreenSpaceBentNormal.usf" 2945
"../../../Engine/Shaders/Private/Lumen/LumenScreenProbeTracing.usf" 2946
"../../../Engine/Shaders/Private/Lumen/LumenScreenProbeTracingCommon.ush" 2947
"../../../Engine/Shaders/Private/Lumen/LumenFloatQuantization.ush" 2948
"../../../Engine/Shaders/Private/Lumen/LumenScreenProbeImportanceSampling.usf" 2949
"../../../Engine/Shaders/Private/Lumen/LumenScreenProbeImportanceSamplingShared.ush" 2950
"../../../Engine/Shaders/Private/Lumen/LumenScreenProbeHardwareRayTracing.usf" 2951
"../../../Engine/Shaders/Private/Lumen/LumenScreenProbeDebug.usf" 2952
"../../../Engine/Shaders/Private/Lumen/LumenScreenProbeGather.usf" 2953
"../../../Engine/Shaders/Private/Lumen/LumenScreenProbeGatherTemporal.usf" 2954
"../../../Engine/Shaders/Private/Lumen/LumenScreenProbeFiltering.usf" 2955
"../../../Engine/Shaders/Private/Lumen/LumenSceneLighting.usf" 2956
"../../../Engine/Shaders/Private/Lumen/LumenCardTile.ush" 2957
"../../../Engine/Shaders/Private/Lumen/LumenSceneLighting.ush" 2958
"../../../Engine/Shaders/Private/Lumen/Radiosity/LumenRadiosity.ush" 2959
"../../../Engine/Shaders/Private/Lumen/LumenSceneLightingDebug.usf" 2960
"../../../Engine/Shaders/Private/Lumen/LumenScene.usf" 2961
"../../../Engine/Shaders/Private/Lumen/LumenSceneDirectLightingHardwareRayTracing.usf" 2962
"../../../Engine/Shaders/Private/Lumen/LumenSceneDirectLightingStochastic.ush" 2963
"../../../Engine/Shaders/Private/Lumen/LumenReflectionCommon.ush" 2964
"../../../Engine/Shaders/Private/Lumen/LumenSceneDirectLighting.ush" 2965
"../../../Engine/Shaders/Private/Lumen/LumenSceneDebugHardwareRayTracing.usf" 2966
"../../../Engine/Shaders/Private/Lumen/LumenSceneDirectLightingStochastic.usf" 2967
"../../../Engine/Shaders/Private/Lumen/LumenSceneDirectLightingSoftwareRayTracing.usf" 2968
"../../../Engine/Shaders/Private/DistanceFieldShadowingShared.ush" 2969
"../../../Engine/Shaders/Private/Lumen/LumenSceneDirectLightingPerLightShadowCommon.ush" 2970
"../../../Engine/Shaders/Private/Lumen/LumenSceneDirectLightingShadowMask.usf" 2971
"../../../Engine/Shaders/Private/Lumen/LumenSceneDirectLighting.usf" 2972
"../../../Engine/Shaders/Private/Lumen/LumenSceneDirectLightingCulling.usf" 2973
"../../../Engine/Shaders/Private/Lumen/LumenCardComputeShader.usf" 2974
"../../../Engine/Shaders/Private/Lumen/LumenCardBasePass.ush" 2975
"../../../Engine/Shaders/Private/Lumen/LumenCardPixelShader.usf" 2976
"../../../Engine/Shaders/Private/Lumen/LumenCardVertexShader.usf" 2977
"../../../Engine/Shaders/Private/Lumen/LumenReSTIRGather.usf" 2978
"../../../Engine/Shaders/Private/Lumen/LumenReflectionTracing.usf" 2979
"../../../Engine/Shaders/Private/Lumen/LumenReflectionDenoiserSpatial.usf" 2980
"../../../Engine/Shaders/Private/Lumen/LumenReflectionDenoiserClear.usf" 2981
"../../../Engine/Shaders/Private/Lumen/LumenReflectionDenoiserTemporal.usf" 2982
"../../../Engine/Shaders/Private/Lumen/LumenReflectionResolve.usf" 2983
"../../../Engine/Shaders/Private/Lumen/LumenReflections.usf" 2984
"../../../Engine/Shaders/Private/Lumen/RayTracedTranslucency.usf" 2985
"../../../Engine/Shaders/Private/Lumen/LumenReflectionHardwareRayTracing.usf" 2986
"../../../Engine/Shaders/Private/Lumen/Radiosity/LumenVisualizeRadiosityProbes.usf" 2987
"../../../Engine/Shaders/Private/Lumen/Radiosity/LumenRadiosity.usf" 2988
"../../../Engine/Shaders/Private/Lumen/Radiosity/LumenRadiosityHardwareRayTracing.usf" 2989
"../../../Engine/Shaders/Private/Lumen/Radiosity/LumenRadiosityCulling.usf" 2990
"../../../Engine/Shaders/Private/Lumen/LumenRadianceCacheHardwareRayTracing.usf" 2991
"../../../Engine/Shaders/Private/Lumen/LumenRadianceCache.usf" 2992
"../../../Engine/Shaders/Private/Lumen/LumenRadianceCacheUpdate.ush" 2993
"../../../Engine/Shaders/Private/Lumen/LumenRadianceCacheDebug.usf" 2994
"../../../Engine/Shaders/Private/Lumen/LumenRadianceCacheUpdate.usf" 2995
"../../../Engine/Shaders/Private/Lumen/LumenMeshSDFCulling.usf" 2996
"../../../Engine/Shaders/Private/HybridIndirectLighting.ush" 2997
"../../../Engine/Shaders/Private/MeshDistanceFieldCommon.ush" 2998
"../../../Engine/Shaders/Private/Lumen/LumenIrradianceFieldGather.usf" 2999
"../../../Engine/Shaders/Private/Lumen/LumenHardwareRayTracingMaterials.usf" 3000
"../../../Engine/Shaders/Private/Lumen/LumenFrontLayerTranslucency.usf" 3001
"../../../Engine/Shaders/Private/LocalFogVolumes/LocalFogVolumeSplat.usf" 3002
"../../../Engine/Shaders/Private/LocalFogVolumes/LocalFogVolumeTiledCulling.usf" 3003
"../../../Engine/Shaders/Private/LightShaftShader.usf" 3004
"../../../Engine/Shaders/Private/StationaryLightOverlapShaders.usf" 3005
"../../../Engine/Shaders/Private/DeferredLightPixelShaders.usf" 3006
"../../../Engine/Shaders/Private/DeferredLightVertexShaders.usf" 3007
"../../../Engine/Shaders/Private/LightMapDensityShader.usf" 3008
"../../../Engine/Shaders/Private/LightGridInjection.usf" 3009
"../../../Engine/Shaders/Shared/LightGridDefinitions.h" 3010
"../../../Engine/Shaders/Private/LightFunctionPixelShader.usf" 3011
"../../../Engine/Shaders/Private/LightFunctionVertexShader.usf" 3012
"../../../Engine/Shaders/Private/LightFunctionAtlas/LightFunctionAtlasRender.usf" 3013
"../../../Engine/Shaders/Private/InstanceCulling/InstanceCullingOcclusionQuery.usf" 3014
"../../../Engine/Shaders/Private/InstanceCulling/InstanceCullingSetup.ush" 3015
"../../../Engine/Shaders/Private/InstanceCulling/BuildInstanceDrawCommands.usf" 3016
"../../../Engine/Shaders/Private/InstanceCulling/InstanceCompactionCommon.ush" 3017
"../../../Engine/Shaders/Private/SceneDataMobileWriter.ush" 3018
"../../../Engine/Shaders/Private/InstanceCulling/CompactVisibleInstances.usf" 3019
"../../../Engine/Shaders/Private/ReflectionEnvironmentPixelShader.usf" 3020
"../../../Engine/Shaders/Private/AmbientCubemapComposite.usf" 3021
"../../../Engine/Shaders/Private/DiffuseIndirectComposite.usf" 3022
"../../../Engine/Shaders/Private/IESAtlas.usf" 3023
"../../../Engine/Shaders/Private/HeterogeneousVolumes/HeterogeneousVolumesVoxelGridShadows.usf" 3024
"../../../Engine/Shaders/Private/HeterogeneousVolumes/HeterogeneousVolumesStochasticFiltering.ush" 3025
"../../../Engine/Shaders/Private/HeterogeneousVolumes/HeterogeneousVolumesVoxelGridRenderingUtils.ush" 3026
"../../../Engine/Shaders/Private/HeterogeneousVolumes/HeterogeneousVolumesLightingUtils.ush" 3027
"../../../Engine/Shaders/Private/HeterogeneousVolumes/HeterogeneousVolumesVoxelGridRendering.usf" 3028
"../../../Engine/Shaders/Private/HeterogeneousVolumes/HeterogeneousVolumesVoxelGridPipeline.usf" 3029
"../../../Engine/Shaders/Private/HeterogeneousVolumes/HeterogeneousVolumesMaterialBakingPipeline.usf" 3030
"../../../Engine/Shaders/Private/HeterogeneousVolumes/HeterogeneousVolumesLiveShadingUtils.ush" 3031
"../../../Engine/Shaders/Private/HeterogeneousVolumes/HeterogeneousVolumesFrustumVoxelGrid.usf" 3032
"../../../Engine/Shaders/Private/HeterogeneousVolumes/HeterogeneousVolumesSparseVoxelPipeline.usf" 3033
"../../../Engine/Shaders/Private/HeterogeneousVolumes/HeterogeneousVolumesSparseVoxelUtils.ush" 3034
"../../../Engine/Shaders/Private/HeterogeneousVolumes/HeterogeneousVolumesSparseVoxelUniformBufferUtils.ush" 3035
"../../../Engine/Shaders/Private/HeterogeneousVolumes/HeterogeneousVolumesPreshadingPipeline.usf" 3036
"../../../Engine/Shaders/Private/HeterogeneousVolumes/HeterogeneousVolumesLiveShadingShadows.usf" 3037
"../../../Engine/Shaders/Private/HeterogeneousVolumes/HeterogeneousVolumesLiveShadingGlobalPipeline.usf" 3038
"../../../Engine/Shaders/Private/HeterogeneousVolumes/HeterogeneousVolumesLiveShadingPipeline.usf" 3039
"../../../Engine/Shaders/Private/HeterogeneousVolumes/HeterogeneousVolumesHardwareRayTracing.usf" 3040
"../../../Engine/Shaders/Private/HeterogeneousVolumes/HeterogeneousVolumesAmbientOcclusionPipeline.usf" 3041
"../../../Engine/Shaders/Private/HeterogeneousVolumes/HeterogeneousVolumesComposite.usf" 3042
"../../../Engine/Shaders/Private/HdrCustomResolveShaders.usf" 3043
"../../../Engine/Shaders/Private/HairStrands/RenderCurveRaster.usf" 3044
"../../../Engine/Shaders/Private/HairStrands/HairStrandsVoxelRasterCompute.usf" 3045
"../../../Engine/Shaders/Private/HairStrands/HairStrandsHitProxy.usf" 3046
"../../../Engine/Shaders/Private/HairStrands/HairStrandsVisibilityRasterComputeNaive.usf" 3047
"../../../Engine/Shaders/Private/HairStrands/HairStrandsVisibilityRasterHW.usf" 3048
"../../../Engine/Shaders/Private/HairStrands/HairStrandsVisibilityRasterCompute.usf" 3049
"../../../Engine/Shaders/Private/HairStrands/HairStrandsVisibilityRasterClassification.usf" 3050
"../../../Engine/Shaders/Private/HairStrands/HairStrandsCoverage.usf" 3051
"../../../Engine/Shaders/Private/HairStrands/HairStrandsVisibilityDepthPS.usf" 3052
"../../../Engine/Shaders/Private/HairStrands/HairStrandsVisibilityTransmittanceDepthPS.usf" 3053
"../../../Engine/Shaders/Private/HairStrands/HairStrandsVisibilityFillOpaqueDepthPS.usf" 3054
"../../../Engine/Shaders/Private/HairStrands/HairStrandsVisibilityCompactionComputeRaster.usf" 3055
"../../../Engine/Shaders/Private/HairStrands/HairStrandsVisibilityCompaction.usf" 3056
"../../../Engine/Shaders/Private/HairStrands/HairStrandsVisibilityCopyIndirectArg.usf" 3057
"../../../Engine/Shaders/Private/HairStrands/HairStrandsVisibilityClearPS.usf" 3058
"../../../Engine/Shaders/Private/HairStrands/HairStrandsVisibilityPS.usf" 3059
"../../../Engine/Shaders/Private/HairStrands/HairStrandsVisibilityVS.usf" 3060
"../../../Engine/Shaders/Private/HairStrands/HairStrandsVelocity.usf" 3061
"../../../Engine/Shaders/Private/HairStrands/HairStrandsVisibilityComputeSampleCoverage.usf" 3062
"../../../Engine/Shaders/Private/HairStrands/HairStrandsMaterialPS.usf" 3063
"../../../Engine/Shaders/Private/HairStrands/HairStrandsMaterialCommon.ush" 3064
"../../../Engine/Shaders/Private/HairStrands/HairStrandsMaterialVS.usf" 3065
"../../../Engine/Shaders/Private/HairStrands/HairStrandsLightSample.usf" 3066
"../../../Engine/Shaders/Private/HairStrands/HairStrandsDeepShadowMask.usf" 3067
"../../../Engine/Shaders/Private/HairStrands/HairStrandsDeepTransmittanceMask.usf" 3068
"../../../Engine/Shaders/Private/HairStrands/HairStrandsVisibilityTile.usf" 3069
"../../../Engine/Shaders/Private/HairStrands/HairStrandsDeepShadowPS.usf" 3070
"../../../Engine/Shaders/Private/HairStrands/HairStrandsDeepShadowVS.usf" 3071
"../../../Engine/Shaders/Private/HairStrands/HairStrandsAABB.usf" 3072
"../../../Engine/Shaders/Private/HairStrands/HairStrandsLUT.usf" 3073
"../../../Engine/Shaders/Private/HairStrands/HairStrandsForwardRaster.usf" 3074
"../../../Engine/Shaders/Private/HairStrands/HairStrandsForwardCulling.usf" 3075
"../../../Engine/Shaders/Private/HairStrands/HairStrandsEnvironmentLighting.usf" 3076
"../../../Engine/Shaders/Private/HairStrands/HairStrandsEnvironmentAO.usf" 3077
"../../../Engine/Shaders/Private/HairStrands/HairStrandsDeepShadowAllocation.usf" 3078
"../../../Engine/Shaders/Private/HairStrands/HairStrandsVoxelDebug.usf" 3079
"../../../Engine/Shaders/Private/HairStrands/HairStrandsComposition.usf" 3080
"../../../Engine/Shaders/Private/HairStrands/HairStrandsGBufferCommon.ush" 3081
"../../../Engine/Shaders/Private/GPUScene/GPUSceneDataManagement.usf" 3082
"../../../Engine/Shaders/Private/GPUSceneDebugRender.usf" 3083
"../../../Engine/Shaders/Private/GPUFeedbackCompaction.usf" 3084
"../../../Engine/Shaders/Private/GPUFastFourierTransform.usf" 3085
"../../../Engine/Shaders/Private/GPUFastFourierTransform2DCore.ush" 3086
"../../../Engine/Shaders/Private/GPUFastFourierTransformCore.ush" 3087
"../../../Engine/Shaders/Private/GPUBenchmark.usf" 3088
"../../../Engine/Shaders/Private/DistanceField/GlobalDistanceFieldDebug.usf" 3089
"../../../Engine/Shaders/Private/DistanceField/GlobalDistanceFieldUpdate.ush" 3090
"../../../Engine/Shaders/Private/DistanceField/GlobalDistanceFieldMip.usf" 3091
"../../../Engine/Shaders/Private/DistanceField/GlobalDistanceField.usf" 3092
"../../../Engine/Shaders/Private/DistanceField/GlobalDistanceFieldCompositeObjects.usf" 3093
"../../../Engine/Shaders/Private/DistanceField/GlobalDistanceFieldHeightfields.usf" 3094
"../../../Engine/Shaders/Private/HeightfieldLightingShared.ush" 3095
"../../../Engine/Shaders/Private/GenerateConservativeDepth.usf" 3096
"../../../Engine/Shaders/Private/HeightFogPixelShader.usf" 3097
"../../../Engine/Shaders/Private/HeightFogVertexShader.usf" 3098
"../../../Engine/Shaders/Private/DistortFiltering.usf" 3099
"../../../Engine/Shaders/Private/DistortAccumulatePS.usf" 3100
"../../../Engine/Shaders/Private/DistortAccumulateVS.usf" 3101
"../../../Engine/Shaders/Private/DistanceFieldVisualization.usf" 3102
"../../../Engine/Shaders/Private/DistanceFieldStreaming.usf" 3103
"../../../Engine/Shaders/Private/DistanceFieldShadowing.usf" 3104
"../../../Engine/Shaders/Private/DistanceFieldScreenGridLighting.usf" 3105
"../../../Engine/Shaders/Private/DistanceFieldObjectCulling.usf" 3106
"../../../Engine/Shaders/Private/DistanceFieldLightingPost.usf" 3107
"../../../Engine/Shaders/Private/DitheredTransitionStencil.usf" 3108
"../../../Engine/Shaders/Private/CopyDepthTexture.usf" 3109
"../../../Engine/Shaders/Private/CopyDepthTextureCS.usf" 3110
"../../../Engine/Shaders/Private/DeferredDecal.usf" 3111
"../../../Engine/Shaders/Private/DecalCommon.ush" 3112
"../../../Engine/Shaders/Private/DebugViewModeVertexShader.usf" 3113
"../../../Engine/Shaders/Private/DebugViewModeCommon.ush" 3114
"../../../Engine/Shaders/Private/DebugViewModePixelShader.usf" 3115
"../../../Engine/Shaders/Private/DebugProbes.usf" 3116
"../../../Engine/Shaders/Private/MeshDecals.usf" 3117
"../../../Engine/Shaders/Private/PostProcessAmbientOcclusion.usf" 3118
"../../../Engine/Shaders/Private/ClusteredDeferredShadingPixelShader.usf" 3119
"../../../Engine/Shaders/Private/ClusteredDeferredShadingVertexShader.usf" 3120
"../../../Engine/Shaders/Private/CapsuleShadowShaders.usf" 3121
"../../../Engine/Shaders/Private/BasePassPixelShader.usf" 3122
"../../../Engine/Shaders/Private/ForwardLightingCommon.ush" 3123
"../../../Engine/Shaders/Private/Substrate/SubstrateForwardLighting.ush" 3124
"../../../Engine/Shaders/Private/ComputeShaderOutputCommon.ush" 3125
"../../../Engine/Shaders/Private/BasePassVertexShader.usf" 3126
"../../../Engine/Shaders/Private/BasePassVertexCommon.ush" 3127
"../../../Engine/Shaders/Private/SimpleElementVolumeTexturePreviewPixelShader.usf" 3128
"../../../Engine/Shaders/Private/SimpleElementTexture2DPreviewPixelShader.usf" 3129
"../../../Engine/Shaders/Private/meshpaintdilatepixelshader.usf" 3130
"../../../Engine/Shaders/Private/meshpaintdilatevertexshader.usf" 3131
"../../../Engine/Shaders/Private/MeshPaintPixelShader.usf" 3132
"../../../Engine/Shaders/Private/MeshPaintVertexShader.usf" 3133
"../../../Engine/Shaders/Private/SlateElementPixelShader.usf" 3134
"../../../Engine/Shaders/Private/SlateShaderCommon.ush" 3135
"../../../Engine/Shaders/Private/SlateMaskingShader.usf" 3136
"../../../Engine/Shaders/Private/SlateVertexShader.usf" 3137
"../../../Engine/Shaders/Private/CompositeUIPixelShader.usf" 3138
"../../../Engine/Shaders/Private/ColorDeficiency.ush" 3139
"../../../Engine/Shaders/Private/SlatePostProcessColorDeficiencyPixelShader.usf" 3140
"../../../Engine/Shaders/Private/SlatePostProcessPixelShader.usf" 3141
"../../../Engine/Shaders/Private/Tools/VisualizeTexture.usf" 3142
"../../../Engine/Shaders/Private/UpdateDescriptorHandle.usf" 3143
"../../../Engine/Shaders/Private/ByteBuffer.usf" 3144
"../../../Engine/Shaders/Private/ShaderBundleWorkGraphDispatch.usf" 3145
"../../../Engine/Shaders/Private/ShaderBundleDispatch.usf" 3146
"../../../Engine/Shaders/Private/ResolveVertexShader.usf" 3147
"../../../Engine/Shaders/Private/ResolvePixelShader.usf" 3148
"../../../Engine/Shaders/Private/Tools/SetupIndirectArgs.usf" 3149
"../../../Engine/Shaders/Private/ClearReplacementShaders.usf" 3150
"../../../Engine/Shaders/Private/Tools/DrawTexture.usf" 3151
"../../../Engine/Shaders/Private/RayTracing/RayTracingValidation.usf" 3152
"../../../Engine/Shaders/Private/RenderGraphUtilities.usf" 3153
"../../../Engine/Shaders/Private/OneColorShader.usf" 3154
"../../../Engine/Shaders/Private/OculusShaders.usf" 3155
"../../../Engine/Shaders/Private/MediaShaders.usf" 3156
"../../../Engine/Shaders/Private/GPUMessaging.usf" 3157
"../../../Engine/Shaders/Private/Tools/GPUDebugCrashUtils.usf" 3158
"../../../Engine/Shaders/Private/NullPixelShader.usf" 3159
"../../../Engine/Shaders/Private/ComputeGenerateMips.usf" 3160
"../../../Engine/Shaders/Private/Tools/DumpTexture.usf" 3161
"../../../Engine/Shaders/Private/CopyTextureShaders.usf" 3162
"../../../Engine/Shaders/Private/Tools/FullscreenVertexShader.usf" 3163
"../../../Engine/Shaders/Private/RayTracing/RayTracingDispatchDesc.usf" 3164
"../../../Engine/Shaders/Private/Bink.usf" 3165
"../../../Engine/Shaders/Private/VelocityShader.usf" 3166
"../../../Engine/Shaders/Private/DepthOnlyPixelShader.usf" 3167
"../../../Engine/Shaders/Private/PositionOnlyDepthVertexShader.usf" 3168
"../../../Engine/Shaders/Private/DepthOnlyVertexShader.usf" 3169
"../../../Engine/Shaders/Private/AnisotropyPassShader.usf" 3170
"C:/Users/fputi/Documents/GitHub/BuscaMines/Unreal/Content/FP/BluePrints/Assets_BP/Text3D/BP_Text3D_NumberMines.uasset" 3171
"/Engine/EngineResources/WhiteSquareTexture" 3172
"../../../Engine/Content/EngineResources/WhiteSquareTexture.uasset" 3173
"/Engine/EngineResources/GradientTexture0" 3174
"../../../Engine/Content/EngineResources/GradientTexture0.uasset" 3175
"/Engine/EngineResources/Black" 3176
"../../../Engine/Content/EngineResources/Black.uasset" 3177
"/Engine/EditorResources/S_Actor" 3178
"../../../Engine/Content/EditorResources/S_Actor.uasset" 3179
"/Engine/EngineFonts/RobotoDistanceField" 3180
"../../../Engine/Content/EngineFonts/RobotoDistanceField.uasset" 3181
"/Engine/EngineMaterials/DefaultTextMaterialOpaque" 3182
"../../../Engine/Content/EngineMaterials/DefaultTextMaterialOpaque.uasset" 3183
"/Engine/Functions/Engine_MaterialFunctions01/Shading/PowerToRoughness" 3184
"../../../Engine/Content/Functions/Engine_MaterialFunctions01/Shading/PowerToRoughness.uasset" 3185
"/Engine/Functions/Engine_MaterialFunctions01/Shading/ConvertFromDiffSpec" 3186
"../../../Engine/Content/Functions/Engine_MaterialFunctions01/Shading/ConvertFromDiffSpec.uasset" 3187
"/Engine/EngineMaterials/WorldGridMaterial" 3188
"../../../Engine/Content/EngineMaterials/WorldGridMaterial.uasset" 3189
"../../../Engine/Content/Functions/Engine_MaterialFunctions01/Opacity/CameraDepthFade.uasset" 3190
"../../../Engine/Content/EngineMaterials/T_Default_Material_Grid_M.uasset" 3191
"../../../Engine/Content/EngineMaterials/T_Default_Material_Grid_N.uasset" 3192
"/Engine/EngineMaterials/DefaultDeferredDecalMaterial" 3193
"../../../Engine/Content/EngineMaterials/DefaultDeferredDecalMaterial.uasset" 3194
"../../../Engine/Content/EngineMaterials/DefaultDiffuse.uasset" 3195
"/Engine/EngineMaterials/DefaultLightFunctionMaterial" 3196
"../../../Engine/Content/EngineMaterials/DefaultLightFunctionMaterial.uasset" 3197
"/Engine/EngineMaterials/DefaultPostProcessMaterial" 3198
"../../../Engine/Content/EngineMaterials/DefaultPostProcessMaterial.uasset" 3199
"../../../Engine/Content/Functions/Engine_MaterialFunctions02/Utility/BreakOutFloat2Components.uasset" 3200
"/Engine/EditorResources/S_Trigger" 3201
"../../../Engine/Content/EditorResources/S_Trigger.uasset" 3202
"/Engine/EditorResources/S_BoxReflectionCapture" 3203
"../../../Engine/Content/EditorResources/S_BoxReflectionCapture.uasset" 3204
"/Engine/EngineResources/DefaultTexture" 3205
"../../../Engine/Content/EngineResources/DefaultTexture.uasset" 3206
"/Engine/EditorResources/S_TriggerBox" 3207
"../../../Engine/Content/EditorResources/S_TriggerBox.uasset" 3208
"/Engine/EditorResources/S_TriggerCapsule" 3209
"../../../Engine/Content/EditorResources/S_TriggerCapsule.uasset" 3210
"/Engine/EditorResources/S_TriggerSphere" 3211
"../../../Engine/Content/EditorResources/S_TriggerSphere.uasset" 3212
"/Engine/EngineDamageTypes/DmgTypeBP_Environmental" 3213
"../../../Engine/Content/EngineDamageTypes/DmgTypeBP_Environmental.uasset" 3214
"/Engine/EngineMeshes/Sphere" 3215
"../../../Engine/Content/EngineMeshes/Sphere.uasset" 3216
"/Engine/EngineResources/DefaultTextureCube" 3217
"../../../Engine/Content/EngineResources/DefaultTextureCube.uasset" 3218
"/Engine/EngineResources/DefaultVolumeTexture" 3219
"../../../Engine/Content/EngineResources/DefaultVolumeTexture.uasset" 3220
"../../../Engine/Content/EngineResources/DefaultVolumeTexture2D.uasset" 3221
"/Engine/VREditor/TransformGizmo/SM_Sequencer_Node" 3222
"../../../Engine/Content/VREditor/TransformGizmo/SM_Sequencer_Node.uasset" 3223
"../../../Engine/Content/VREditor/TransformGizmo/Main.uasset" 3224
"../../../Engine/Content/VREditor/TransformGizmo/Xray.uasset" 3225
"/Engine/EditorResources/S_Solver" 3226
"../../../Engine/Content/EditorResources/S_Solver.uasset" 3227
"/Engine/EngineDebugMaterials/VolumeToRender" 3228
"../../../Engine/Content/EngineDebugMaterials/VolumeToRender.uasset" 3229
"/Engine/EngineDebugMaterials/M_VolumeRenderSphereTracePP" 3230
"../../../Engine/Content/EngineDebugMaterials/M_VolumeRenderSphereTracePP.uasset" 3231
"../../../Engine/Content/Functions/Engine_MaterialFunctions02/Utility/CameraDirectionVector.uasset" 3232
"/Engine/EditorMeshes/Camera/SM_CraneRig_Base" 3233
"../../../Engine/Content/EditorMeshes/Camera/SM_CraneRig_Base.uasset" 3234
"../../../Engine/Content/EditorMaterials/Camera/MI_CineMat_Rig.uasset" 3235
"../../../Engine/Content/EditorMaterials/Camera/CineMat.uasset" 3236
"/Engine/EditorMeshes/Camera/SM_CraneRig_Arm" 3237
"../../../Engine/Content/EditorMeshes/Camera/SM_CraneRig_Arm.uasset" 3238
"/Engine/EditorMeshes/Camera/SM_CraneRig_Mount" 3239
"../../../Engine/Content/EditorMeshes/Camera/SM_CraneRig_Mount.uasset" 3240
"/Engine/EditorMeshes/Camera/SM_CraneRig_Body" 3241
"../../../Engine/Content/EditorMeshes/Camera/SM_CraneRig_Body.uasset" 3242
"/Engine/EditorMeshes/Camera/SM_RailRig_Track" 3243
"../../../Engine/Content/EditorMeshes/Camera/SM_RailRig_Track.uasset" 3244
"/Engine/EditorMeshes/Camera/SM_RailRig_Mount" 3245
"../../../Engine/Content/EditorMeshes/Camera/SM_RailRig_Mount.uasset" 3246
"/Engine/EditorLandscapeResources/SplineEditorMesh" 3247
"../../../Engine/Content/EditorLandscapeResources/SplineEditorMesh.uasset" 3248
"../../../Engine/Content/EditorLandscapeResources/SplineEditorMeshMat.uasset" 3249
"/Engine/BasicShapes/Cube" 3250
"../../../Engine/Content/BasicShapes/Cube.uasset" 3251
"/CameraCalibrationCore/Materials/M_DefaultOddSquare" 3252
"../../Plugins/VirtualProduction/CameraCalibrationCore/Content/Materials/M_DefaultOddSquare.uasset" 3253
"/CameraCalibrationCore/Materials/M_DefaultEvenSquare" 3254
"../../Plugins/VirtualProduction/CameraCalibrationCore/Content/Materials/M_DefaultEvenSquare.uasset" 3255
"/HairStrands/Materials/HairDebugMaterial" 3256
"../../Plugins/Runtime/HairStrands/Content/Materials/HairDebugMaterial.uasset" 3257
"../../../Engine/Content/Functions/Engine_MaterialFunctions02/Utility/MakeFloat2.uasset" 3258
"../../../Engine/Content/Functions/Engine_MaterialFunctions02/Utility/MakeFloat3.uasset" 3259
"../../../Engine/Content/EngineMaterials/HairColorMap.uasset" 3260
"../../../Engine/Content/EngineMaterials/HairDebugColor.uasset" 3261
"../../Plugins/Runtime/HairStrands/Content/Materials/HairGroupColors.uasset" 3262
"/HairStrands/Materials/HairDefaultMaterial" 3263
"../../Plugins/Runtime/HairStrands/Content/Materials/HairDefaultMaterial.uasset" 3264
"/HairStrands/Materials/HairCardsDefaultMaterial" 3265
"../../Plugins/Runtime/HairStrands/Content/Materials/HairCardsDefaultMaterial.uasset" 3266
"/HairStrands/Materials/HairMeshesDefaultMaterial" 3267
"../../Plugins/Runtime/HairStrands/Content/Materials/HairMeshesDefaultMaterial.uasset" 3268
"/Engine/EngineMaterials/Widget3DPassThrough_Translucent" 3269
"../../../Engine/Content/EngineMaterials/Widget3DPassThrough_Translucent.uasset" 3270
"../../../Engine/Content/EngineMaterials/Widget3DPassThrough.uasset" 3271
"/Engine/EngineMaterials/Widget3DPassThrough_Translucent_OneSided" 3272
"../../../Engine/Content/EngineMaterials/Widget3DPassThrough_Translucent_OneSided.uasset" 3273
"/Engine/EngineMaterials/Widget3DPassThrough_Opaque" 3274
"../../../Engine/Content/EngineMaterials/Widget3DPassThrough_Opaque.uasset" 3275
"/Engine/EngineMaterials/Widget3DPassThrough_Opaque_OneSided" 3276
"../../../Engine/Content/EngineMaterials/Widget3DPassThrough_Opaque_OneSided.uasset" 3277
"/Engine/EngineMaterials/Widget3DPassThrough_Masked" 3278
"../../../Engine/Content/EngineMaterials/Widget3DPassThrough_Masked.uasset" 3279
"/Engine/EngineMaterials/Widget3DPassThrough_Masked_OneSided" 3280
"../../../Engine/Content/EngineMaterials/Widget3DPassThrough_Masked_OneSided.uasset" 3281
"/Engine/VREditor/ViewportInteractionAssetContainerData" 3282
"../../../Engine/Content/VREditor/ViewportInteractionAssetContainerData.uasset" 3283
"../../../Engine/Content/VREditor/SnapGrid/SnapGridMaterial.uasset" 3284
"../../../Engine/Content/VREditor/TransformGizmo/TransformGizmoMaterial_Inst.uasset" 3285
"../../../Engine/Content/VREditor/TransformGizmo/TranslucentTransformGizmoMaterial_Inst.uasset" 3286
"../../../Engine/Content/VREditor/SnapGrid/SnapGridPlaneMesh.uasset" 3287
"../../../Engine/Content/VREditor/Sounds/UI/Drop_Item_From_ContentBrowser.uasset" 3288
"../../../Engine/Content/VREditor/Sounds/UI/Gizmo_Handle_Clicked.uasset" 3289
"../../../Engine/Content/VREditor/Sounds/UI/Object_PickUp.uasset" 3290
"../../../Engine/Content/VREditor/Sounds/UI/Object_Snaps_To_Another_Actor.uasset" 3291
"../../../Engine/Content/VREditor/Sounds/UI/Object_Snaps_To_Grid.uasset" 3292
"../../../Engine/Content/VREditor/Sounds/UI/Scaling_Down.uasset" 3293
"../../../Engine/Content/VREditor/Sounds/UI/Scaling_Up.uasset" 3294
"../../../Engine/Content/VREditor/Sounds/UI/Selection_Changes.uasset" 3295
"../../../Engine/Content/VREditor/TransformGizmo/PlaneTranslationHandle.uasset" 3296
"../../../Engine/Content/VREditor/TransformGizmo/RotationHandleFull.uasset" 3297
"../../../Engine/Content/VREditor/TransformGizmo/RotationHandleIndicator.uasset" 3298
"../../../Engine/Content/VREditor/TransformGizmo/RotationHandleQuarter.uasset" 3299
"../../../Engine/Content/VREditor/TransformGizmo/StartRotationHandleIndicator.uasset" 3300
"../../../Engine/Content/VREditor/TransformGizmo/TransformGizmoFreeRotation.uasset" 3301
"../../../Engine/Content/VREditor/TransformGizmo/TranslateArrowHandle.uasset" 3302
"../../../Engine/Content/VREditor/TransformGizmo/UniformScaleHandle.uasset" 3303
"../../../Engine/Content/Functions/Engine_MaterialFunctions02/Math/Transform3x3Matrix.uasset" 3304
"../../../Engine/Content/Functions/Engine_MaterialFunctions02/SplitComponents.uasset" 3305
"../../../Engine/Content/VREditor/TransformGizmo/TransformGizmoMaterial.uasset" 3306
"../../../Engine/Content/VREditor/TransformGizmo/TranslucentTransformGizmoMaterial.uasset" 3307
"../../../Engine/Content/Functions/Engine_MaterialFunctions02/Utility/BreakOutFloat3Components.uasset" 3308
"../../../Engine/Content/VREditor/LaserPointer/VR_LaserPower_01.uasset" 3309
"/Engine/VREditor/TransformGizmo/BoundingBoxCorner" 3310
"../../../Engine/Content/VREditor/TransformGizmo/BoundingBoxCorner.uasset" 3311
"/Engine/VREditor/TransformGizmo/BoundingBoxEdge" 3312
"../../../Engine/Content/VREditor/TransformGizmo/BoundingBoxEdge.uasset" 3313
"/Engine/ArtTools/RenderToTexture/Meshes/S_1_Unit_Plane" 3314
"../../../Engine/Content/ArtTools/RenderToTexture/Meshes/S_1_Unit_Plane.uasset" 3315
"/Engine/EngineDebugMaterials/M_SimpleUnlitTranslucent" 3316
"../../../Engine/Content/EngineDebugMaterials/M_SimpleUnlitTranslucent.uasset" 3317
"/Engine/EngineFonts/Roboto" 3318
"../../../Engine/Content/EngineFonts/Roboto.uasset" 3319
"../../../Engine/Content/EngineFonts/Faces/DroidSansFallback.uasset" 3320
"../../../Engine/Content/EngineFonts/Faces/RobotoBold.uasset" 3321
"../../../Engine/Content/EngineFonts/Faces/RobotoBoldItalic.uasset" 3322
"../../../Engine/Content/EngineFonts/Faces/RobotoItalic.uasset" 3323
"../../../Engine/Content/EngineFonts/Faces/RobotoLight.uasset" 3324
"../../../Engine/Content/EngineFonts/Faces/RobotoRegular.uasset" 3325
"/Engine/EditorMaterials/ParticleSystems/PSysThumbnail_NoImage" 3326
"../../../Engine/Content/EditorMaterials/ParticleSystems/PSysThumbnail_NoImage.uasset" 3327
"/Engine/EditorMaterials/ParticleSystems/PSysThumbnail_OOD" 3328
"../../../Engine/Content/EditorMaterials/ParticleSystems/PSysThumbnail_OOD.uasset" 3329
"/Engine/EngineResources/LandscapeVisibilityLayerInfo" 3330
"../../../Engine/Content/EngineResources/LandscapeVisibilityLayerInfo.uasset" 3331
"../../../Engine/Content/Internationalization/icudt64l/coll/en.res" 3332
"/ACLPlugin/ACLAnimBoneCompressionSettings" 3333
"../../Plugins/Animation/ACLPlugin/Content/ACLAnimBoneCompressionSettings.uasset" 3334
"/Engine/Animation/DefaultRecorderBoneCompression" 3335
"../../../Engine/Content/Animation/DefaultRecorderBoneCompression.uasset" 3336
"/ACLPlugin/ACLAnimCurveCompressionSettings" 3337
"../../Plugins/Animation/ACLPlugin/Content/ACLAnimCurveCompressionSettings.uasset" 3338
"/Engine/Animation/DefaultVariableFrameStrippingSettings" 3339
"../../../Engine/Content/Animation/DefaultVariableFrameStrippingSettings.uasset" 3340
"/Paper2D/MaskedUnlitSpriteMaterial" 3341
"../../Plugins/2D/Paper2D/Content/MaskedUnlitSpriteMaterial.uasset" 3342
"../../Plugins/2D/Paper2D/Content/DefaultSpriteMaterial.uasset" 3343
"../../Plugins/2D/Paper2D/Content/PlaceholderTextures/DummySpriteTexture.uasset" 3344
"/Paper2D/OpaqueUnlitSpriteMaterial" 3345
"../../Plugins/2D/Paper2D/Content/OpaqueUnlitSpriteMaterial.uasset" 3346
"/Paper2D/DefaultPaperTerrainMaterial" 3347
"../../Plugins/2D/Paper2D/Content/DefaultPaperTerrainMaterial.uasset" 3348
"../../Plugins/2D/Paper2D/Content/DummySprite.uasset" 3349
"/ControlRig/Controls/ControlRigXRayMaterial" 3350
"../../Plugins/Animation/ControlRig/Content/Controls/ControlRigXRayMaterial.uasset" 3351
"/ControlRig/Controls/DefaultGizmoLibraryNormalized" 3352
"../../Plugins/Animation/ControlRig/Content/Controls/DefaultGizmoLibraryNormalized.uasset" 3353
"/ControlRig/M_Manip" 3354
"../../Plugins/Animation/ControlRig/Content/M_Manip.uasset" 3355
"../../../Engine/Content/Functions/Engine_MaterialFunctions02/WorldPositionOffset/CameraOffset.uasset" 3356
"/AudioWidgets/Resources/ScrubHandleDown_Clamped" 3357
"../../Plugins/Runtime/AudioWidgets/Content/Resources/ScrubHandleDown_Clamped.uasset" 3358
"/PCG/ComputeSources/PCGCS_ShaderUtils" 3359
"../../Plugins/PCG/Content/ComputeSources/PCGCS_ShaderUtils.uasset" 3360
"/PCG/ComputeSources/PCGCS_ShaderUtilsInternal" 3361
"../../Plugins/PCG/Content/ComputeSources/PCGCS_ShaderUtilsInternal.uasset" 3362
"/PCG/ComputeSources/PCGCS_Quaternion" 3363
"../../Plugins/PCG/Content/ComputeSources/PCGCS_Quaternion.uasset" 3364
"/MediaPlate/SM_MediaPlateScreen" 3365
"../../Plugins/Media/MediaPlate/Content/SM_MediaPlateScreen.uasset" 3366
"../../../Engine/Intermediate/ProjectFiles/PrimaryProjectPath.txt" 3367
"/SpeedTreeImporter/SpeedTree9/SpeedTreeMaster" 3368
"../../Plugins/Editor/SpeedTreeImporter/Content/SpeedTree9/SpeedTreeMaster.uasset" 3369
"../../../Engine/Content/Functions/Engine_MaterialFunctions02/ObjectLocalBounds.uasset" 3370
"../../../Engine/Content/Functions/Engine_MaterialFunctions02/SafeNormalize.uasset" 3371
"../../../Engine/Content/Functions/Engine_MaterialFunctions02/Utility/VectorLength.uasset" 3372
"../../../Engine/Content/Functions/Engine_MaterialFunctions02/UVs/BoundingBoxBased_0-1_UVW.uasset" 3373
"../../../Engine/Content/Functions/Engine_MaterialFunctions02/WorldPositionOffset/ObjectScale.uasset" 3374
"../../Plugins/Editor/SpeedTreeImporter/Content/SpeedTree9/SpeedTreeBranchMotion.uasset" 3375
"../../Plugins/Editor/SpeedTreeImporter/Content/SpeedTree9/SpeedTreeCameraFacing.uasset" 3376
"../../Plugins/Editor/SpeedTreeImporter/Content/SpeedTree9/SpeedTreeWind.uasset" 3377
"../../Plugins/Editor/SpeedTreeImporter/Content/SpeedTree9/SpeedTreeWindMotion.uasset" 3378
"../../Plugins/Editor/SpeedTreeImporter/Content/SpeedTree9/UnpackDirection.uasset" 3379
"../../Plugins/Editor/SpeedTreeImporter/Content/SpeedTree9/UnpackInteger3.uasset" 3380
"../../Plugins/Editor/SpeedTreeImporter/Content/SpeedTree9/Empty.uasset" 3381
"../../Plugins/Editor/SpeedTreeImporter/Content/SpeedTree9/EmptyNormal.uasset" 3382
"../../Plugins/Editor/SpeedTreeImporter/Content/SpeedTree9/game_wind_noise.uasset" 3383
"/SpeedTreeImporter/SpeedTree9/SpeedTreeBillboardMaster" 3384
"../../Plugins/Editor/SpeedTreeImporter/Content/SpeedTree9/SpeedTreeBillboardMaster.uasset" 3385
"../../Plugins/Editor/SpeedTreeImporter/Content/SpeedTree9/SpeedTreeBillboard.uasset" 3386
"/Engine/BasicShapes/BasicShapeMaterial" 3387
"../../../Engine/Content/BasicShapes/BasicShapeMaterial.uasset" 3388
"/Engine/EditorMaterials/Dataflow/DataflowVertexMaterial" 3389
"../../../Engine/Content/EditorMaterials/Dataflow/DataflowVertexMaterial.uasset" 3390
"/Engine/EditorMaterials/Dataflow/DataflowTwoSidedVertexMaterial" 3391
"../../../Engine/Content/EditorMaterials/Dataflow/DataflowTwoSidedVertexMaterial.uasset" 3392
"/Engine/EditorLandscapeResources/LayerVisMaterial" 3393
"../../../Engine/Content/EditorLandscapeResources/LayerVisMaterial.uasset" 3394
"../../../Engine/Content/EditorLandscapeResources/WhiteSquareTexture.uasset" 3395
"/Engine/EditorLandscapeResources/SelectBrushMaterial_Selected" 3396
"../../../Engine/Content/EditorLandscapeResources/SelectBrushMaterial_Selected.uasset" 3397
"../../../Engine/Content/EditorLandscapeResources/SelectBrushMaterial.uasset" 3398
"../../../Engine/Content/Functions/Engine_MaterialFunctions03/Math/WithinRangeFloat2.uasset" 3399
"../../../Engine/Content/EditorLandscapeResources/DefaultAlphaTexture.uasset" 3400
"/Engine/EditorLandscapeResources/SelectBrushMaterial_SelectedRegion" 3401
"../../../Engine/Content/EditorLandscapeResources/SelectBrushMaterial_SelectedRegion.uasset" 3402
"/Engine/EditorLandscapeResources/MaskBrushMaterial_MaskedRegion" 3403
"../../../Engine/Content/EditorLandscapeResources/MaskBrushMaterial_MaskedRegion.uasset" 3404
"../../../Engine/Content/EditorLandscapeResources/MaskBrushMaterial.uasset" 3405
"/Engine/EditorLandscapeResources/ColorMaskBrushMaterial_MaskedRegion" 3406
"../../../Engine/Content/EditorLandscapeResources/ColorMaskBrushMaterial_MaskedRegion.uasset" 3407
"../../../Engine/Content/EditorLandscapeResources/ColorMaskBrushMaterial.uasset" 3408
"/Engine/EditorLandscapeResources/LandscapeDirtyMaterial" 3409
"../../../Engine/Content/EditorLandscapeResources/LandscapeDirtyMaterial.uasset" 3410
"/Engine/EditorLandscapeResources/LandscapeLayerUsageMaterial" 3411
"../../../Engine/Content/EditorLandscapeResources/LandscapeLayerUsageMaterial.uasset" 3412
"../../../Engine/Content/Functions/Engine_MaterialFunctions01/Debug/DebugIntValues.uasset" 3413
"../../../Engine/Content/Functions/Engine_MaterialFunctions01/Texturing/ScaleUVsByCenter.uasset" 3414
"../../../Engine/Content/Functions/Engine_MaterialFunctions02/WorldPositionOffset/LocalPosition.uasset" 3415
"../../../Engine/Content/Functions/Engine_MaterialFunctions01/Texturing/TextureCropping.uasset" 3416
"../../../Engine/Content/Functions/Engine_MaterialFunctions02/ExampleContent/DebugNumberStrip.uasset" 3417
"C:/Users/fputi/AppData/Local/UnrealEngine/Editor/UInteractiveToolsPresetCollectionAsset_DefaultCollection.json" 3418
"/Engine/EngineMaterials/NaniteHiddenSectionMaterial" 3419
"../../../Engine/Content/EngineMaterials/NaniteHiddenSectionMaterial.uasset" 3420
"/Engine/EngineMaterials/RemoveSurfaceMaterial" 3421
"../../../Engine/Content/EngineMaterials/RemoveSurfaceMaterial.uasset" 3422
"/Engine/EngineDebugMaterials/DebugMeshMaterial" 3423
"../../../Engine/Content/EngineDebugMaterials/DebugMeshMaterial.uasset" 3424
"/Engine/EngineMaterials/EmissiveMeshMaterial" 3425
"../../../Engine/Content/EngineMaterials/EmissiveMeshMaterial.uasset" 3426
"../../../Engine/Content/EngineMaterials/DefaultWhiteGrid_Low.uasset" 3427
"/Engine/EngineMaterials/M_InvalidLightmapSettings" 3428
"../../../Engine/Content/EngineMaterials/M_InvalidLightmapSettings.uasset" 3429
"../../../Engine/Content/EngineMaterials/InvalidLightmapSettings.uasset" 3430
"/Engine/EngineMaterials/GizmoMaterial" 3431
"../../../Engine/Content/EngineMaterials/GizmoMaterial.uasset" 3432
"/Engine/EngineMaterials/PhAT_JointLimitMaterial" 3433
"../../../Engine/Content/EngineMaterials/PhAT_JointLimitMaterial.uasset" 3434
"/Engine/EngineMaterials/FlattenMaterial" 3435
"../../../Engine/Content/EngineMaterials/FlattenMaterial.uasset" 3436
"../../../Engine/Content/EngineMaterials/BaseFlattenDiffuseMap.uasset" 3437
"../../../Engine/Content/EngineMaterials/BaseFlattenEmissiveMap.uasset" 3438
"../../../Engine/Content/EngineMaterials/BaseFlattenGrayscaleMap.uasset" 3439
"../../../Engine/Content/EngineMaterials/BaseFlattenLinearColor.uasset" 3440
"../../../Engine/Content/EngineMaterials/BaseFlattenNormalMap.uasset" 3441
"../../../Engine/Content/Functions/Engine_MaterialFunctions02/PivotPainter2/Black_1x1_EXR_Texture.uasset" 3442
"/Engine/EngineMaterials/FlattenMaterial_VT" 3443
"../../../Engine/Content/EngineMaterials/FlattenMaterial_VT.uasset" 3444
"../../../Engine/Content/EngineMaterials/BaseFlattenDiffuseMap_VT.uasset" 3445
"../../../Engine/Content/EngineMaterials/BaseFlattenEmissiveMap_VT.uasset" 3446
"../../../Engine/Content/EngineMaterials/BaseFlattenGrayscaleMap_VT.uasset" 3447
"../../../Engine/Content/EngineMaterials/BaseFlattenLinearColor_VT.uasset" 3448
"../../../Engine/Content/EngineMaterials/BaseFlattenNormalMap_VT.uasset" 3449
"../../../Engine/Content/EngineMaterials/Black_1x1_EXR_Texture_VT.uasset" 3450
"/Engine/EngineMaterials/FlattenMaterial_WS_Normal_VT" 3451
"../../../Engine/Content/EngineMaterials/FlattenMaterial_WS_Normal_VT.uasset" 3452
"/Engine/EngineMaterials/Good64x64TilingNoiseHighFreq" 3453
"../../../Engine/Content/EngineMaterials/Good64x64TilingNoiseHighFreq.uasset" 3454
"/Engine/EngineMaterials/DefaultBokeh" 3455
"../../../Engine/Content/EngineMaterials/DefaultBokeh.uasset" 3456
"/Engine/EngineMaterials/MiniFont" 3457
"../../../Engine/Content/EngineMaterials/MiniFont.uasset" 3458
"/Engine/EngineMaterials/WeightMapPlaceholderTexture" 3459
"../../../Engine/Content/EngineMaterials/WeightMapPlaceholderTexture.uasset" 3460
"/Engine/EngineMaterials/WeightMapArrayPlaceholderTexture" 3461
"../../../Engine/Content/EngineMaterials/WeightMapArrayPlaceholderTexture.uasset" 3462
"/Engine/EngineMaterials/DefaultWhiteGrid" 3463
"../../../Engine/Content/EngineMaterials/DefaultWhiteGrid.uasset" 3464
"/Engine/EngineMaterials/PreintegratedSkinBRDF" 3465
"../../../Engine/Content/EngineMaterials/PreintegratedSkinBRDF.uasset" 3466
"/Engine/EngineMaterials/LTC/GGX_LTCAmp" 3467
"../../../Engine/Content/EngineMaterials/LTC/GGX_LTCAmp.uasset" 3468
"/Engine/EngineMaterials/LTC/GGX_LTCMat" 3469
"../../../Engine/Content/EngineMaterials/LTC/GGX_LTCMat.uasset" 3470
"/Engine/EngineMaterials/EnergyConservation/GGX_ReflectionEnergy" 3471
"../../../Engine/Content/EngineMaterials/EnergyConservation/GGX_ReflectionEnergy.uasset" 3472
"/Engine/EngineMaterials/EnergyConservation/GGX_TransmissionEnergyArray" 3473
"../../../Engine/Content/EngineMaterials/EnergyConservation/GGX_TransmissionEnergyArray.uasset" 3474
"/Engine/EngineMaterials/EnergyConservation/SheenLegacy_Energy" 3475
"../../../Engine/Content/EngineMaterials/EnergyConservation/SheenLegacy_Energy.uasset" 3476
"/Engine/EngineMaterials/DefaultPhysicalMaterial" 3477
"../../../Engine/Content/EngineMaterials/DefaultPhysicalMaterial.uasset" 3478
"/Engine/EngineMaterials/DefaultDestructiblePhysicalMaterial" 3479
"../../../Engine/Content/EngineMaterials/DefaultDestructiblePhysicalMaterial.uasset" 3480
"C:/Users/fputi/AppData/Local/UnrealEngine/5.6/Saved/AutoLoadProject.txt" 3481
"C:/Users/fputi/AppData/Local/UnrealEngine/Editor/ProjectEditorRecords.json" 3482
"/Niagara/ParameterDefinitions/SpriteRenderer" 3483
"../../Plugins/FX/Niagara/Content/ParameterDefinitions/SpriteRenderer.uasset" 3484
"/Niagara/ParameterDefinitions/RibbonRenderer" 3485
"../../Plugins/FX/Niagara/Content/ParameterDefinitions/RibbonRenderer.uasset" 3486
"/Niagara/ParameterDefinitions/MeshRenderer" 3487
"../../Plugins/FX/Niagara/Content/ParameterDefinitions/MeshRenderer.uasset" 3488
"/Niagara/ParameterDefinitions/LightRenderer" 3489
"../../Plugins/FX/Niagara/Content/ParameterDefinitions/LightRenderer.uasset" 3490
"/Niagara/ParameterDefinitions/DecalRenderer" 3491
"../../Plugins/FX/Niagara/Content/ParameterDefinitions/DecalRenderer.uasset" 3492
"/Niagara/ParameterDefinitions/CoreParameters" 3493
"../../Plugins/FX/Niagara/Content/ParameterDefinitions/CoreParameters.uasset" 3494
"/DeformerGraph/Deformers/DG_LinearBlendSkin_Morph_Cloth" 3495
"../../Plugins/Animation/DeformerGraph/Content/Deformers/DG_LinearBlendSkin_Morph_Cloth.uasset" 3496
"../../Plugins/Animation/DeformerGraph/Content/DeformerFunctions/DG_Function_LinearBlendSkin_Morph_Cloth.uasset" 3497
"/DeformerGraph/Deformers/DG_LinearBlendSkin_Morph_Cloth_RecomputeNormals" 3498
"../../Plugins/Animation/DeformerGraph/Content/Deformers/DG_LinearBlendSkin_Morph_Cloth_RecomputeNormals.uasset" 3499
"../../Plugins/Animation/DeformerGraph/Content/DeformerFunctions/DG_Function_ComputeNormalsTangents.uasset" 3500
"../../Plugins/Animation/DeformerGraph/Content/DeformerFunctions/DG_Function_LinearBlendSkin_Morph_Cloth_PositionOnly.uasset" 3501
"/Engine/EditorResources/SequenceRecorder/Countdown" 3502
"../../../Engine/Content/EditorResources/SequenceRecorder/Countdown.uasset" 3503
"/Engine/EditorResources/SequenceRecorder/RecordingIndicator" 3504
"../../../Engine/Content/EditorResources/SequenceRecorder/RecordingIndicator.uasset" 3505
"/Engine/EditorMaterials/PhAT_UnselectedMaterial" 3506
"../../../Engine/Content/EditorMaterials/PhAT_UnselectedMaterial.uasset" 3507
"/Engine/EditorMaterials/PhAT_NoCollisionMaterial" 3508
"../../../Engine/Content/EditorMaterials/PhAT_NoCollisionMaterial.uasset" 3509
"/Engine/BasicShapes/Sphere" 3510
"../../../Engine/Content/BasicShapes/Sphere.uasset" 3511
"../../../Engine/Content/EngineMaterials/DefaultMaterial.uasset" 3512
"/Engine/BasicShapes/Cylinder" 3513
"../../../Engine/Content/BasicShapes/Cylinder.uasset" 3514
"/Engine/BasicShapes/Cone" 3515
"../../../Engine/Content/BasicShapes/Cone.uasset" 3516
"/Engine/BasicShapes/Plane" 3517
"../../../Engine/Content/BasicShapes/Plane.uasset" 3518
"/Engine/EngineFonts/DroidSansMono" 3519
"../../../Engine/Content/EngineFonts/DroidSansMono.uasset" 3520
"../../../Engine/Content/EngineFonts/Faces/DroidSansMono.uasset" 3521
"../../../Engine/Documentation/Source/Shared/Types/ABrush/ABrush.INT.udn" 3522
"../../../Engine/Content/Internationalization/icudt64l/brkitr/es.res" 3523
"../../../Engine/Content/Internationalization/icudt64l/brkitr/root.res" 3524
"../../../Engine/Content/Internationalization/icudt64l/brkitr/char.brk" 3525
"../../../Engine/Content/Internationalization/icudt64l/brkitr/word.brk" 3526
"/Engine/EditorResources/S_Terrain" 3527
"../../../Engine/Content/EditorResources/S_Terrain.uasset" 3528
"../../../Engine/Plugins/FX/Niagara/Shaders/Private/NiagaraDataInterfaceTexture2DArrayTemplate.ush" 3529
"../../../Engine/Plugins/FX/Niagara/Shaders/Private/NiagaraDataInterfaceActorComponentTemplate.ush" 3530
"../../../Engine/Plugins/FX/Niagara/Shaders/Private/NiagaraDataInterfaceArrayTemplate.ush" 3531
"../../../Engine/Plugins/FX/Niagara/Shaders/Private/NiagaraDataInterfaceArrayRWTemplate.ush" 3532
"../../../Engine/Plugins/FX/Niagara/Shaders/Private/NiagaraDataInterfaceAsyncGpuTrace.ush" 3533
"../../../Engine/Plugins/FX/Niagara/Shaders/Private/NiagaraDataInterfaceAsyncGpuTraceTemplate.ush" 3534
"../../../Engine/Plugins/FX/Niagara/Shaders/Private/NiagaraDataInterfaceCamera.ush" 3535
"../../../Engine/Plugins/Experimental/ChaosNiagara/Shaders/NiagaraDataInterfaceChaosDestruction.ush" 3536
"../../../Engine/Plugins/FX/Niagara/Shaders/Private/NiagaraDataInterfaceCollisionQuery.ush" 3537
"C:/Users/fputi/Documents/GitHub/BuscaMines/Unreal/Intermediate/ShaderAutogen/PCD3D_SM5/AutogenShaderHeaders.ush" 3538
"../../../Engine/Plugins/FX/Niagara/Shaders/Private/NiagaraDataInterfaceCollisionQueryTemplate.ush" 3539
"../../../Engine/Plugins/FX/Niagara/Shaders/Private/NiagaraDataInterfaceCurveTemplate.ush" 3540
"../../../Engine/Plugins/FX/Niagara/Shaders/Private/NiagaraDataInterfaceCubeTextureTemplate.ush" 3541
"../../../Engine/Plugins/FX/Niagara/Shaders/Private/DataChannel/NiagaraDataInterfaceDataChannelCommon.ush" 3542
"../../../Engine/Plugins/FX/Niagara/Shaders/Private/DataChannel/NiagaraDataInterfaceDataChannelTemplateCommon.ush" 3543
"../../../Engine/Plugins/FX/Niagara/Shaders/Private/DataChannel/NiagaraDataInterfaceDataChannelTemplateReadCommon.ush" 3544
"../../../Engine/Plugins/FX/Niagara/Shaders/Private/DataChannel/NiagaraDataInterfaceDataChannelTemplate_Read.ush" 3545
"../../../Engine/Plugins/FX/Niagara/Shaders/Private/DataChannel/NiagaraDataInterfaceDataChannelTemplate_Consume.ush" 3546
"../../../Engine/Plugins/FX/Niagara/Shaders/Private/DataChannel/NiagaraDataInterfaceDataChannelTemplateWriteCommon.ush" 3547
"../../../Engine/Plugins/FX/Niagara/Shaders/Private/DataChannel/NiagaraDataInterfaceDataChannelTemplate_Append.ush" 3548
"../../../Engine/Plugins/FX/Niagara/Shaders/Private/NiagaraDataInterfaceDataTableTemplate.ush" 3549
"../../../Engine/Plugins/FX/Niagara/Shaders/Private/NiagaraDataInterfaceDebugDraw.ush" 3550
"../../../Engine/Plugins/FX/Niagara/Shaders/Private/NiagaraDataInterfaceDebugDrawTemplate.ush" 3551
"../../../Engine/Plugins/FX/Niagara/Shaders/Private/NiagaraDataInterfaceDynamicMeshTemplate.ush" 3552
"../../../Engine/Plugins/FX/Niagara/Shaders/Private/NiagaraDataInterfaceEmitterPropertiesTemplate.ush" 3553
"../../../Engine/Plugins/FX/Niagara/Shaders/Private/NiagaraDataInterfaceExportTemplate.ush" 3554
"../../../Engine/Plugins/FX/Niagara/Shaders/Private/NiagaraDataInterfaceGBufferTemplate.ush" 3555
"../../../Engine/Plugins/Experimental/ChaosNiagara/Shaders/NiagaraDataInterfaceGeometryCollection.ush" 3556
"../../../Engine/Plugins/FX/Niagara/Shaders/Private/NiagaraTransformUtils.ush" 3557
"../../../Engine/Plugins/Runtime/HairStrands/Shaders/Private/NiagaraStrandsExternalForce.ush" 3558
"../../../Engine/Plugins/Runtime/HairStrands/Shaders/Private/NiagaraHookeSpringMaterial.ush" 3559
"../../../Engine/Plugins/Runtime/HairStrands/Shaders/Private/NiagaraAngularSpringMaterial.ush" 3560
"../../../Engine/Plugins/Runtime/HairStrands/Shaders/Private/NiagaraConstantVolumeMaterial.ush" 3561
"../../../Engine/Plugins/Runtime/HairStrands/Shaders/Private/NiagaraCosseratRodMaterial.ush" 3562
"../../../Engine/Plugins/Runtime/HairStrands/Shaders/Private/NiagaraStaticCollisionConstraint.ush" 3563
"../../../Engine/Plugins/Runtime/HairStrands/Shaders/Private/NiagaraDataInterfaceHairStrands.ush" 3564
"../../../Engine/Plugins/Runtime/HairStrands/Shaders/Private/NiagaraDataInterfaceHairStrandsTemplate.ush" 3565
"../../../Engine/Plugins/FX/Niagara/Shaders/Private/NiagaraDataInterfaceIntRenderTarget2D.ush" 3566
"../../../Engine/Plugins/FX/Niagara/Shaders/Private/NiagaraDataInterfaceLandscape.ush" 3567
"../../../Engine/Plugins/FX/Niagara/Shaders/Private/NiagaraDataInterfaceMemoryBufferTemplate.ush" 3568
"../../../Engine/Plugins/FX/Niagara/Shaders/Private/NiagaraDataInterfaceMeshRendererInfoTemplate.ush" 3569
"../../../Engine/Plugins/FX/Niagara/Shaders/Private/NiagaraDataInterfaceOcclusion.ush" 3570
"../../../Engine/Plugins/FX/Niagara/Shaders/Private/NiagaraDataInterfacePhysicsAsset.ush" 3571
"../../../Engine/Plugins/Experimental/ChaosNiagara/Shaders/NiagaraDataInterfacePhysicsField.ush" 3572
"../../../Engine/Plugins/FX/Niagara/Shaders/Private/NiagaraDataInterfacePlatformSetTemplate.ush" 3573
"../../../Engine/Plugins/Runtime/HairStrands/Shaders/Private/NiagaraDataInterfaceVelocityGrid.ush" 3574
"../../../Engine/Plugins/Runtime/HairStrands/Shaders/Private/NiagaraDataInterfaceVelocityGridTemplate.ush" 3575
"../../../Engine/Plugins/Runtime/HairStrands/Shaders/Private/NiagaraDataInterfacePressureGrid.ush" 3576
"../../../Engine/Plugins/Runtime/HairStrands/Shaders/Private/NiagaraDataInterfacePressureGridTemplate.ush" 3577
"../../../Engine/Plugins/FX/Niagara/Shaders/Private/NiagaraDataInterfaceRenderTarget2DTemplate.ush" 3578
"../../../Engine/Plugins/FX/Niagara/Shaders/Private/NiagaraDataInterfaceRenderTarget2DArrayTemplate.ush" 3579
"../../../Engine/Plugins/FX/Niagara/Shaders/Private/NiagaraDataInterfaceRenderTargetCubeTemplate.ush" 3580
"../../../Engine/Plugins/FX/Niagara/Shaders/Private/NiagaraDataInterfaceRenderTargetVolumeTemplate.ush" 3581
"../../../Engine/Plugins/FX/Niagara/Shaders/Private/NiagaraDataInterfaceRigidMeshCollisionQuery.ush" 3582
"../../../Engine/Plugins/FX/Niagara/Shaders/Private/NiagaraDistanceFieldQueries.ush" 3583
"../../../Engine/Plugins/FX/Niagara/Shaders/Private/NiagaraDataInterfaceSceneCapture2DTemplate.ush" 3584
"../../../Engine/Plugins/FX/Niagara/Shaders/Private/NiagaraDataInterfaceSimCacheReaderTemplate.ush" 3585
"../../../Engine/Plugins/FX/Niagara/Shaders/Private/NiagaraDataInterfaceSimpleCounterTemplate.ush" 3586
"../../../Engine/Plugins/FX/Niagara/Shaders/Private/NiagaraDataInterfaceSkeletalMesh.ush" 3587
"../../../Engine/Plugins/FX/Niagara/Shaders/Private/NiagaraBaryCentricUtils.ush" 3588
"../../../Engine/Plugins/FX/Niagara/Shaders/Private/NiagaraDataInterfaceSkeletalMeshTemplate.ush" 3589
"../../../Engine/Plugins/FX/Niagara/Shaders/Private/NiagaraDataInterfaceSocketReaderTemplate.ush" 3590
"../../../Engine/Plugins/FX/Niagara/Shaders/Private/NiagaraDataInterfaceSparseVolumeTextureTemplate.ush" 3591
"../../../Engine/Plugins/FX/Niagara/Shaders/Private/NiagaraDataInterfaceSplineTemplate.ush" 3592
"../../../Engine/Plugins/FX/Niagara/Shaders/Private/NiagaraDataInterfaceSpriteRendererInfoTemplate.ush" 3593
"../../../Engine/Plugins/FX/Niagara/Shaders/Private/NiagaraDataInterfaceStaticMeshTemplate.ush" 3594
"../../../Engine/Plugins/FX/Niagara/Shaders/Private/NiagaraDataInterfaceTextureTemplate.ush" 3595
"../../../Engine/Plugins/FX/Niagara/Shaders/Private/NiagaraDataInterfaceVirtualTexture.ush" 3596
"../../../Engine/Plugins/FX/Niagara/Shaders/Private/NiagaraDataInterfaceVirtualTextureTemplate.ush" 3597
"../../../Engine/Plugins/FX/Niagara/Shaders/Private/NiagaraDataInterfaceVolumeCache.ush" 3598
"../../../Engine/Plugins/FX/Niagara/Shaders/Private/NiagaraDataInterfaceVolumeTextureTemplate.ush" 3599
"/Engine/EngineFonts/TinyFont" 3600
"../../../Engine/Content/EngineFonts/TinyFont.uasset" 3601
"/Engine/EngineFonts/SmallFont" 3602
"../../../Engine/Content/EngineFonts/SmallFont.uasset" 3603
"/Engine/EngineFonts/RobotoTiny" 3604
"../../../Engine/Content/EngineFonts/RobotoTiny.uasset" 3605
"../../../Engine/Content/EngineFonts/Faces/RobotoTiny.uasset" 3606
"/Engine/EditorResources/SmallFont" 3607
"../../../Engine/Content/EditorResources/SmallFont.uasset" 3608
"/Game/SystemFonts/Fonts/InkFree" 3609
"../../../../../../Users/fputi/Documents/GitHub/BuscaMines/Unreal/Content/SystemFonts/Fonts/InkFree.uasset" 3610
"../../../../../../Users/fputi/Documents/GitHub/BuscaMines/Unreal/Content/SystemFonts/FontFaces/InkFree_Regular.uasset" 3611
"/Game/SystemFonts/Fonts/Cambria" 3612
"../../../../../../Users/fputi/Documents/GitHub/BuscaMines/Unreal/Content/SystemFonts/Fonts/Cambria.uasset" 3613
"../../../../../../Users/fputi/Documents/GitHub/BuscaMines/Unreal/Content/SystemFonts/FontFaces/Cambria_Bold.uasset" 3614
"../../../../../../Users/fputi/Documents/GitHub/BuscaMines/Unreal/Content/SystemFonts/FontFaces/Cambria_BoldItalic.uasset" 3615
"../../../../../../Users/fputi/Documents/GitHub/BuscaMines/Unreal/Content/SystemFonts/FontFaces/Cambria_Italic.uasset" 3616
"/Engine/VREditor/Fonts/VRText_RobotoLarge" 3617
"../../../Engine/Content/VREditor/Fonts/VRText_RobotoLarge.uasset" 3618
"../../../Engine/Shaders/Public/Platform/Vulkan/VulkanCommon.ush" 3619
"../../../Engine/Shaders/Public/Platform/Vulkan/VulkanSubpassSupport.ush" 3620
"../../../Engine/Shaders/Public/Platform/GL/GLCommon.ush" 3621
"../../../Engine/Shaders/Public/Platform/GL/GLSubpassSupport.ush" 3622
"C:/Users/fputi/Documents/GitHub/BuscaMines/Unreal/Content/FP/Textures/Textures_Global/Texture_telgopor.uasset" 3623
"C:/Users/fputi/Documents/GitHub/BuscaMines/Unreal/Content/FP/GUI/Widgets/UI_Menu/Instance/UW_Menu_PlayModes.uasset" 3624
"../../../Engine/Content/Functions/Engine_MaterialFunctions03/Particles/Distance_Blend.uasset" 3625
"C:/Users/fputi/Documents/GitHub/BuscaMines/Unreal/Content/FP/Props/Kobo_ForestVillage/Textures/T-Landscape/T-N-Landscape-01.uasset" 3626
"C:/Users/fputi/Documents/GitHub/BuscaMines/Unreal/Content/FP/Materials/Materials_Global/Master_Materials/MT_Landscape_grass.uasset" 3627
"C:/Users/fputi/Documents/GitHub/BuscaMines/Unreal/Content/FP/Props/Kobo_ForestVillage/Textures/T-Landscape/T-A-Landscape-01.uasset" 3628
"C:/Users/fputi/Documents/GitHub/BuscaMines/Unreal/Content/FP/GUI/Widgets/UI_Menu/Instance/UW_Menu_PlayMode_Dificulties.uasset" 3629
"C:/Users/fputi/Documents/GitHub/BuscaMines/Unreal/Content/FP/GUI/Widgets/UI_Control/UW_Slider.uasset" 3630
"C:/Users/fputi/Documents/GitHub/BuscaMines/Unreal/Content/FP/GUI/Widgets/UI_Menu/Instance/UW_Menu_Options.uasset" 3631
"C:/Users/fputi/Documents/GitHub/BuscaMines/Unreal/Content/FP/GUI/Widgets/UI_Menu/Master/UW_Menu_Button.uasset" 3632
"C:/Users/fputi/Documents/GitHub/BuscaMines/Unreal/Content/FP/BluePrints/Controller/BP_PlayerController_Menu.uasset" 3633
"C:/Users/fputi/Documents/GitHub/BuscaMines/Unreal/Content/FP/GUI/Widgets/UI_Menu/Instance/UW_Menu_Main.uasset" 3634
"C:/Users/fputi/Documents/GitHub/BuscaMines/Unreal/Content/FP/GUI/Widgets/UI_Menu/Master/UW_Menu3D_Model.uasset" 3635
"C:/Users/fputi/Documents/GitHub/BuscaMines/Unreal/Content/FP/BluePrints/Global_BP/GM_GameModes/BP_Menu_GameMode.uasset" 3636
"/Game/FP/Props/Kobo_ForestVillage/Textures/T-Landscape/T-A-Landscape-01" 3637
"C:/Users/fputi/Documents/GitHub/BuscaMines/Unreal/Content/FP/BluePrints/Global_BP/Components/BPC_PlayerInputs_Desktop.uasset" 3638
"C:/Users/fputi/Documents/GitHub/BuscaMines/Unreal/Content/FP/BluePrints/Assets_BP/Menu/BP_Actor_Menu3D_Holder.uasset" 3639
"C:/Users/fputi/Documents/GitHub/BuscaMines/Unreal/Content/FP/BluePrints/Assets_BP/Menu/BP_Menu2D_model.uasset" 3640
"C:/Users/fputi/Documents/GitHub/BuscaMines/Unreal/Content/FP/GUI/Widgets/3D_Menu/Master/UI_Grey_background.uasset" 3641
"C:/Users/fputi/Documents/GitHub/BuscaMines/Unreal/Content/FP/BluePrints/Global_BP/Components/BPC_PlayerController_ResulutionChange.uasset" 3642
"C:/Users/fputi/Documents/GitHub/BuscaMines/Unreal/Content/FP/BluePrints/Global_BP/Components/BPC_Player_Menu_Controller.uasset" 3643
"C:/Users/fputi/Documents/GitHub/BuscaMines/Unreal/Content/FP/BluePrints/Global_BP/Enums/Enum_Touch_Gesture.uasset" 3644
"C:/Users/fputi/Documents/GitHub/BuscaMines/Unreal/Content/FP/BluePrints/Global_BP/Components/BPC_PlayerInputs_Mobile.uasset" 3645
"C:/Users/fputi/Documents/GitHub/BuscaMines/Unreal/Content/FP/BluePrints/Clases/BPO_Touch.uasset" 3646
"C:/Users/fputi/Documents/GitHub/BuscaMines/Unreal/Content/FP/GUI/Widgets/3D_Menu/Instance/BP_Menu_Lose.uasset" 3647
"C:/Users/fputi/Documents/GitHub/BuscaMines/Unreal/Content/FP/GUI/Widgets/3D_Menu/Instance/BP_Menu_Presentation.uasset" 3648
"C:/Users/fputi/Documents/GitHub/BuscaMines/Unreal/Content/FP/BluePrints/Assets_BP/Text3D/BP_Text3D_text.uasset" 3649
"C:/Users/fputi/Documents/GitHub/BuscaMines/Unreal/Content/FP/Meshes/Bomb_fungus/material_0.uasset" 3650
"../../../Engine/Plugins/Interchange/Assets/Content/Functions/MF_PhongToMetalRoughness.uasset" 3651
"C:/Users/fputi/Documents/GitHub/BuscaMines/Unreal/Content/FP/Meshes/Bomb_fungus/material_01.uasset" 3652
"C:/Users/fputi/Documents/GitHub/BuscaMines/Unreal/Content/FP/BluePrints/Assets_BP/BP_Item_shower.uasset" 3653
"C:/Users/fputi/Documents/GitHub/BuscaMines/Unreal/Content/FP/Meshes/Bomb_fungus/bomb_fungus.uasset" 3654
"C:/Users/fputi/Documents/GitHub/BuscaMines/Unreal/Content/FP/GUI/Widgets/3D_Menu/Instance/BP_Menu_Won.uasset" 3655
"/Game/FP/Props/Kobo_ForestVillage/Textures/T-Landscape/T-N-Landscape-01" 3656
"/Engine/Functions/Engine_MaterialFunctions03/Particles/Distance_Blend" 3657
"/Game/FP/Textures/Textures_Global/Texture_telgopor" 3658
"/Game/FP/Materials/Materials_Global/Master_Materials/MT_Landscape_grass" 3659
"/Game/FP/GUI/Widgets/UI_Control/UW_Slider" 3660
"../../../../../../Users/fputi/Documents/GitHub/BuscaMines/Unreal/Content/FP/Sounds/Sounds/Theme_app/ui_menu_click.uasset" 3661
"../../../../../../Users/fputi/Documents/GitHub/BuscaMines/Unreal/Content/FP/Sounds/SoundClasses/_SC_UI.uasset" 3662
"../../../../../../Users/fputi/Documents/GitHub/BuscaMines/Unreal/Content/FP/Sounds/SoundClasses/_SC_Master.uasset" 3663
"../../../../../../Users/fputi/Documents/GitHub/BuscaMines/Unreal/Content/FP/Sounds/SoundClasses/SM_UI.uasset" 3664
"../../../../../../Users/fputi/Documents/GitHub/BuscaMines/Unreal/Content/FP/Sounds/SoundClasses/_SC_Music.uasset" 3665
"../../../../../../Users/fputi/Documents/GitHub/BuscaMines/Unreal/Content/FP/Sounds/SoundClasses/_SC_SFX.uasset" 3666
"../../../../../../Users/fputi/Documents/GitHub/BuscaMines/Unreal/Content/FP/Sounds/SoundClasses/SM_Master.uasset" 3667
"../../../../../../Users/fputi/Documents/GitHub/BuscaMines/Unreal/Content/FP/Sounds/SoundClasses/SM_Music.uasset" 3668
"../../../../../../Users/fputi/Documents/GitHub/BuscaMines/Unreal/Content/FP/Sounds/SoundClasses/_SC_SFX_Board.uasset" 3669
"../../../../../../Users/fputi/Documents/GitHub/BuscaMines/Unreal/Content/FP/Sounds/SoundClasses/_SC_SFX_Environment.uasset" 3670
"../../../../../../Users/fputi/Documents/GitHub/BuscaMines/Unreal/Content/FP/Sounds/SoundClasses/_SC_SFX_GameEvents.uasset" 3671
"../../../../../../Users/fputi/Documents/GitHub/BuscaMines/Unreal/Content/FP/Sounds/SoundClasses/SM_SFX.uasset" 3672
"../../../../../../Users/fputi/Documents/GitHub/BuscaMines/Unreal/Content/FP/Sounds/SoundClasses/SM_SFX_Board.uasset" 3673
"../../../../../../Users/fputi/Documents/GitHub/BuscaMines/Unreal/Content/FP/Sounds/SoundClasses/SM_SFX_Environment.uasset" 3674
"../../../../../../Users/fputi/Documents/GitHub/BuscaMines/Unreal/Content/FP/Sounds/SoundClasses/SM_SFX_GameEvents.uasset" 3675
"C:/Users/fputi/Documents/GitHub/BuscaMines/Unreal/Content/FP/BluePrints/Global_BP/Inputs/board_suspectMine.uasset" 3676
"C:/Users/fputi/Documents/GitHub/BuscaMines/Unreal/Content/FP/BluePrints/Global_BP/Inputs/menu_moving_sides.uasset" 3677
"C:/Users/fputi/Documents/GitHub/BuscaMines/Unreal/Content/FP/BluePrints/Global_BP/Inputs/board_selection.uasset" 3678
"C:/Users/fputi/Documents/GitHub/BuscaMines/Unreal/Content/FP/BluePrints/Global_BP/Inputs/menu_inputs.uasset" 3679
"C:/Users/fputi/Documents/GitHub/BuscaMines/Unreal/Content/FP/BluePrints/Global_BP/Inputs/menu_scroll.uasset" 3680
"/Game/FP/GUI/Widgets/UI_Menu/Instance/UW_Menu_PlayModes" 3681
"C:/Users/fputi/Documents/GitHub/BuscaMines/Unreal/Content/FP/BluePrints/Global_BP/Inputs/board_inputs.uasset" 3682
"../../../../../../Users/fputi/Documents/GitHub/BuscaMines/Unreal/Content/FP/BluePrints/Chareacters/Player/BP_player.uasset" 3683
"../../../../../../Users/fputi/Documents/GitHub/BuscaMines/Unreal/Content/FP/BluePrints/Controller/BP_PlayerController_Master.uasset" 3684
"../../../../../../Users/fputi/Documents/GitHub/BuscaMines/Unreal/Content/FP/BluePrints/Global_BP/GI_GameInstance/BP_GI_Minesweeper.uasset" 3685
"../../../../../../Users/fputi/Documents/GitHub/BuscaMines/Unreal/Content/FP/BluePrints/Global_BP/GM_GameModes/BP_Abstract_GameMode_Master.uasset" 3686
"../../../../../../Users/fputi/Documents/GitHub/BuscaMines/Unreal/Content/FP/BluePrints/Global_BP/Libraries/BPL_DirectAccess.uasset" 3687
"../../../../../../Users/fputi/Documents/GitHub/BuscaMines/Unreal/Content/FP/BluePrints/Global_BP/Managers/Sound/BP_SoundClass_Manager_App.uasset" 3688
"../../../../../../Users/fputi/Documents/GitHub/BuscaMines/Unreal/Content/FP/BluePrints/Global_BP/Managers/Theme/BP_ThemeManager.uasset" 3689
"../../../../../../Users/fputi/Documents/GitHub/BuscaMines/Unreal/Content/FP/BluePrints/Global_BP/Interfaces/BPI_GameMode_Master.uasset" 3690
"../../../../../../Users/fputi/Documents/GitHub/BuscaMines/Unreal/Content/FP/BluePrints/Global_BP/Managers/BP_Player_Movement.uasset" 3691
"../../../../../../Users/fputi/Documents/GitHub/BuscaMines/Unreal/Content/FP/BluePrints/Assets_BP/Board/BP_board_master.uasset" 3692
"../../../../../../Users/fputi/Documents/GitHub/BuscaMines/Unreal/Content/FP/GUI/Widgets/3D_Menu/Master/BP_Actor_Menu3D.uasset" 3693
"../../../../../../Users/fputi/Documents/GitHub/BuscaMines/Unreal/Content/FP/BluePrints/Global_BP/Structures/Coord_2D.uasset" 3694
"../../../../../../Users/fputi/Documents/GitHub/BuscaMines/Unreal/Content/FP/BluePrints/Global_BP/Structures/PlayerMovementBoundsDefinition.uasset" 3695
"../../../Engine/Content/EditorBlueprintResources/StandardMacros.uasset" 3696
"../../../../../../Users/fputi/Documents/GitHub/BuscaMines/Unreal/Content/FP/BluePrints/Global_BP/DataAsset/DA_ThemeData_App.uasset" 3697
"../../../../../../Users/fputi/Documents/GitHub/BuscaMines/Unreal/Content/FP/BluePrints/Global_BP/Managers/Sound/BP_SoundClass_Manager.uasset" 3698
"../../../../../../Users/fputi/Documents/GitHub/BuscaMines/Unreal/Content/FP/GUI/Widgets/LevelTransition/LevelTransitio_FadeIn.uasset" 3699
"../../../Engine/Content/EngineSounds/Master.uasset" 3700
"../../../../../../Users/fputi/Documents/GitHub/BuscaMines/Unreal/Content/FP/BluePrints/Global_BP/Enums/E_SoundClasses.uasset" 3701
"../../../../../../Users/fputi/Documents/GitHub/BuscaMines/Unreal/Content/FP/BluePrints/Global_BP/Enums/Enum_GameLevel_StartingPoint.uasset" 3702
"../../../../../../Users/fputi/Documents/GitHub/BuscaMines/Unreal/Content/FP/BluePrints/Global_BP/Enums/Enum_Level_Difficulty.uasset" 3703
"../../../../../../Users/fputi/Documents/GitHub/BuscaMines/Unreal/Content/FP/BluePrints/Global_BP/Enums/Enum_Levels.uasset" 3704
"../../../../../../Users/fputi/Documents/GitHub/BuscaMines/Unreal/Content/FP/BluePrints/Global_BP/Enums/Enum_Theme_App.uasset" 3705
"../../../../../../Users/fputi/Documents/GitHub/BuscaMines/Unreal/Content/FP/BluePrints/Global_BP/Enums/Enum_Theme_Board.uasset" 3706
"../../../../../../Users/fputi/Documents/GitHub/BuscaMines/Unreal/Content/FP/BluePrints/Global_BP/Enums/Enum_Theme_Level.uasset" 3707
"../../../../../../Users/fputi/Documents/GitHub/BuscaMines/Unreal/Content/FP/BluePrints/Global_BP/Structures/Struct_SOUND_CLASS_MIX.uasset" 3708
"../../../../../../Users/fputi/Documents/GitHub/BuscaMines/Unreal/Content/FP/BluePrints/Global_BP/Structures/Structu_Level_Configuration.uasset" 3709
"../../../../../../Users/fputi/Documents/GitHub/BuscaMines/Unreal/Content/FP/GUI/Widgets/LevelTransition/LevelTransitio_BlackScreen.uasset" 3710
"../../../../../../Users/fputi/Documents/GitHub/BuscaMines/Unreal/Content/FP/BluePrints/Assets_BP/Stats/BP_Stats_Master.uasset" 3711
"../../../../../../Users/fputi/Documents/GitHub/BuscaMines/Unreal/Content/FP/BluePrints/Global_BP/Components/BPC_GameTimer.uasset" 3712
"../../../../../../Users/fputi/Documents/GitHub/BuscaMines/Unreal/Content/FP/BluePrints/Global_BP/Interfaces/BPI_Board_Master.uasset" 3713
"../../../../../../Users/fputi/Documents/GitHub/BuscaMines/Unreal/Content/FP/BluePrints/Global_BP/Interfaces/BPI_Level_Master.uasset" 3714
"../../../../../../Users/fputi/Documents/GitHub/BuscaMines/Unreal/Content/FP/BluePrints/Global_BP/Managers/Sound/BP_SoundClass_Manager_Level.uasset" 3715
"../../../../../../Users/fputi/Documents/GitHub/BuscaMines/Unreal/Content/FP/GUI/HUD_CLASSIC.uasset" 3716
"../../../../../../Users/fputi/Documents/GitHub/BuscaMines/Unreal/Content/FP/GUI/HUD_Main_Menu.uasset" 3717
"../../../../../../Users/fputi/Documents/GitHub/BuscaMines/Unreal/Content/FP/GUI/HUD_Master.uasset" 3718
"../../../../../../Users/fputi/Documents/GitHub/BuscaMines/Unreal/Content/FP/BluePrints/Global_BP/Inputs/board_inputs.uasset" 3719
"../../../../../../Users/fputi/Documents/GitHub/BuscaMines/Unreal/Content/FP/BluePrints/Global_BP/Inputs/menu_inputs.uasset" 3720
"../../../../../../Users/fputi/Documents/GitHub/BuscaMines/Unreal/Content/FP/BluePrints/Global_BP/Inputs/pause_inputs.uasset" 3721
"../../../../../../Users/fputi/Documents/GitHub/BuscaMines/Unreal/Content/FP/BluePrints/Global_BP/Inputs/player_inputs.uasset" 3722
"../../../../../../Users/fputi/Documents/GitHub/BuscaMines/Unreal/Content/FP/BluePrints/Global_BP/Enums/EGameMode_Status.uasset" 3723
"../../../../../../Users/fputi/Documents/GitHub/BuscaMines/Unreal/Content/FP/BluePrints/Global_BP/Structures/BoardBoundsDefinition.uasset" 3724
"../../../../../../Users/fputi/Documents/GitHub/BuscaMines/Unreal/Content/FP/BluePrints/Global_BP/Structures/Struct_Transition_Menu_Game_Mode.uasset" 3725
"../../../../../../Users/fputi/Documents/GitHub/BuscaMines/Unreal/Content/FP/BluePrints/Global_BP/Libraries/BFL_Func.uasset" 3726
"../../../../../../Users/fputi/Documents/GitHub/BuscaMines/Unreal/Content/FP/BluePrints/Global_BP/Managers/Sound/BP_SoundClass_Manager_Master.uasset" 3727
"../../../../../../Users/fputi/Documents/GitHub/BuscaMines/Unreal/Content/FP/BluePrints/Global_BP/DataAsset/DA_ThemeData_Board.uasset" 3728
"../../../../../../Users/fputi/Documents/GitHub/BuscaMines/Unreal/Content/FP/BluePrints/Global_BP/DataAsset/DA_ThemeData_Level.uasset" 3729
"../../../../../../Users/fputi/Documents/GitHub/BuscaMines/Unreal/Content/FP/BluePrints/Global_BP/DataAsset/DA_ThemeData_App_Normal.uasset" 3730
"../../../../../../Users/fputi/Documents/GitHub/BuscaMines/Unreal/Content/FP/BluePrints/Global_BP/DataAsset/DA_ThemeData_Board_FARM.uasset" 3731
"../../../../../../Users/fputi/Documents/GitHub/BuscaMines/Unreal/Content/FP/BluePrints/Global_BP/DataAsset/DA_ThemeData_Board_FOREST.uasset" 3732
"../../../../../../Users/fputi/Documents/GitHub/BuscaMines/Unreal/Content/FP/BluePrints/Global_BP/DataAsset/DA_ThemeData_Board_VILLAGE.uasset" 3733
"../../../../../../Users/fputi/Documents/GitHub/BuscaMines/Unreal/Content/FP/BluePrints/Global_BP/DataAsset/DA_ThemeData_Level_FARM.uasset" 3734
"../../../../../../Users/fputi/Documents/GitHub/BuscaMines/Unreal/Content/FP/BluePrints/Global_BP/DataAsset/DA_ThemeData_Level_FOREST.uasset" 3735
"../../../../../../Users/fputi/Documents/GitHub/BuscaMines/Unreal/Content/FP/BluePrints/Global_BP/DataAsset/DA_ThemeData_Level_VILLAGE.uasset" 3736
"../../../../../../Users/fputi/Documents/GitHub/BuscaMines/Unreal/Content/FP/BluePrints/Global_BP/Interfaces/BPI_Menu3D.uasset" 3737
"../../../../../../Users/fputi/Documents/GitHub/BuscaMines/Unreal/Content/FP/BluePrints/Assets_BP/Squares/BP_Square.uasset" 3738
"../../../../../../Users/fputi/Documents/GitHub/BuscaMines/Unreal/Content/FP/BluePrints/Global_BP/Managers/Sound/BP_SoundClass_Manager_Board.uasset" 3739
"../../../../../../Users/fputi/Documents/GitHub/BuscaMines/Unreal/Content/FP/BluePrints/Global_BP/Inputs/board_selection.uasset" 3740
"../../../../../../Users/fputi/Documents/GitHub/BuscaMines/Unreal/Content/FP/BluePrints/Global_BP/Inputs/board_suspectMine.uasset" 3741
"../../../../../../Users/fputi/Documents/GitHub/BuscaMines/Unreal/Content/FP/BluePrints/Global_BP/Inputs/gaming_ESC.uasset" 3742
"../../../../../../Users/fputi/Documents/GitHub/BuscaMines/Unreal/Content/FP/BluePrints/Global_BP/Inputs/gaming_pause.uasset" 3743
"../../../../../../Users/fputi/Documents/GitHub/BuscaMines/Unreal/Content/FP/BluePrints/Global_BP/Inputs/menu_moving_sides.uasset" 3744
"../../../../../../Users/fputi/Documents/GitHub/BuscaMines/Unreal/Content/FP/BluePrints/Global_BP/Inputs/menu_scroll.uasset" 3745
"../../../../../../Users/fputi/Documents/GitHub/BuscaMines/Unreal/Content/FP/BluePrints/Global_BP/Inputs/player_looking.uasset" 3746
"../../../../../../Users/fputi/Documents/GitHub/BuscaMines/Unreal/Content/FP/BluePrints/Global_BP/Inputs/player_movement.uasset" 3747
"../../../../../../Users/fputi/Documents/GitHub/BuscaMines/Unreal/Content/FP/BluePrints/Global_BP/Inputs/player_up_down.uasset" 3748
"../../../../../../Users/fputi/Documents/GitHub/BuscaMines/Unreal/Content/FP/BluePrints/Assets_BP/Text3D/BP_Text3D_Title.uasset" 3749
"../../../Engine/Content/EngineMeshes/BackgroundMaterial.uasset" 3750
"../../../Engine/Content/MapTemplates/Materials/BasicAsset02.uasset" 3751
"../../../../../../Users/fputi/Documents/GitHub/BuscaMines/Unreal/Content/FP/BluePrints/Global_BP/Structures/Struct_Menu_Content.uasset" 3752
"../../../../../../Users/fputi/Documents/GitHub/BuscaMines/Unreal/Content/FP/GUI/UserWidgets/Menus/UW_Menu_Default.uasset" 3753
"../../../../../../Users/fputi/Documents/GitHub/BuscaMines/Unreal/Content/FP/GUI/Widgets/RoundedBase/RoundedBase.uasset" 3754
"../../../../../../Users/fputi/Documents/GitHub/BuscaMines/Unreal/Content/FP/BluePrints/Global_BP/Interfaces/BPI_Stats_Master.uasset" 3755
"../../../../../../Users/fputi/Documents/GitHub/BuscaMines/Unreal/Content/FP/GUI/UserWidgets/UI_Final_Lose.uasset" 3756
"../../../../../../Users/fputi/Documents/GitHub/BuscaMines/Unreal/Content/FP/GUI/UserWidgets/UI_Final_Win.uasset" 3757
"../../../../../../Users/fputi/Documents/GitHub/BuscaMines/Unreal/Content/FP/GUI/UserWidgets/UI_GameMode_HotLinks.uasset" 3758
"../../../../../../Users/fputi/Documents/GitHub/BuscaMines/Unreal/Content/FP/GUI/UserWidgets/UI_GameMode_Stats.uasset" 3759
"../../../../../../Users/fputi/Documents/GitHub/BuscaMines/Unreal/Content/FP/GUI/UserWidgets/UI_PauseMode.uasset" 3760
"../../../../../../Users/fputi/Documents/GitHub/BuscaMines/Unreal/Content/FP/GUI/UserWidgets/UI_DebugMode.uasset" 3761
"../../../../../../Users/fputi/Documents/GitHub/BuscaMines/Unreal/Content/FP/BluePrints/Assets_BP/MenuButtons/Instance/BP_Menu_Text3D_Button_Restart.uasset" 3762
"../../../../../../Users/fputi/Documents/GitHub/BuscaMines/Unreal/Content/FP/BluePrints/Assets_BP/MenuButtons/Instance/BP_Menu_Text3D_Button_ToMainMenu.uasset" 3763
"../../../../../../Users/fputi/Documents/GitHub/BuscaMines/Unreal/Content/FP/BluePrints/Assets_BP/MenuButtons/Instance/BP_Menu_Text3D_Button_toMenu.uasset" 3764
"../../../../../../Users/fputi/Documents/GitHub/BuscaMines/Unreal/Content/FP/BluePrints/Assets_BP/MenuButtons/Master/BP_Menu_Text3D_Button_Master.uasset" 3765
"../../../../../../Users/fputi/Documents/GitHub/BuscaMines/Unreal/Content/FP/Meshes/Squares/Wood/square_wood_v3.uasset" 3766
"../../../../../../Users/fputi/Documents/GitHub/BuscaMines/Unreal/Content/FP/BluePrints/Global_BP/Structures/Struct_Actor_Theme_Variatios.uasset" 3767
"../../../../../../Users/fputi/Documents/GitHub/BuscaMines/Unreal/Content/FP/BluePrints/Global_BP/Structures/Struct_PCG_Category.uasset" 3768
"../../../../../../Users/fputi/Documents/GitHub/BuscaMines/Unreal/Content/FP/Sounds/Sounds/Theme_app/SCue_Music_Menu.uasset" 3769
"../../../../../../Users/fputi/Documents/GitHub/BuscaMines/Unreal/Content/FP/Materials/Materials_Collections/Instance_Materials/M_Metal_Gold.uasset" 3770
"../../../../../../Users/fputi/Documents/GitHub/BuscaMines/Unreal/Content/FP/Materials/Materials_Global/M_ContrastUsingLerp.uasset" 3771
"../../../../../../Users/fputi/Documents/GitHub/BuscaMines/Unreal/Content/FP/Sounds/Sounds/Theme_board/board_explotion.uasset" 3772
"../../../../../../Users/fputi/Documents/GitHub/BuscaMines/Unreal/Content/FP/Sounds/Sounds/Theme_board/FARM/FARM_board_select.uasset" 3773
"../../../../../../Users/fputi/Documents/GitHub/BuscaMines/Unreal/Content/FP/Sounds/Sounds/Theme_board/flag_create.uasset" 3774
"../../../../../../Users/fputi/Documents/GitHub/BuscaMines/Unreal/Content/FP/Sounds/Sounds/Theme_board/flag_remove.uasset" 3775
"../../../../../../Users/fputi/Documents/GitHub/BuscaMines/Unreal/Content/FP/Materials/Materials_Collections/Instance_Materials/M_Metal_Copper.uasset" 3776
"../../../../../../Users/fputi/Documents/GitHub/BuscaMines/Unreal/Content/FP/Materials/Materials_Collections/Instance_Materials/M_Wood_Oak.uasset" 3777
"../../../../../../Users/fputi/Documents/GitHub/BuscaMines/Unreal/Content/FP/Sounds/Sounds/Theme_board/FOREST/FOREST_board_select.uasset" 3778
"../../../../../../Users/fputi/Documents/GitHub/BuscaMines/Unreal/Content/FP/Materials/Materials_Collections/Instance_Materials/M_Metal_Rust.uasset" 3779
"../../../../../../Users/fputi/Documents/GitHub/BuscaMines/Unreal/Content/FP/Materials/Materials_Collections/Instance_Materials/M_Metal_Steel.uasset" 3780
"../../../../../../Users/fputi/Documents/GitHub/BuscaMines/Unreal/Content/FP/Sounds/Sounds/Theme_board/VILLAGE/VILLAGE_board_select.uasset" 3781
"../../../../../../Users/fputi/Documents/GitHub/BuscaMines/Unreal/Content/FP/Meshes/Follaje/ToonLab_follage_2/Flower3.uasset" 3782
"../../../../../../Users/fputi/Documents/GitHub/BuscaMines/Unreal/Content/FP/Meshes/Follaje/ToonLab_follage_2/Mushroom1.uasset" 3783
"../../../../../../Users/fputi/Documents/GitHub/BuscaMines/Unreal/Content/FP/Meshes/Follaje/ToonLab_follage_2/Tree1_Green.uasset" 3784
"../../../../../../Users/fputi/Documents/GitHub/BuscaMines/Unreal/Content/FP/Sounds/Sounds/Theme_level/FARM/SCue_game_music_FARM.uasset" 3785
"../../../../../../Users/fputi/Documents/GitHub/BuscaMines/Unreal/Content/FP/Sounds/Sounds/Theme_level/final_lose.uasset" 3786
"../../../../../../Users/fputi/Documents/GitHub/BuscaMines/Unreal/Content/FP/Sounds/Sounds/Theme_level/final_win.uasset" 3787
"../../../../../../Users/fputi/Documents/GitHub/BuscaMines/Unreal/Content/FP/Sounds/Sounds/Theme_level/SCue_music_intro.uasset" 3788
"../../../../../../Users/fputi/Documents/GitHub/BuscaMines/Unreal/Content/FP/Meshes/Follaje/ToonLab_follage_2/Flower5.uasset" 3789
"../../../../../../Users/fputi/Documents/GitHub/BuscaMines/Unreal/Content/FP/Meshes/Follaje/ToonLab_follage_2/Mushroom2.uasset" 3790
"../../../../../../Users/fputi/Documents/GitHub/BuscaMines/Unreal/Content/FP/Meshes/Follaje/ToonLab_follage_2/Tree5_Green.uasset" 3791
"../../../../../../Users/fputi/Documents/GitHub/BuscaMines/Unreal/Content/FP/Meshes/Follaje/ToonLab_follage_2/Tree6_Green.uasset" 3792
"../../../../../../Users/fputi/Documents/GitHub/BuscaMines/Unreal/Content/FP/Sounds/Sounds/Theme_level/FOREST/SCue_game_music_FOREST.uasset" 3793
"../../../../../../Users/fputi/Documents/GitHub/BuscaMines/Unreal/Content/FP/Meshes/Follaje/ToonLab_follage_2/Flower2.uasset" 3794
"../../../../../../Users/fputi/Documents/GitHub/BuscaMines/Unreal/Content/FP/Meshes/Follaje/ToonLab_follage_2/Tree2_Green.uasset" 3795
"../../../../../../Users/fputi/Documents/GitHub/BuscaMines/Unreal/Content/FP/Meshes/Follaje/ToonLab_follage_2/Tree4_Green.uasset" 3796
"../../../../../../Users/fputi/Documents/GitHub/BuscaMines/Unreal/Content/FP/Sounds/Sounds/Theme_level/VILLAGE/SCue_game_music_VILLAGE.uasset" 3797
"../../../../../../Users/fputi/Documents/GitHub/BuscaMines/Unreal/Content/FP/BluePrints/Assets_BP/Text3D/BP_Text3D_NumberMines.uasset" 3798
"../../../../../../Users/fputi/Documents/GitHub/BuscaMines/Unreal/Content/FP/BluePrints/Global_BP/Interfaces/BPI_Square_Selectable.uasset" 3799
"../../../../../../Users/fputi/Documents/GitHub/BuscaMines/Unreal/Content/FP/BluePrints/Global_BP/Interfaces/BPI_Square_Suspectable.uasset" 3800
"../../../Engine/Content/MaterialTemplates/PerfTricks/M_ContrastUsingLerp.uasset" 3801
"../../../../../../Users/fputi/Documents/GitHub/BuscaMines/Unreal/Content/FP/Meshes/Meshes_Collections/Static_Mesh/cube.uasset" 3802
"../../../../../../Users/fputi/Documents/GitHub/BuscaMines/Unreal/Content/FP/Materials/Materials_Global/Instance_Materials/MT_Text3D_Title.uasset" 3803
"../../../../../../Users/fputi/Documents/GitHub/BuscaMines/Unreal/Content/FP/GUI/UserWidgets/Menus/UW_Menu_content_Default.uasset" 3804
"../../../../../../Users/fputi/Documents/GitHub/BuscaMines/Unreal/Content/FP/Materials/Materials_Global/Instance_Materials/Rounded_Inst.uasset" 3805
"../../../../../../Users/fputi/Documents/GitHub/BuscaMines/Unreal/Content/FP/BluePrints/Assets_BP/Board/BP_CLASSIC_Board.uasset" 3806
"../../../../../../Users/fputi/Documents/GitHub/BuscaMines/Unreal/Content/FP/BluePrints/Assets_BP/Stats/BP_Stats_CLASSIC.uasset" 3807
"../../../../../../Users/fputi/Documents/GitHub/BuscaMines/Unreal/Content/FP/BluePrints/Global_BP/GM_GameModes/BP_CLASSIC_GameMode.uasset" 3808
"../../../../../../Users/fputi/Documents/GitHub/BuscaMines/Unreal/Content/FP/BluePrints/Global_BP/Structures/Struct_Board_CLASSIC_Stats.uasset" 3809
"../../../../../../Users/fputi/Documents/GitHub/BuscaMines/Unreal/Content/FP/BluePrints/Assets_BP/Text3D/BP_Text3D_Button.uasset" 3810
"../../../../../../Users/fputi/Documents/GitHub/BuscaMines/Unreal/Content/FP/Materials/Materials_Global/Instance_Materials/MT_Text3D_Buttons.uasset" 3811
"../../../../../../Users/fputi/Documents/GitHub/BuscaMines/Unreal/Content/FP/GUI/Widgets/3D_Menu/Instance/BP_Menu_Instructions.uasset" 3812
"../../../../../../Users/fputi/Documents/GitHub/BuscaMines/Unreal/Content/FP/Meshes/Squares/Wood/Material_035.uasset" 3813
"../../../../../../Users/fputi/Documents/GitHub/BuscaMines/Unreal/Content/FP/Meshes/Squares/Wood/Material_036.uasset" 3814
"../../../../../../Users/fputi/Documents/GitHub/BuscaMines/Unreal/Content/FP/Sounds/Sounds/Theme_app/menu_music_01.uasset" 3815
"../../../../../../Users/fputi/Documents/GitHub/BuscaMines/Unreal/Content/FP/Sounds/Sounds/Theme_app/menu_music_02.uasset" 3816
"../../../../../../Users/fputi/Documents/GitHub/BuscaMines/Unreal/Content/FP/Sounds/Sounds/Theme_app/menu_music_03.uasset" 3817
"../../../../../../Users/fputi/Documents/GitHub/BuscaMines/Unreal/Content/FP/Sounds/Sounds/Theme_app/menu_music_04.uasset" 3818
"../../../../../../Users/fputi/Documents/GitHub/BuscaMines/Unreal/Content/FP/Sounds/Sounds/Theme_app/menu_music_05.uasset" 3819
"../../../../../../Users/fputi/Documents/GitHub/BuscaMines/Unreal/Content/FP/Sounds/Sounds/Theme_app/menu_music_06.uasset" 3820
"../../../../../../Users/fputi/Documents/GitHub/BuscaMines/Unreal/Content/FP/Sounds/Sounds/Theme_app/menu_music_08.uasset" 3821
"../../../../../../Users/fputi/Documents/GitHub/BuscaMines/Unreal/Content/FP/Sounds/Sounds/Theme_app/menu_music_09.uasset" 3822
"../../../../../../Users/fputi/Documents/GitHub/BuscaMines/Unreal/Content/FP/Textures/Textures_Global/T_MacroVariation.uasset" 3823
"../../../../../../Users/fputi/Documents/GitHub/BuscaMines/Unreal/Content/FP/Textures/Textures_Global/T_Metal_Gold_D.uasset" 3824
"../../../../../../Users/fputi/Documents/GitHub/BuscaMines/Unreal/Content/FP/Textures/Textures_Global/T_Metal_Gold_N.uasset" 3825
"../../../../../../Users/fputi/Documents/GitHub/BuscaMines/Unreal/Content/FP/Textures/Textures_Global/T_Metal_Copper_D.uasset" 3826
"../../../../../../Users/fputi/Documents/GitHub/BuscaMines/Unreal/Content/FP/Textures/Textures_Global/T_Wood_Oak_D.uasset" 3827
"../../../../../../Users/fputi/Documents/GitHub/BuscaMines/Unreal/Content/FP/Textures/Textures_Global/T_Wood_Oak_N.uasset" 3828
"../../../Engine/Content/Functions/Engine_MaterialFunctions02/Utility/BlendAngleCorrectedNormals.uasset" 3829
"../../../../../../Users/fputi/Documents/GitHub/BuscaMines/Unreal/Content/FP/Textures/Textures_Global/T_Metal_Rust_D.uasset" 3830
"../../../../../../Users/fputi/Documents/GitHub/BuscaMines/Unreal/Content/FP/Textures/Textures_Global/T_Metal_Rust_N.uasset" 3831
"../../../../../../Users/fputi/Documents/GitHub/BuscaMines/Unreal/Content/FP/Textures/Textures_Global/T_Metal_Steel_D.uasset" 3832
"../../../../../../Users/fputi/Documents/GitHub/BuscaMines/Unreal/Content/FP/Textures/Textures_Global/T_Metal_Steel_N.uasset" 3833
"../../../../../../Users/fputi/Documents/GitHub/BuscaMines/Unreal/Content/FP/Meshes/Follaje/ToonLab_follage_2/Texture.uasset" 3834
"../../../../../../Users/fputi/Documents/GitHub/BuscaMines/Unreal/Content/FP/Meshes/Follaje/ToonLab_follage_2/Texture_Inst.uasset" 3835
"../../../../../../Users/fputi/Documents/GitHub/BuscaMines/Unreal/Content/FP/Sounds/Sounds/Theme_level/FARM/myedit_ai_sfx_0502023219.uasset" 3836
"../../../../../../Users/fputi/Documents/GitHub/BuscaMines/Unreal/Content/FP/Sounds/Sounds/Theme_level/FARM/myedit_ai_sfx_0502023220.uasset" 3837
"../../../../../../Users/fputi/Documents/GitHub/BuscaMines/Unreal/Content/FP/Sounds/Sounds/Theme_level/FARM/myedit_ai_sfx_0502023221.uasset" 3838
"../../../../../../Users/fputi/Documents/GitHub/BuscaMines/Unreal/Content/FP/Sounds/Sounds/Theme_level/music_intro.uasset" 3839
"../../../../../../Users/fputi/Documents/GitHub/BuscaMines/Unreal/Content/FP/Sounds/Sounds/Theme_level/FOREST/myedit_ai_sfx_0502023230.uasset" 3840
"../../../../../../Users/fputi/Documents/GitHub/BuscaMines/Unreal/Content/FP/Sounds/Sounds/Theme_level/FOREST/myedit_ai_sfx_0502023231.uasset" 3841
"../../../../../../Users/fputi/Documents/GitHub/BuscaMines/Unreal/Content/FP/Sounds/Sounds/Theme_level/FOREST/myedit_ai_sfx_0502023233.uasset" 3842
"../../../../../../Users/fputi/Documents/GitHub/BuscaMines/Unreal/Content/FP/Sounds/Sounds/Theme_level/VILLAGE/myedit_ai_sfx_0502023028.uasset" 3843
"../../../../../../Users/fputi/Documents/GitHub/BuscaMines/Unreal/Content/FP/Sounds/Sounds/Theme_level/VILLAGE/myedit_ai_sfx_0502023030.uasset" 3844
"../../../../../../Users/fputi/Documents/GitHub/BuscaMines/Unreal/Content/FP/Sounds/Sounds/Theme_level/VILLAGE/myedit_ai_sfx_0502023031.uasset" 3845
"../../../../../../Users/fputi/Documents/GitHub/BuscaMines/Unreal/Content/FP/Materials/M_Basic_Floor1.uasset" 3846
"../../../../../../Users/fputi/Documents/GitHub/BuscaMines/Unreal/Content/FP/Materials/Materials_Global/Master_Materials/MT_Text3D_Master.uasset" 3847
"../../../../../../Users/fputi/Documents/GitHub/BuscaMines/Unreal/Content/FP/Materials/Materials_Global/Master_Materials/MT_Rounded.uasset" 3848
"../../../../../../Users/fputi/Documents/GitHub/BuscaMines/Unreal/Content/FP/BluePrints/Assets_BP/Squares/BP_Square_Theme.uasset" 3849
"../../../../../../Users/fputi/Documents/GitHub/BuscaMines/Unreal/Content/FP/BluePrints/Global_BP/Structures/Struct_Board_CLASSIC_Parameters.uasset" 3850
"../../../../../../Users/fputi/Documents/GitHub/BuscaMines/Unreal/Content/FP/BluePrints/Global_BP/GS_GameState/BP_CLASSIC_GameState.uasset" 3851
"../../../../../../Users/fputi/Documents/GitHub/BuscaMines/Unreal/Content/FP/GUI/Widgets/3D_Menu/Instance/BP_Menu_Pause.uasset" 3852
"../../../../../../Users/fputi/Documents/GitHub/BuscaMines/Unreal/Content/FP/BluePrints/Assets_BP/MenuButtons/Instance/BP_Menu_Text3D_Button_Back.uasset" 3853
"../../../../../../Users/fputi/Documents/GitHub/BuscaMines/Unreal/Content/FP/BluePrints/Assets_BP/Squares/BP_Square_Theme_Demo.uasset" 3854
"../../../../../../Users/fputi/Documents/GitHub/BuscaMines/Unreal/Content/FP/GUI/UserWidgets/Menus/UW_Menu_Instructions.uasset" 3855
"../../../../../../Users/fputi/Documents/GitHub/BuscaMines/Unreal/Content/FP/Meshes/Follaje/ToonLab_follage_2/TexturePalette.uasset" 3856
"../../../Engine/Content/Functions/Engine_MaterialFunctions01/Density/ExponentialDensity.uasset" 3857
"../../../Engine/Content/Functions/Engine_MaterialFunctions01/Gradient/RadialGradientExponential.uasset" 3858
"../../../../../../Users/fputi/Documents/GitHub/BuscaMines/Unreal/Content/FP/Meshes/Flags/flag_bomb_v1.uasset" 3859
"../../../../../../Users/fputi/Documents/GitHub/BuscaMines/Unreal/Content/FP/Meshes/Mines/Bomb/mine_bomb_v1.uasset" 3860
"../../../../../../Users/fputi/Documents/GitHub/BuscaMines/Unreal/Content/FP/Meshes/Flags/M_mine_body.uasset" 3861
"../../../../../../Users/fputi/Documents/GitHub/BuscaMines/Unreal/Content/FP/Meshes/Flags/M_mine_eyes.uasset" 3862
"../../../../../../Users/fputi/Documents/GitHub/BuscaMines/Unreal/Content/FP/Meshes/Flags/M_mine_head.uasset" 3863
"../../../../../../Users/fputi/Documents/GitHub/BuscaMines/Unreal/Content/FP/Meshes/Flags/M_mine_wick.uasset" 3864
"../../../../../../Users/fputi/Documents/GitHub/BuscaMines/Unreal/Content/FP/Meshes/Mines/Bomb/M_mine_body.uasset" 3865
"../../../../../../Users/fputi/Documents/GitHub/BuscaMines/Unreal/Content/FP/Meshes/Mines/Bomb/M_mine_eyes.uasset" 3866
"../../../../../../Users/fputi/Documents/GitHub/BuscaMines/Unreal/Content/FP/Meshes/Mines/Bomb/M_mine_head.uasset" 3867
"../../../../../../Users/fputi/Documents/GitHub/BuscaMines/Unreal/Content/FP/Meshes/Mines/Bomb/M_mine_wick.uasset" 3868
"/Text3D/Materials/M_Text3DOpaqueUnlit" 3869
"../../Plugins/Experimental/Text3D/Content/Materials/M_Text3DOpaqueUnlit.uasset" 3870
"../../../Engine/Content/Functions/Engine_MaterialFunctions01/Gradient/LinearGradient.uasset" 3871
"../../../Engine/Content/Functions/Engine_MaterialFunctions02/Utility/BreakOutFloat4Components.uasset" 3872
"../../../Engine/Content/Functions/Engine_MaterialFunctions02/Utility/MakeFloat4.uasset" 3873
"../../Plugins/VirtualProduction/GeometryMask/Content/GeometryMask/MF_ApplyGeometryMask.uasset" 3874
"../../Plugins/VirtualProduction/GeometryMask/Content/GeometryMask/MF_ApplyMask2D.uasset" 3875
"../../Plugins/VirtualProduction/GeometryMask/Content/GeometryMask/MF_ApplyMask2D_Single.uasset" 3876
"../../Plugins/VirtualProduction/GeometryMask/Content/GeometryMask/MF_ApplyMaskFeather.uasset" 3877
"../../Plugins/Experimental/Text3D/Content/MaterialFunctions/MF_Text3DGradient.uasset" 3878
"../../Plugins/Experimental/Text3D/Content/MaterialFunctions/MF_Text3DLinearGradient.uasset" 3879
"../../Plugins/Experimental/Text3D/Content/MaterialFunctions/MF_Text3DMask.uasset" 3880
"../../Plugins/Experimental/Text3D/Content/MaterialFunctions/MF_Text3DTexture.uasset" 3881
"/Game/FP/GUI/Widgets/UI_Menu/Instance/UW_Menu_PlayMode_Dificulties" 3882
"/Game/FP/GUI/Widgets/UI_Menu/Instance/UW_Menu_Options" 3883
"/Game/FP/GUI/Widgets/UI_Menu/Instance/UW_Menu_Main" 3884
"/Game/FP/BluePrints/Controller/BP_PlayerController_Menu" 3885
"/Game/FP/BluePrints/Global_BP/GM_GameModes/BP_Menu_GameMode" 3886
"C:/Users/fputi/Documents/GitHub/BuscaMines/Unreal/Content/Kobo_ForestVillage/Materials/M-Master/M-ClayLandscape.uasset" 3887
"C:/Users/fputi/Documents/GitHub/BuscaMines/Unreal/Content/Kobo_ForestVillage/Textures/T-Landscape/T-A-Landscape-02.uasset" 3888
"C:/Users/fputi/Documents/GitHub/BuscaMines/Unreal/Content/Kobo_ForestVillage/Textures/T-Landscape/T-A-Landscape-01.uasset" 3889
"C:/Users/fputi/Documents/GitHub/BuscaMines/Unreal/Content/Kobo_ForestVillage/Textures/T-Landscape/T-A-Landscape-03.uasset" 3890
"C:/Users/fputi/Documents/GitHub/BuscaMines/Unreal/Content/Kobo_ForestVillage/Textures/T-Landscape/T-N-Landscape-01.uasset" 3891
"C:/Users/fputi/Documents/GitHub/BuscaMines/Unreal/Content/Kobo_ForestVillage/Textures/T-Landscape/T-A-Landscape-04.uasset" 3892
"C:/Users/fputi/Documents/GitHub/BuscaMines/Unreal/Content/Kobo_ForestVillage/Textures/T-Landscape/T-N-Landscape-02.uasset" 3893
"C:/Users/fputi/Documents/GitHub/BuscaMines/Unreal/Content/Kobo_ForestVillage/Textures/T-Landscape/T-N-Landscape-03.uasset" 3894
"C:/Users/fputi/Documents/GitHub/BuscaMines/Unreal/Content/Kobo_ForestVillage/Textures/T-Landscape/T-N-Landscape-04.uasset" 3895
"C:/Users/fputi/Documents/GitHub/BuscaMines/Unreal/Content/Kobo_ForestVillage/Materials/M-Instances/MI-ClayLandscape-01.uasset" 3896
"C:/Users/fputi/Documents/GitHub/BuscaMines/Unreal/Content/Kobo_ForestVillage/Materials/M-LandscapeLayerInfo/LAY-02_LayerInfo.uasset" 3897
"C:/Users/fputi/Documents/GitHub/BuscaMines/Unreal/Content/Kobo_ForestVillage/Materials/M-LandscapeLayerInfo/LAY-01_LayerInfo.uasset" 3898
"C:/Users/fputi/Documents/GitHub/BuscaMines/Unreal/Content/Kobo_ForestVillage/Materials/M-LandscapeLayerInfo/LAY-03_LayerInfo.uasset" 3899
"C:/Users/fputi/Documents/GitHub/BuscaMines/Unreal/Content/Kobo_ForestVillage/Materials/M-LandscapeLayerInfo/LAY-04_LayerInfo.uasset" 3900
"C:/Users/fputi/Documents/GitHub/BuscaMines/Unreal/Content/Kobo_ForestVillage/Textures/T-Albedo/T-A-Clouds-01.uasset" 3901
"C:/Users/fputi/Documents/GitHub/BuscaMines/Unreal/Content/Kobo_ForestVillage/Textures/T-Normal/T-N-Noise-01.uasset" 3902
"C:/Users/fputi/Documents/GitHub/BuscaMines/Unreal/Content/Kobo_ForestVillage/Materials/M-LightFunction/M-CloudShadows.uasset" 3903
"C:/Users/fputi/Documents/GitHub/BuscaMines/Unreal/Content/Kobo_ForestVillage/Materials/M-LightFunction/MI-CloudShadows.uasset" 3904
"C:/Users/fputi/Documents/GitHub/BuscaMines/Unreal/Content/Kobo_ForestVillage/Materials/M-PostProcess/MI-KuwaharaFilter.uasset" 3905
"C:/Users/fputi/Documents/GitHub/BuscaMines/Unreal/Content/Kobo_ForestVillage/Materials/M-PostProcess/PostProcess-Settings.uasset" 3906
"C:/Users/fputi/Documents/GitHub/BuscaMines/Unreal/Content/Kobo_ForestVillage/Materials/M-PostProcess/M-Outline.uasset" 3907
"C:/Users/fputi/Documents/GitHub/BuscaMines/Unreal/Content/Kobo_ForestVillage/Materials/M-PostProcess/MI-Outline.uasset" 3908
"C:/Users/fputi/Documents/GitHub/BuscaMines/Unreal/Content/Kobo_ForestVillage/Textures/T-Albedo/T-A-Carrot-01.uasset" 3909
"C:/Users/fputi/Documents/GitHub/BuscaMines/Unreal/Content/Kobo_ForestVillage/Textures/T-Normal/T-N-Carrot-01.uasset" 3910
"C:/Users/fputi/Documents/GitHub/BuscaMines/Unreal/Content/Kobo_ForestVillage/Meshes/SM-Carrot-01.uasset" 3911
"C:/Users/fputi/Documents/GitHub/BuscaMines/Unreal/Content/Kobo_ForestVillage/Materials/M-Instances/MI-Carrot-01.uasset" 3912
"/Game/Kobo_ForestVillage/Materials/M-Master/M-ClayLandscape" 3913
"../../../../../../Users/fputi/Documents/GitHub/BuscaMines/Unreal/Content/Kobo_ForestVillage/Textures/T-Albedo/T-A-Blank-01.uasset" 3914
"../../../../../../Users/fputi/Documents/GitHub/BuscaMines/Unreal/Content/Kobo_ForestVillage/Textures/T-Normal/T-N-Blank.uasset" 3915
"/Game/Kobo_ForestVillage/Textures/T-Landscape/T-A-Landscape-01" 3916
"/Game/Kobo_ForestVillage/Textures/T-Landscape/T-A-Landscape-02" 3917
"/Game/Kobo_ForestVillage/Textures/T-Landscape/T-A-Landscape-03" 3918
"/Game/Kobo_ForestVillage/Textures/T-Landscape/T-A-Landscape-04" 3919
"/Game/Kobo_ForestVillage/Textures/T-Landscape/T-N-Landscape-01" 3920
"/Game/Kobo_ForestVillage/Textures/T-Landscape/T-N-Landscape-02" 3921
"/Game/Kobo_ForestVillage/Textures/T-Landscape/T-N-Landscape-03" 3922
"/Game/Kobo_ForestVillage/Textures/T-Landscape/T-N-Landscape-04" 3923
"/Game/Kobo_ForestVillage/Materials/M-Instances/MI-ClayLandscape-01" 3924
"/Game/Kobo_ForestVillage/Materials/M-LandscapeLayerInfo/LAY-01_LayerInfo" 3925
"/Game/Kobo_ForestVillage/Materials/M-LandscapeLayerInfo/LAY-02_LayerInfo" 3926
"/Game/Kobo_ForestVillage/Materials/M-LandscapeLayerInfo/LAY-03_LayerInfo" 3927
"/Game/Kobo_ForestVillage/Materials/M-LandscapeLayerInfo/LAY-04_LayerInfo" 3928
"/Game/Kobo_ForestVillage/Textures/T-Albedo/T-A-Clouds-01" 3929
"/Game/Kobo_ForestVillage/Textures/T-Normal/T-N-Noise-01" 3930
"/Game/Kobo_ForestVillage/Materials/M-LightFunction/M-CloudShadows" 3931
"/Game/Kobo_ForestVillage/Materials/M-LightFunction/MI-CloudShadows" 3932
"/Game/Kobo_ForestVillage/Materials/M-PostProcess/MI-KuwaharaFilter" 3933
"../../../../../../Users/fputi/Documents/GitHub/BuscaMines/Unreal/Content/Kobo_ForestVillage/Materials/M-Master/M-RVTGrass.uasset" 3934
"../../../Engine/Content/Functions/Engine_MaterialFunctions02/Texturing/CustomRotator.uasset" 3935
"../../../../../../Users/fputi/Documents/GitHub/BuscaMines/Unreal/Content/Kobo_ForestVillage/Textures/RVT-LandscapeGrass.uasset" 3936
"/Game/Kobo_ForestVillage/Materials/M-PostProcess/PostProcess-Settings" 3937
"/Game/Kobo_ForestVillage/Materials/M-PostProcess/M-Outline" 3938
"/Game/Kobo_ForestVillage/Materials/M-PostProcess/MI-Outline" 3939
"/Game/Kobo_ForestVillage/Textures/T-Albedo/T-A-Carrot-01" 3940
"/Game/Kobo_ForestVillage/Textures/T-Normal/T-N-Carrot-01" 3941
"/Game/Kobo_ForestVillage/Materials/M-Instances/MI-Carrot-01" 3942
"../../../../../../Users/fputi/Documents/GitHub/BuscaMines/Unreal/Content/Kobo_ForestVillage/Materials/M-Master/M-ClayMaster.uasset" 3943
"../../../Engine/Content/Functions/Engine_MaterialFunctions01/ImageAdjustment/CheapContrast_RGB.uasset" 3944
"../../../Engine/Content/Functions/Engine_MaterialFunctions02/HueShift.uasset" 3945
"../../../Engine/Content/Functions/Engine_MaterialFunctions02/WorldPositionOffset/ObjectPivotPoint.uasset" 3946
"../../../../../../Users/fputi/Documents/GitHub/BuscaMines/Unreal/Content/Kobo_ForestVillage/Materials/MPC-WindSettings.uasset" 3947
"../../../Engine/Content/EngineDebugMaterials/HeatmapGradient.uasset" 3948
"/Game/Kobo_ForestVillage/Meshes/SM-Carrot-01" 3949
"C:/Users/fputi/Documents/GitHub/BuscaMines/Unreal/Content/Kobo_ForestVillage/Textures/T-Albedo/T-A-Door-01.uasset" 3950
"C:/Users/fputi/Documents/GitHub/BuscaMines/Unreal/Content/Kobo_ForestVillage/Materials/M-Instances/MI-Door-01.uasset" 3951
"C:/Users/fputi/Documents/GitHub/BuscaMines/Unreal/Content/Kobo_ForestVillage/Textures/T-Albedo/T-A-Farm-01.uasset" 3952
"C:/Users/fputi/Documents/GitHub/BuscaMines/Unreal/Content/Kobo_ForestVillage/Textures/T-Normal/T-N-Door-01.uasset" 3953
"C:/Users/fputi/Documents/GitHub/BuscaMines/Unreal/Content/Kobo_ForestVillage/Textures/T-Normal/T-N-Farm-01.uasset" 3954
"C:/Users/fputi/Documents/GitHub/BuscaMines/Unreal/Content/Kobo_ForestVillage/Meshes/SM-Door-01.uasset" 3955
"C:/Users/fputi/Documents/GitHub/BuscaMines/Unreal/Content/Kobo_ForestVillage/Materials/M-Instances/MI-Farm-01.uasset" 3956
"C:/Users/fputi/Documents/GitHub/BuscaMines/Unreal/Content/Kobo_ForestVillage/Meshes/SM-Farm-01.uasset" 3957
"C:/Users/fputi/Documents/GitHub/BuscaMines/Unreal/Content/Kobo_ForestVillage/Textures/T-Albedo/T-A-Farm-02.uasset" 3958
"/Game/Kobo_ForestVillage/Textures/T-Albedo/T-A-Farm-01" 3959
"C:/Users/fputi/Documents/GitHub/BuscaMines/Unreal/Content/Kobo_ForestVillage/Textures/T-Normal/T-N-Farm-02.uasset" 3960
"C:/Users/fputi/Documents/GitHub/BuscaMines/Unreal/Content/Kobo_ForestVillage/Meshes/SM-Farm-02.uasset" 3961
"C:/Users/fputi/Documents/GitHub/BuscaMines/Unreal/Content/Kobo_ForestVillage/Materials/M-Instances/MI-Farm-02.uasset" 3962
"C:/Users/fputi/Documents/GitHub/BuscaMines/Unreal/Content/Kobo_ForestVillage/Textures/T-Albedo/T-A-Fence-01.uasset" 3963
"C:/Users/fputi/Documents/GitHub/BuscaMines/Unreal/Content/Kobo_ForestVillage/Textures/T-Normal/T-N-Fence-01.uasset" 3964
"C:/Users/fputi/Documents/GitHub/BuscaMines/Unreal/Content/Kobo_ForestVillage/Materials/M-Instances/MI-Fence-01.uasset" 3965
"C:/Users/fputi/Documents/GitHub/BuscaMines/Unreal/Content/Kobo_ForestVillage/Meshes/SM-Fence-01.uasset" 3966
"C:/Users/fputi/Documents/GitHub/BuscaMines/Unreal/Content/Kobo_ForestVillage/Textures/T-Albedo/T-A-Fence-02.uasset" 3967
"C:/Users/fputi/Documents/GitHub/BuscaMines/Unreal/Content/Kobo_ForestVillage/Textures/T-Normal/T-N-Fence-02.uasset" 3968
"C:/Users/fputi/Documents/GitHub/BuscaMines/Unreal/Content/Kobo_ForestVillage/Materials/M-Instances/MI-Fence-02.uasset" 3969
"C:/Users/fputi/Documents/GitHub/BuscaMines/Unreal/Content/Kobo_ForestVillage/Meshes/SM-Fence-02.uasset" 3970
"C:/Users/fputi/Documents/GitHub/BuscaMines/Unreal/Content/Kobo_ForestVillage/Textures/T-Albedo/T-A-Flower-01.uasset" 3971
"C:/Users/fputi/Documents/GitHub/BuscaMines/Unreal/Content/Kobo_ForestVillage/Materials/M-Instances/MI-Flower-01.uasset" 3972
"C:/Users/fputi/Documents/GitHub/BuscaMines/Unreal/Content/Kobo_ForestVillage/Textures/T-Normal/T-N-Flower-01.uasset" 3973
"C:/Users/fputi/Documents/GitHub/BuscaMines/Unreal/Content/Kobo_ForestVillage/Meshes/SM-Flower-01.uasset" 3974
"C:/Users/fputi/Documents/GitHub/BuscaMines/Unreal/Content/Kobo_ForestVillage/Textures/T-Albedo/T-A-Flower-02.uasset" 3975
"C:/Users/fputi/Documents/GitHub/BuscaMines/Unreal/Content/Kobo_ForestVillage/Textures/T-Normal/T-N-Flower-02.uasset" 3976
"C:/Users/fputi/Documents/GitHub/BuscaMines/Unreal/Content/Kobo_ForestVillage/Materials/M-Instances/MI-Flower-02.uasset" 3977
"/Game/Kobo_ForestVillage/Materials/M-Instances/MI-Door-01" 3978
"C:/Users/fputi/Documents/GitHub/BuscaMines/Unreal/Content/Kobo_ForestVillage/Textures/T-Albedo/T-A-Flower-03.uasset" 3979
"C:/Users/fputi/Documents/GitHub/BuscaMines/Unreal/Content/Kobo_ForestVillage/Meshes/SM-Flower-02.uasset" 3980
"C:/Users/fputi/Documents/GitHub/BuscaMines/Unreal/Content/Kobo_ForestVillage/Textures/T-Normal/T-N-Flower-03.uasset" 3981
"C:/Users/fputi/Documents/GitHub/BuscaMines/Unreal/Content/Kobo_ForestVillage/Materials/M-Instances/MI-Flower-03.uasset" 3982
"C:/Users/fputi/Documents/GitHub/BuscaMines/Unreal/Content/Kobo_ForestVillage/Meshes/SM-Flower-03.uasset" 3983
"C:/Users/fputi/Documents/GitHub/BuscaMines/Unreal/Content/Kobo_ForestVillage/Textures/T-Albedo/T-A-Flower-04.uasset" 3984
"C:/Users/fputi/Documents/GitHub/BuscaMines/Unreal/Content/Kobo_ForestVillage/Textures/T-Normal/T-N-Flower-04.uasset" 3985
"C:/Users/fputi/Documents/GitHub/BuscaMines/Unreal/Content/Kobo_ForestVillage/Materials/M-Instances/MI-Flower-04.uasset" 3986
"C:/Users/fputi/Documents/GitHub/BuscaMines/Unreal/Content/Kobo_ForestVillage/Meshes/SM-Flower-04.uasset" 3987
"/Game/Kobo_ForestVillage/Meshes/SM-Flower-03" 3988
"/Game/Kobo_ForestVillage/Meshes/SM-Flower-02" 3989
"/Game/Kobo_ForestVillage/Meshes/SM-Flower-01" 3990
"/Game/Kobo_ForestVillage/Meshes/SM-Fence-02" 3991
"/Game/Kobo_ForestVillage/Meshes/SM-Fence-01" 3992
"/Game/Kobo_ForestVillage/Meshes/SM-Farm-02" 3993
"/Game/Kobo_ForestVillage/Meshes/SM-Farm-01" 3994
"/Game/Kobo_ForestVillage/Meshes/SM-Door-01" 3995
"C:/Users/fputi/Documents/GitHub/BuscaMines/Unreal/Content/Kobo_ForestVillage/Textures/T-Normal/T-N-Flower-05.uasset" 3996
"C:/Users/fputi/Documents/GitHub/BuscaMines/Unreal/Content/Kobo_ForestVillage/Textures/T-Albedo/T-A-Flower-05.uasset" 3997
"C:/Users/fputi/Documents/GitHub/BuscaMines/Unreal/Content/Kobo_ForestVillage/Meshes/SM-Flower-05.uasset" 3998
"C:/Users/fputi/Documents/GitHub/BuscaMines/Unreal/Content/Kobo_ForestVillage/Materials/M-Instances/MI-Flower-05.uasset" 3999
"/Game/Kobo_ForestVillage/Meshes/SM-Flower-04" 4000
"C:/Users/fputi/Documents/GitHub/BuscaMines/Unreal/Content/Kobo_ForestVillage/Textures/T-Albedo/T-A-Flower-06.uasset" 4001
"C:/Users/fputi/Documents/GitHub/BuscaMines/Unreal/Content/Kobo_ForestVillage/Textures/T-Normal/T-N-Flower-06.uasset" 4002
"C:/Users/fputi/Documents/GitHub/BuscaMines/Unreal/Content/Kobo_ForestVillage/Materials/M-Instances/MI-Flower-06.uasset" 4003
"C:/Users/fputi/Documents/GitHub/BuscaMines/Unreal/Content/Kobo_ForestVillage/Meshes/SM-Flower-06.uasset" 4004
"C:/Users/fputi/Documents/GitHub/BuscaMines/Unreal/Content/Kobo_ForestVillage/Textures/T-Albedo/T-A-House-01-04.uasset" 4005
"C:/Users/fputi/Documents/GitHub/BuscaMines/Unreal/Content/Kobo_ForestVillage/Textures/T-Normal/T-N-House-01-04.uasset" 4006
"C:/Users/fputi/Documents/GitHub/BuscaMines/Unreal/Content/Kobo_ForestVillage/Materials/M-Instances/MI-House-01-04.uasset" 4007
"C:/Users/fputi/Documents/GitHub/BuscaMines/Unreal/Content/Kobo_ForestVillage/Textures/T-Albedo/T-A-House-01-03.uasset" 4008
"C:/Users/fputi/Documents/GitHub/BuscaMines/Unreal/Content/Kobo_ForestVillage/Materials/M-Instances/MI-House-01-03.uasset" 4009
"C:/Users/fputi/Documents/GitHub/BuscaMines/Unreal/Content/Kobo_ForestVillage/Textures/T-Normal/T-N-House-01-02.uasset" 4010
"C:/Users/fputi/Documents/GitHub/BuscaMines/Unreal/Content/Kobo_ForestVillage/Textures/T-Normal/T-N-House-01-03.uasset" 4011
"C:/Users/fputi/Documents/GitHub/BuscaMines/Unreal/Content/Kobo_ForestVillage/Textures/T-Albedo/T-A-House-01-02.uasset" 4012
"C:/Users/fputi/Documents/GitHub/BuscaMines/Unreal/Content/Kobo_ForestVillage/Materials/M-Instances/MI-House-01-02.uasset" 4013
"C:/Users/fputi/Documents/GitHub/BuscaMines/Unreal/Content/Kobo_ForestVillage/Textures/T-Albedo/T-A-House-01-01.uasset" 4014
"C:/Users/fputi/Documents/GitHub/BuscaMines/Unreal/Content/Kobo_ForestVillage/Textures/T-Normal/T-N-House-01-01.uasset" 4015
"C:/Users/fputi/Documents/GitHub/BuscaMines/Unreal/Content/Kobo_ForestVillage/Meshes/SM-House-01.uasset" 4016
"C:/Users/fputi/Documents/GitHub/BuscaMines/Unreal/Content/Kobo_ForestVillage/Materials/M-Instances/MI-House-01-01.uasset" 4017
"C:/Users/fputi/Documents/GitHub/BuscaMines/Unreal/Content/Kobo_ForestVillage/Textures/T-Albedo/T-A-House-02-04.uasset" 4018
"C:/Users/fputi/Documents/GitHub/BuscaMines/Unreal/Content/Kobo_ForestVillage/Textures/T-Normal/T-N-House-02-04.uasset" 4019
"C:/Users/fputi/Documents/GitHub/BuscaMines/Unreal/Content/Kobo_ForestVillage/Materials/M-Instances/MI-House-02-04.uasset" 4020
"C:/Users/fputi/Documents/GitHub/BuscaMines/Unreal/Content/Kobo_ForestVillage/Textures/T-Albedo/T-A-House-02-03.uasset" 4021
"C:/Users/fputi/Documents/GitHub/BuscaMines/Unreal/Content/Kobo_ForestVillage/Textures/T-Normal/T-N-House-02-03.uasset" 4022
"C:/Users/fputi/Documents/GitHub/BuscaMines/Unreal/Content/Kobo_ForestVillage/Materials/M-Instances/MI-House-02-03.uasset" 4023
"C:/Users/fputi/Documents/GitHub/BuscaMines/Unreal/Content/Kobo_ForestVillage/Textures/T-Albedo/T-A-House-02-02.uasset" 4024
"C:/Users/fputi/Documents/GitHub/BuscaMines/Unreal/Content/Kobo_ForestVillage/Materials/M-Instances/MI-House-02-02.uasset" 4025
"C:/Users/fputi/Documents/GitHub/BuscaMines/Unreal/Content/Kobo_ForestVillage/Textures/T-Albedo/T-A-House-02-01.uasset" 4026
"C:/Users/fputi/Documents/GitHub/BuscaMines/Unreal/Content/Kobo_ForestVillage/Textures/T-Normal/T-N-House-02-02.uasset" 4027
"/Game/Kobo_ForestVillage/Textures/T-Albedo/T-A-House-02-02" 4028
"C:/Users/fputi/Documents/GitHub/BuscaMines/Unreal/Content/Kobo_ForestVillage/Textures/T-Normal/T-N-House-02-01.uasset" 4029
"/Game/Kobo_ForestVillage/Materials/M-Instances/MI-House-02-03" 4030
"/Game/Kobo_ForestVillage/Materials/M-Instances/MI-House-02-04" 4031
"/Game/Kobo_ForestVillage/Meshes/SM-House-01" 4032
"../../../../../../Users/fputi/Documents/GitHub/BuscaMines/Unreal/Content/Kobo_ForestVillage/Materials/M-Instances/MI-Blank-02.uasset" 4033
"/Game/Kobo_ForestVillage/Meshes/SM-Flower-06" 4034
"/Game/Kobo_ForestVillage/Meshes/SM-Flower-05" 4035
"C:/Users/fputi/Documents/GitHub/BuscaMines/Unreal/Content/Kobo_ForestVillage/Materials/M-Instances/MI-House-02-01.uasset" 4036
"C:/Users/fputi/Documents/GitHub/BuscaMines/Unreal/Content/Kobo_ForestVillage/Textures/T-Albedo/T-A-House-03-04.uasset" 4037
"C:/Users/fputi/Documents/GitHub/BuscaMines/Unreal/Content/Kobo_ForestVillage/Textures/T-Normal/T-N-House-03-04.uasset" 4038
"C:/Users/fputi/Documents/GitHub/BuscaMines/Unreal/Content/Kobo_ForestVillage/Meshes/SM-House-02.uasset" 4039
"C:/Users/fputi/Documents/GitHub/BuscaMines/Unreal/Content/Kobo_ForestVillage/Materials/M-Instances/MI-House-03-04.uasset" 4040
"/Game/Kobo_ForestVillage/Textures/T-Normal/T-N-House-02-01" 4041
"C:/Users/fputi/Documents/GitHub/BuscaMines/Unreal/Content/Kobo_ForestVillage/Textures/T-Albedo/T-A-House-03-03.uasset" 4042
"C:/Users/fputi/Documents/GitHub/BuscaMines/Unreal/Content/Kobo_ForestVillage/Textures/T-Normal/T-N-House-03-03.uasset" 4043
"C:/Users/fputi/Documents/GitHub/BuscaMines/Unreal/Content/Kobo_ForestVillage/Materials/M-Instances/MI-House-03-03.uasset" 4044
"C:/Users/fputi/Documents/GitHub/BuscaMines/Unreal/Content/Kobo_ForestVillage/Textures/T-Albedo/T-A-House-03-02.uasset" 4045
"C:/Users/fputi/Documents/GitHub/BuscaMines/Unreal/Content/Kobo_ForestVillage/Textures/T-Normal/T-N-House-03-02.uasset" 4046
"C:/Users/fputi/Documents/GitHub/BuscaMines/Unreal/Content/Kobo_ForestVillage/Materials/M-Instances/MI-House-03-02.uasset" 4047
"C:/Users/fputi/Documents/GitHub/BuscaMines/Unreal/Content/Kobo_ForestVillage/Textures/T-Albedo/T-A-House-03-01.uasset" 4048
"C:/Users/fputi/Documents/GitHub/BuscaMines/Unreal/Content/Kobo_ForestVillage/Textures/T-Normal/T-N-House-03-01.uasset" 4049
"C:/Users/fputi/Documents/GitHub/BuscaMines/Unreal/Content/Kobo_ForestVillage/Materials/M-Instances/MI-House-03-01.uasset" 4050
"C:/Users/fputi/Documents/GitHub/BuscaMines/Unreal/Content/Kobo_ForestVillage/Meshes/SM-House-03.uasset" 4051
"C:/Users/fputi/Documents/GitHub/BuscaMines/Unreal/Content/Kobo_ForestVillage/Textures/T-Albedo/T-A-LogPile-01.uasset" 4052
"C:/Users/fputi/Documents/GitHub/BuscaMines/Unreal/Content/Kobo_ForestVillage/Textures/T-Normal/T-N-Logpile-01.uasset" 4053
"C:/Users/fputi/Documents/GitHub/BuscaMines/Unreal/Content/Kobo_ForestVillage/Materials/M-Instances/MI-Logpile-01.uasset" 4054
"/Game/Kobo_ForestVillage/Textures/T-Albedo/T-A-House-02-01" 4055
"C:/Users/fputi/Documents/GitHub/BuscaMines/Unreal/Content/Kobo_ForestVillage/Meshes/SM-LogPile-01.uasset" 4056
"C:/Users/fputi/Documents/GitHub/BuscaMines/Unreal/Content/Kobo_ForestVillage/Textures/T-Albedo/T-A-Path-01.uasset" 4057
"C:/Users/fputi/Documents/GitHub/BuscaMines/Unreal/Content/Kobo_ForestVillage/Textures/T-Normal/T-N-Path-01.uasset" 4058
"C:/Users/fputi/Documents/GitHub/BuscaMines/Unreal/Content/Kobo_ForestVillage/Materials/M-Instances/MI-Path-01.uasset" 4059
"C:/Users/fputi/Documents/GitHub/BuscaMines/Unreal/Content/Kobo_ForestVillage/Meshes/SM-Path-01.uasset" 4060
"C:/Users/fputi/Documents/GitHub/BuscaMines/Unreal/Content/Kobo_ForestVillage/Textures/T-Normal/T-N-Path-03.uasset" 4061
"C:/Users/fputi/Documents/GitHub/BuscaMines/Unreal/Content/Kobo_ForestVillage/Textures/T-Albedo/T-A-Path-03.uasset" 4062
"/Game/Kobo_ForestVillage/Materials/M-Instances/MI-House-02-02" 4063
"C:/Users/fputi/Documents/GitHub/BuscaMines/Unreal/Content/Kobo_ForestVillage/Materials/M-Instances/MI-Path-03.uasset" 4064
"C:/Users/fputi/Documents/GitHub/BuscaMines/Unreal/Content/Kobo_ForestVillage/Meshes/SM-Path-03.uasset" 4065
"C:/Users/fputi/Documents/GitHub/BuscaMines/Unreal/Content/Kobo_ForestVillage/Textures/T-Albedo/T-A-Path-05.uasset" 4066
"C:/Users/fputi/Documents/GitHub/BuscaMines/Unreal/Content/Kobo_ForestVillage/Textures/T-Normal/T-N-Path-05.uasset" 4067
"C:/Users/fputi/Documents/GitHub/BuscaMines/Unreal/Content/Kobo_ForestVillage/Materials/M-Instances/MI-Path-05.uasset" 4068
"C:/Users/fputi/Documents/GitHub/BuscaMines/Unreal/Content/Kobo_ForestVillage/Meshes/SM-Path-05.uasset" 4069
"C:/Users/fputi/Documents/GitHub/BuscaMines/Unreal/Content/Kobo_ForestVillage/Textures/T-Albedo/T-A-Path-06.uasset" 4070
"/Game/Kobo_ForestVillage/Textures/T-Albedo/T-A-Path-05" 4071
"/Game/Kobo_ForestVillage/Meshes/SM-Path-03" 4072
"/Game/Kobo_ForestVillage/Meshes/SM-Path-01" 4073
"/Game/Kobo_ForestVillage/Meshes/SM-LogPile-01" 4074
"/Game/Kobo_ForestVillage/Meshes/SM-House-03" 4075
"/Game/Kobo_ForestVillage/Meshes/SM-House-02" 4076
"C:/Users/fputi/Documents/GitHub/BuscaMines/Unreal/Content/Kobo_ForestVillage/Materials/M-Instances/MI-Path-06.uasset" 4077
"C:/Users/fputi/Documents/GitHub/BuscaMines/Unreal/Content/Kobo_ForestVillage/Textures/T-Albedo/T-A-Path-07.uasset" 4078
"C:/Users/fputi/Documents/GitHub/BuscaMines/Unreal/Content/Kobo_ForestVillage/Textures/T-Normal/T-N-Path-06.uasset" 4079
"/Game/Kobo_ForestVillage/Textures/T-Albedo/T-A-Path-06" 4080
"C:/Users/fputi/Documents/GitHub/BuscaMines/Unreal/Content/Kobo_ForestVillage/Textures/T-Normal/T-N-Path-07.uasset" 4081
"C:/Users/fputi/Documents/GitHub/BuscaMines/Unreal/Content/Kobo_ForestVillage/Materials/M-Instances/MI-Path-07.uasset" 4082
"C:/Users/fputi/Documents/GitHub/BuscaMines/Unreal/Content/Kobo_ForestVillage/Meshes/SM-Path-07.uasset" 4083
"C:/Users/fputi/Documents/GitHub/BuscaMines/Unreal/Content/Kobo_ForestVillage/Meshes/SM-Path-06.uasset" 4084
"C:/Users/fputi/Documents/GitHub/BuscaMines/Unreal/Content/Kobo_ForestVillage/Textures/T-Albedo/T-A-Path-08.uasset" 4085
"/Game/Kobo_ForestVillage/Meshes/SM-Path-05" 4086
"C:/Users/fputi/Documents/GitHub/BuscaMines/Unreal/Content/Kobo_ForestVillage/Textures/T-Normal/T-N-Path-08.uasset" 4087
"C:/Users/fputi/Documents/GitHub/BuscaMines/Unreal/Content/Kobo_ForestVillage/Materials/M-Instances/MI-Path-08.uasset" 4088
"C:/Users/fputi/Documents/GitHub/BuscaMines/Unreal/Content/Kobo_ForestVillage/Meshes/SM-Path-08.uasset" 4089
"C:/Users/fputi/Documents/GitHub/BuscaMines/Unreal/Content/Kobo_ForestVillage/Materials/M-Instances/MI-Pot-01.uasset" 4090
"C:/Users/fputi/Documents/GitHub/BuscaMines/Unreal/Content/Kobo_ForestVillage/Meshes/SM-Pot-01.uasset" 4091
"C:/Users/fputi/Documents/GitHub/BuscaMines/Unreal/Content/Kobo_ForestVillage/Textures/T-Albedo/T-A-Pot-01.uasset" 4092
"C:/Users/fputi/Documents/GitHub/BuscaMines/Unreal/Content/Kobo_ForestVillage/Textures/T-Normal/T-N-Pot-01.uasset" 4093
"C:/Users/fputi/Documents/GitHub/BuscaMines/Unreal/Content/Kobo_ForestVillage/Materials/M-Instances/MI-Pot-02.uasset" 4094
"C:/Users/fputi/Documents/GitHub/BuscaMines/Unreal/Content/Kobo_ForestVillage/Textures/T-Albedo/T-A-Rock-01.uasset" 4095
"C:/Users/fputi/Documents/GitHub/BuscaMines/Unreal/Content/Kobo_ForestVillage/Textures/T-Normal/T-N-Rock-01.uasset" 4096
"C:/Users/fputi/Documents/GitHub/BuscaMines/Unreal/Content/Kobo_ForestVillage/Materials/M-Instances/MI-Rock-01.uasset" 4097
"C:/Users/fputi/Documents/GitHub/BuscaMines/Unreal/Content/Kobo_ForestVillage/Textures/T-Albedo/T-A-Rock-02.uasset" 4098
"C:/Users/fputi/Documents/GitHub/BuscaMines/Unreal/Content/Kobo_ForestVillage/Meshes/SM-Rock-01.uasset" 4099
"C:/Users/fputi/Documents/GitHub/BuscaMines/Unreal/Content/Kobo_ForestVillage/Textures/T-Normal/T-N-Rock-02.uasset" 4100
"C:/Users/fputi/Documents/GitHub/BuscaMines/Unreal/Content/Kobo_ForestVillage/Materials/M-Instances/MI-Rock-02.uasset" 4101
"C:/Users/fputi/Documents/GitHub/BuscaMines/Unreal/Content/Kobo_ForestVillage/Meshes/SM-Rock-02.uasset" 4102
"C:/Users/fputi/Documents/GitHub/BuscaMines/Unreal/Content/Kobo_ForestVillage/Textures/T-Albedo/T-A-Rock-03.uasset" 4103
"C:/Users/fputi/Documents/GitHub/BuscaMines/Unreal/Content/Kobo_ForestVillage/Textures/T-Normal/T-N-Rock-03.uasset" 4104
"C:/Users/fputi/Documents/GitHub/BuscaMines/Unreal/Content/Kobo_ForestVillage/Materials/M-Instances/MI-Rock-03.uasset" 4105
"C:/Users/fputi/Documents/GitHub/BuscaMines/Unreal/Content/Kobo_ForestVillage/Meshes/SM-Rock-03.uasset" 4106
"C:/Users/fputi/Documents/GitHub/BuscaMines/Unreal/Content/Kobo_ForestVillage/Textures/T-Normal/T-N-Rock-04.uasset" 4107
"/Game/Kobo_ForestVillage/Meshes/SM-Rock-03" 4108
"C:/Users/fputi/Documents/GitHub/BuscaMines/Unreal/Content/Kobo_ForestVillage/Textures/T-Albedo/T-A-Rock-04.uasset" 4109
"C:/Users/fputi/Documents/GitHub/BuscaMines/Unreal/Content/Kobo_ForestVillage/Meshes/SM-Rock-04.uasset" 4110
"C:/Users/fputi/Documents/GitHub/BuscaMines/Unreal/Content/Kobo_ForestVillage/Materials/M-Instances/MI-Rock-04.uasset" 4111
"/Game/Kobo_ForestVillage/Meshes/SM-Rock-02" 4112
"/Game/Kobo_ForestVillage/Meshes/SM-Rock-01" 4113
"/Game/Kobo_ForestVillage/Materials/M-Instances/MI-Pot-02" 4114
"/Game/Kobo_ForestVillage/Meshes/SM-Pot-01" 4115
"/Game/Kobo_ForestVillage/Meshes/SM-Path-08" 4116
"/Game/Kobo_ForestVillage/Meshes/SM-Path-07" 4117
"/Game/Kobo_ForestVillage/Meshes/SM-Path-06" 4118
"C:/Users/fputi/Documents/GitHub/BuscaMines/Unreal/Content/Kobo_ForestVillage/Textures/T-Albedo/T-A-Rock-06.uasset" 4119
"C:/Users/fputi/Documents/GitHub/BuscaMines/Unreal/Content/Kobo_ForestVillage/Meshes/SM-Rock-05.uasset" 4120
"C:/Users/fputi/Documents/GitHub/BuscaMines/Unreal/Content/Kobo_ForestVillage/Materials/M-Instances/MI-Rock-05.uasset" 4121
"C:/Users/fputi/Documents/GitHub/BuscaMines/Unreal/Content/Kobo_ForestVillage/Textures/T-Normal/T-N-Rock-06.uasset" 4122
"C:/Users/fputi/Documents/GitHub/BuscaMines/Unreal/Content/Kobo_ForestVillage/Textures/T-Albedo/T-A-Rock-05.uasset" 4123
"C:/Users/fputi/Documents/GitHub/BuscaMines/Unreal/Content/Kobo_ForestVillage/Textures/T-Normal/T-N-Rock-05.uasset" 4124
"C:/Users/fputi/Documents/GitHub/BuscaMines/Unreal/Content/Kobo_ForestVillage/Materials/M-Instances/MI-Rock-06.uasset" 4125
"C:/Users/fputi/Documents/GitHub/BuscaMines/Unreal/Content/Kobo_ForestVillage/Meshes/SM-Rock-06.uasset" 4126
"C:/Users/fputi/Documents/GitHub/BuscaMines/Unreal/Content/Kobo_ForestVillage/Materials/M-Instances/MI-RVTGrass-01.uasset" 4127
"C:/Users/fputi/Documents/GitHub/BuscaMines/Unreal/Content/Kobo_ForestVillage/Meshes/SM-RVTGrass-01.uasset" 4128
"C:/Users/fputi/Documents/GitHub/BuscaMines/Unreal/Content/Kobo_ForestVillage/Textures/T-Albedo/T-A-Stump-01.uasset" 4129
"/Game/Kobo_ForestVillage/Meshes/SM-Rock-04" 4130
"C:/Users/fputi/Documents/GitHub/BuscaMines/Unreal/Content/Kobo_ForestVillage/Textures/T-Normal/T-N-Stump-01.uasset" 4131
"C:/Users/fputi/Documents/GitHub/BuscaMines/Unreal/Content/Kobo_ForestVillage/Textures/T-Normal/T-N-RVTGrass-01.uasset" 4132
"C:/Users/fputi/Documents/GitHub/BuscaMines/Unreal/Content/Kobo_ForestVillage/Meshes/SM-Stump-01.uasset" 4133
"C:/Users/fputi/Documents/GitHub/BuscaMines/Unreal/Content/Kobo_ForestVillage/Materials/M-Instances/MI-Stump-01.uasset" 4134
"C:/Users/fputi/Documents/GitHub/BuscaMines/Unreal/Content/Kobo_ForestVillage/Textures/T-Albedo/T-A-Tree-01.uasset" 4135
"C:/Users/fputi/Documents/GitHub/BuscaMines/Unreal/Content/Kobo_ForestVillage/Textures/T-Normal/T-N-Tree-01.uasset" 4136
"C:/Users/fputi/Documents/GitHub/BuscaMines/Unreal/Content/Kobo_ForestVillage/Materials/M-Instances/MI-Tree-01.uasset" 4137
"C:/Users/fputi/Documents/GitHub/BuscaMines/Unreal/Content/Kobo_ForestVillage/Meshes/SM-Tree-01.uasset" 4138
"C:/Users/fputi/Documents/GitHub/BuscaMines/Unreal/Content/Kobo_ForestVillage/Textures/T-Albedo/T-A-Tree-02.uasset" 4139
"C:/Users/fputi/Documents/GitHub/BuscaMines/Unreal/Content/Kobo_ForestVillage/Textures/T-Normal/T-N-Tree-02.uasset" 4140
"C:/Users/fputi/Documents/GitHub/BuscaMines/Unreal/Content/Kobo_ForestVillage/Materials/M-Instances/MI-Tree-02.uasset" 4141
"C:/Users/fputi/Documents/GitHub/BuscaMines/Unreal/Content/Kobo_ForestVillage/Meshes/SM-Tree-02.uasset" 4142
"C:/Users/fputi/Documents/GitHub/BuscaMines/Unreal/Content/Kobo_ForestVillage/Textures/T-Albedo/T-A-Tree-03.uasset" 4143
"C:/Users/fputi/Documents/GitHub/BuscaMines/Unreal/Content/Kobo_ForestVillage/Textures/T-Normal/T-N-Tree-03.uasset" 4144
"C:/Users/fputi/Documents/GitHub/BuscaMines/Unreal/Content/Kobo_ForestVillage/Materials/M-Instances/MI-Tree-03.uasset" 4145
"C:/Users/fputi/Documents/GitHub/BuscaMines/Unreal/Content/Kobo_ForestVillage/Meshes/SM-Tree-03.uasset" 4146
"C:/Users/fputi/Documents/GitHub/BuscaMines/Unreal/Content/Kobo_ForestVillage/Textures/T-Albedo/T-A-Tree-04.uasset" 4147
"C:/Users/fputi/Documents/GitHub/BuscaMines/Unreal/Content/Kobo_ForestVillage/Materials/M-Instances/MI-Tree-04.uasset" 4148
"C:/Users/fputi/Documents/GitHub/BuscaMines/Unreal/Content/Kobo_ForestVillage/Textures/T-Normal/T-N-Tree-04.uasset" 4149
"C:/Users/fputi/Documents/GitHub/BuscaMines/Unreal/Content/Kobo_ForestVillage/Textures/T-Albedo/T-A-Tree-05.uasset" 4150
"C:/Users/fputi/Documents/GitHub/BuscaMines/Unreal/Content/Kobo_ForestVillage/Meshes/SM-Tree-04.uasset" 4151
"/Game/Kobo_ForestVillage/Textures/T-Albedo/T-A-Tree-04" 4152
"/Game/Kobo_ForestVillage/Meshes/SM-Tree-03" 4153
"/Game/Kobo_ForestVillage/Meshes/SM-Tree-02" 4154
"/Game/Kobo_ForestVillage/Meshes/SM-Tree-01" 4155
"/Game/Kobo_ForestVillage/Meshes/SM-Stump-01" 4156
"/Game/Kobo_ForestVillage/Meshes/SM-RVTGrass-01" 4157
"/Game/Kobo_ForestVillage/Meshes/SM-Rock-06" 4158
"/Game/Kobo_ForestVillage/Meshes/SM-Rock-05" 4159
"C:/Users/fputi/Documents/GitHub/BuscaMines/Unreal/Content/Kobo_ForestVillage/Meshes/SM-Tree-05.uasset" 4160
"C:/Users/fputi/Documents/GitHub/BuscaMines/Unreal/Content/Kobo_ForestVillage/Textures/T-Normal/T-N-Tree-05.uasset" 4161
"C:/Users/fputi/Documents/GitHub/BuscaMines/Unreal/Content/Kobo_ForestVillage/Materials/M-Instances/MI-Tree-05.uasset" 4162
"C:/Users/fputi/Documents/GitHub/BuscaMines/Unreal/Content/Kobo_ForestVillage/Textures/T-Normal/T-N-Tree-06.uasset" 4163
"C:/Users/fputi/Documents/GitHub/BuscaMines/Unreal/Content/Kobo_ForestVillage/Textures/T-Albedo/T-A-Tree-06.uasset" 4164
"/Game/Kobo_ForestVillage/Textures/T-Albedo/T-A-Tree-05" 4165
"C:/Users/fputi/Documents/GitHub/BuscaMines/Unreal/Content/Kobo_ForestVillage/Materials/M-Instances/MI-Tree-06.uasset" 4166
"C:/Users/fputi/Documents/GitHub/BuscaMines/Unreal/Content/Kobo_ForestVillage/Meshes/SM-Tree-06.uasset" 4167
"C:/Users/fputi/Documents/GitHub/BuscaMines/Unreal/Content/Kobo_ForestVillage/Materials/M-Instances/MI-Water-01.uasset" 4168
"C:/Users/fputi/Documents/GitHub/BuscaMines/Unreal/Content/Kobo_ForestVillage/Meshes/SM-Water-01.uasset" 4169
"../../../Engine/Plugins/FX/Niagara/Content/Modules/Update/Orientation/SpriteRotationRate.uasset" 4170
"../../../Engine/Plugins/FX/Niagara/Content/Functions/RandomUnitVector.uasset" 4171
"../../../Engine/Plugins/FX/Niagara/Content/Functions/RandomVector.uasset" 4172
"../../../Engine/Plugins/FX/Niagara/Content/Modules/Update/Forces/VectorNoiseForce.uasset" 4173
"C:/Users/fputi/Documents/GitHub/BuscaMines/Unreal/Content/Kobo_ForestVillage/Textures/T-Alpha/T-A-Dust-02.uasset" 4174
"../../../Engine/Plugins/FX/Niagara/Content/DynamicInputs/UniformRange/V2/RandomRangeVector.uasset" 4175
"C:/Users/fputi/Documents/GitHub/BuscaMines/Unreal/Content/Kobo_ForestVillage/Materials/M-Particles/MI-AmbientDust-02.uasset" 4176
"C:/Users/fputi/Documents/GitHub/BuscaMines/Unreal/Content/Kobo_ForestVillage/Materials/M-Particles/M-AmbientDust.uasset" 4177
"C:/Users/fputi/Documents/GitHub/BuscaMines/Unreal/Content/Kobo_ForestVillage/Textures/T-Alpha/T-A-Dust-01.uasset" 4178
"C:/Users/fputi/Documents/GitHub/BuscaMines/Unreal/Content/Kobo_ForestVillage/Materials/M-Particles/MI-AmbientDust-01.uasset" 4179
"../../../Engine/Plugins/FX/Niagara/Content/Functions/NormalizeDistanceRange.uasset" 4180
"/Game/Kobo_ForestVillage/Meshes/SM-Tree-04" 4181
"../../../Engine/Plugins/FX/Niagara/Content/Functions/V2/CalculateRandomUnitVector.uasset" 4182
"../../../Engine/Plugins/FX/Niagara/Content/Modules/Spawn/Velocity/AddVelocity.uasset" 4183
"../../../Engine/Plugins/FX/Niagara/Content/Functions/V2/DistanceBasedFalloff.uasset" 4184
"../../../Engine/Plugins/FX/Niagara/Content/Enums/Utility/ENiagara_VelocityMode.uasset" 4185
"../../../Engine/Plugins/FX/Niagara/Content/DynamicInputs/UniformRange/V2/RandomRangeFloat.uasset" 4186
"C:/Users/fputi/Documents/GitHub/BuscaMines/Unreal/Content/Kobo_ForestVillage/Particles/P-AmbientDust.uasset" 4187
"../../../Engine/Plugins/FX/Niagara/Content/Modules/Update/Size/ScaleSpriteSize.uasset" 4188
"../../../Engine/Plugins/FX/Niagara/Content/Functions/FindAngleBetweenVectors.uasset" 4189
"../../../Engine/Plugins/FX/Niagara/Content/VectorFields/Assets/TilingCurl64.uasset" 4190
"../../../Engine/Plugins/FX/Niagara/Content/VectorFields/Assets/TilingCurl16.uasset" 4191
"../../../Engine/Plugins/FX/Niagara/Content/Functions/V2/ConeMask.uasset" 4192
"/Niagara/Functions/FindAngleBetweenVectors" 4193
"../../../Engine/Plugins/FX/Niagara/Content/Functions/ChannelMasks/SelectV4Channel.uasset" 4194
"/Niagara/Modules/Update/Size/ScaleSpriteSize" 4195
"../../Plugins/FX/Niagara/Content/Enums/SpriteRenderer/ENiagara_ScaleSpriteSize.uasset" 4196
"/Game/Kobo_ForestVillage/Particles/P-AmbientDust" 4197
"../../Plugins/FX/Niagara/Content/DynamicInputs/ValueFromCurve/FloatFromCurve.uasset" 4198
"../../Plugins/FX/Niagara/Content/Modules/Emitter/EmitterState.uasset" 4199
"../../Plugins/FX/Niagara/Content/Modules/Emitter/SpawnRate.uasset" 4200
"../../Plugins/FX/Niagara/Content/Modules/Solvers/SolveForcesAndVelocity.uasset" 4201
"../../Plugins/FX/Niagara/Content/Modules/Spawn/Initialization/V2/InitializeParticle.uasset" 4202
"../../Plugins/FX/Niagara/Content/Modules/Spawn/Location/V2/ShapeLocation.uasset" 4203
"../../Plugins/FX/Niagara/Content/Modules/System/SystemState.uasset" 4204
"../../Plugins/FX/Niagara/Content/Modules/Update/Color/ScaleColor.uasset" 4205
"../../Plugins/FX/Niagara/Content/Modules/Update/Lifetime/ParticleState.uasset" 4206
"../../Plugins/FX/Niagara/Content/Enums/Angles/ENiagara_AngleInput.uasset" 4207
"../../Plugins/FX/Niagara/Content/Enums/ENiagara_AttributeSamplingApplyOutput.uasset" 4208
"../../Plugins/FX/Niagara/Content/Enums/ENiagara_ColorInitializationMode.uasset" 4209
"../../Plugins/FX/Niagara/Content/Enums/ENiagara_EmitterStateOptions.uasset" 4210
"../../Plugins/FX/Niagara/Content/Enums/ENiagara_InfiniteLoopDuration.uasset" 4211
"../../Plugins/FX/Niagara/Content/Enums/ENiagara_LifetimeMode.uasset" 4212
"../../Plugins/FX/Niagara/Content/Enums/ENiagara_MassInitializationMode.uasset" 4213
"../../Plugins/FX/Niagara/Content/Enums/ENiagara_PositionInitializationMode.uasset" 4214
"../../Plugins/FX/Niagara/Content/Enums/ENiagara_SizeScaleMode.uasset" 4215
"../../Plugins/FX/Niagara/Content/Enums/ENiagara_SpriteRotationMode.uasset" 4216
"../../Plugins/FX/Niagara/Content/Enums/ENiagara_UVFlippingMode.uasset" 4217
"../../Plugins/FX/Niagara/Content/Enums/ENiagaraChannelCorrelation.uasset" 4218
"../../Plugins/FX/Niagara/Content/Enums/ENiagaraEmitterLifeCycleMode.uasset" 4219
"../../Plugins/FX/Niagara/Content/Enums/ENiagaraEmitterScalabilityMode_Limited.uasset" 4220
"../../Plugins/FX/Niagara/Content/Enums/ENiagaraExpansionMode.uasset" 4221
"../../Plugins/FX/Niagara/Content/Enums/ENiagaraInactiveMode.uasset" 4222
"../../Plugins/FX/Niagara/Content/Enums/ENiagaraRandomnessEvaluation.uasset" 4223
"../../Plugins/FX/Niagara/Content/Enums/ENiagaraRandomnessMode.uasset" 4224
"../../Plugins/FX/Niagara/Content/Enums/ENiagaraScaleColorMode.uasset" 4225
"../../Plugins/FX/Niagara/Content/Enums/ENiagaraShapeTorusMode.uasset" 4226
"../../Plugins/FX/Niagara/Content/Enums/ENiagaraSphereDistributionMode.uasset" 4227
"../../Plugins/FX/Niagara/Content/Enums/ENiagaraSystemInactiveMode.uasset" 4228
"../../Plugins/FX/Niagara/Content/Enums/ENiagaraTorusDistributionMode.uasset" 4229
"../../Plugins/FX/Niagara/Content/Enums/Location/ENiagara_BoxPlaneMode.uasset" 4230
"../../Plugins/FX/Niagara/Content/Enums/Location/ENiagara_ConeMode.uasset" 4231
"../../Plugins/FX/Niagara/Content/Enums/Location/ENiagara_CylinderMode.uasset" 4232
"../../Plugins/FX/Niagara/Content/Enums/Location/ENiagara_LocationShapes.uasset" 4233
"../../Plugins/FX/Niagara/Content/Enums/Location/ENiagaraRingDiscMode.uasset" 4234
"../../Plugins/FX/Niagara/Content/Enums/Ribbons/ENiagara_UnsetDirectSet.uasset" 4235
"../../Plugins/FX/Niagara/Content/Enums/Ribbons/ENiagara_UnsetDirectSetRandom.uasset" 4236
"../../Plugins/FX/Niagara/Content/Enums/Transforms/ENiagara_OffsetMode.uasset" 4237
"../../Plugins/FX/Niagara/Content/Enums/Transforms/ENiagara_RotationMode.uasset" 4238
"../../Plugins/FX/Niagara/Content/Enums/Transforms/ENiagara_ScaleMode.uasset" 4239
"../../Plugins/FX/Niagara/Content/Enums/Transforms/ENiagara_TransformOrder.uasset" 4240
"../../Plugins/FX/Niagara/Content/Enums/Transforms/ENiagara_TransformType.uasset" 4241
"../../Plugins/FX/Niagara/Content/Functions/V2/CalculateRandomRangeFloat.uasset" 4242
"../../Plugins/FX/Niagara/Content/Functions/V2/CalculateRandomRange.uasset" 4243
"../../Plugins/FX/Niagara/Content/Functions/Emitter/EmitterChangeState.uasset" 4244
"../../Plugins/FX/Niagara/Content/Icons/Modules/T_Icon_Scalability_Emitter.uasset" 4245
"../../Plugins/FX/Niagara/Content/Icons/Modules/T_Icon_Scalability_System.uasset" 4246
"../../Plugins/FX/Niagara/Content/Functions/RandomRangeFloat.uasset" 4247
"../../Plugins/FX/Niagara/Content/Functions/DirectionAndLengthSafe.uasset" 4248
"../../Plugins/FX/Niagara/Content/Functions/Drag/DragVelocity.uasset" 4249
"../../Plugins/FX/Niagara/Content/Functions/Math/CentimeterMeterConversion.uasset" 4250
"../../Plugins/FX/Niagara/Content/Functions/Rotation/MultiplyVectorWithQuaternion.uasset" 4251
"../../Plugins/FX/Niagara/Content/Modules/Solvers/ApplyRotationVector.uasset" 4252
"../../Plugins/FX/Niagara/Content/Icons/Modules/T_Icon_Solver_LimitAccel.uasset" 4253
"../../Plugins/FX/Niagara/Content/Icons/Modules/T_Icon_Solver_LimitSpeed.uasset" 4254
"../../Plugins/FX/Niagara/Content/Icons/Modules/T_Icon_Solver_RotationalSolve.uasset" 4255
"../../Plugins/FX/Niagara/Content/Functions/LinearColor/HueShiftLinearColor.uasset" 4256
"../../Plugins/FX/Niagara/Content/Functions/Localspace/SimulationPosition.uasset" 4257
"../../Plugins/FX/Niagara/Content/Functions/Localspace/TransformVector.uasset" 4258
"../../Plugins/FX/Niagara/Content/Functions/V2/CalculateRandomBool.uasset" 4259
"../../Plugins/FX/Niagara/Content/Functions/V2/CalculateRandomRangeInteger.uasset" 4260
"../../Plugins/FX/Niagara/Content/Functions/Localspace/TransformPosition.uasset" 4261
"../../Plugins/FX/Niagara/Content/Functions/Math/CalculateRandomPointInConeSphereIntersection.uasset" 4262
"../../Plugins/FX/Niagara/Content/Functions/Math/SaturateFloat.uasset" 4263
"../../Plugins/FX/Niagara/Content/Functions/NormalizedExecutionIndex.uasset" 4264
"../../Plugins/FX/Niagara/Content/Functions/ParametricTorus.uasset" 4265
"../../Plugins/FX/Niagara/Content/Functions/ParametricTorusKnot.uasset" 4266
"../../Plugins/FX/Niagara/Content/Functions/PolarToCartesianCoordinates.uasset" 4267
"../../Plugins/FX/Niagara/Content/Functions/RandomPointInBox.uasset" 4268
"../../Plugins/FX/Niagara/Content/Functions/Rotation/AngleUnitConverter.uasset" 4269
"../../Plugins/FX/Niagara/Content/Functions/Rotation/RotateVector2D.uasset" 4270
"../../Plugins/FX/Niagara/Content/Functions/Rotation/TransformStack/TransformStack_Rotation.uasset" 4271
"../../Plugins/FX/Niagara/Content/Functions/SphericalToCartesianCoordinates.uasset" 4272
"../../Plugins/FX/Niagara/Content/Functions/V2/RemapRange.uasset" 4273
"../../Plugins/FX/Niagara/Content/Functions/Rotation/AxisAngleToQuaternion.uasset" 4274
"../../Plugins/FX/Niagara/Content/Functions/Rotation/FindQuatBetween.uasset" 4275
"../../Plugins/FX/Niagara/Content/Functions/Rotation/InvertQuaternion.uasset" 4276
"../../Plugins/FX/Niagara/Content/Functions/Rotation/MakeQuaternionFrom3BasisVectors.uasset" 4277
"../../Plugins/FX/Niagara/Content/Functions/Rotation/MultiplyQuaternion.uasset" 4278
"../../Plugins/FX/Niagara/Content/Functions/Rotation/XYZRotationToQuaternion.uasset" 4279
"../../Plugins/FX/Niagara/Content/Functions/System/SystemChangeState.uasset" 4280
"../../Plugins/FX/Niagara/Content/Icons/Modules/T_Icon_Particle_InfiniteLife.uasset" 4281
"../../Plugins/FX/Niagara/Content/Functions/GetRandomInfo.uasset" 4282
"../../Plugins/FX/Niagara/Content/Functions/Localspace/TransformBase.uasset" 4283
"../../Plugins/FX/Niagara/Content/Functions/IsolateLongestVectorComponent.uasset" 4284
"../../Plugins/FX/Niagara/Content/Functions/Rotation/MatrixToQuaternion.uasset" 4285
"/Game/Kobo_ForestVillage/Meshes/SM-Water-01" 4286
"/Game/Kobo_ForestVillage/Meshes/SM-Tree-06" 4287
"/Game/Kobo_ForestVillage/Meshes/SM-Tree-05" 4288
"../../../Engine/Plugins/FX/Niagara/Content/Modules/Update/Forces/V2/CurlNoiseForce.uasset" 4289
"../../../Engine/Plugins/FX/Niagara/Content/Modules/Solvers/ApplyInitialForces.uasset" 4290
"../../../Engine/Plugins/FX/Niagara/Content/Functions/Localspace/PositionToVector.uasset" 4291
"../../../Engine/Plugins/FX/Niagara/Content/DynamicInputs/TypeConversions/MakeVector.uasset" 4292
"../../../Engine/Plugins/FX/Niagara/Content/Enums/ENiagaraVector4_Channels.uasset" 4293
"../../../Engine/Plugins/FX/Niagara/Content/Modules/Update/Forces/GravityForce.uasset" 4294
"../../../Engine/Plugins/FX/Niagara/Content/Modules/Update/Forces/Drag.uasset" 4295
"../../../Engine/Plugins/FX/Niagara/Content/Modules/Emitter/SpawnBurst_Instantaneous.uasset" 4296
"../../../Engine/Plugins/FX/Niagara/Content/Enums/ENiagaraCurlNoiseQuality.uasset" 4297
"../../../Engine/Plugins/FX/Niagara/Content/VectorFields/Assets/TilingCurl32.uasset" 4298
"C:/Users/fputi/Documents/GitHub/BuscaMines/Unreal/Content/Kobo_ForestVillage/Particles/P-ChimneySmoke.uasset" 4299
"../../../Engine/Plugins/FX/Niagara/Content/DefaultAssets/DefaultSpriteMaterial.uasset" 4300
"C:/Users/fputi/Documents/GitHub/BuscaMines/Unreal/Content/Kobo_ForestVillage/Materials/M-Particles/M-WindParticles.uasset" 4301
"../../../Engine/Content/EngineMaterials/OrientParticle.uasset" 4302
"C:/Users/fputi/Documents/GitHub/BuscaMines/Unreal/Content/Kobo_ForestVillage/Particles/P-WindTrails.uasset" 4303
"../../../Engine/Content/EngineMaterials/DefaultParticle.uasset" 4304
"../../../Engine/Content/EngineSky/C_Sky_Horizon_Color.uasset" 4305
"../../../Engine/Content/EngineSky/C_Sky_Cloud_Color.uasset" 4306
"../../../Engine/Content/EngineSky/C_Sky_Zenith_Color.uasset" 4307
"../../../Engine/Content/EngineSky/T_Sky_Blue.uasset" 4308
"../../../Engine/Content/EngineSky/T_Sky_Clouds_M.uasset" 4309
"../../../Engine/Content/EngineSky/M_Sky_Panning_Clouds2.uasset" 4310
"../../../Engine/Content/EngineSky/T_Sky_Stars.uasset" 4311
"../../../Engine/Content/EngineSky/SM_SkySphere.uasset" 4312
"../../../Engine/Content/EngineSky/BP_Sky_Sphere.uasset" 4313
"C:/Users/fputi/Documents/GitHub/BuscaMines/Unreal/Content/FP/BluePrints/Global_BP/Interfaces/BPI_Player_Initial_Position.uasset" 4314
"C:/Users/fputi/Documents/GitHub/BuscaMines/Unreal/Content/FP/Props/Kobo_ForestVillage/Textures/T-Albedo/T-A-Farm-01.uasset" 4315
"C:/Users/fputi/Documents/GitHub/BuscaMines/Unreal/Content/FP/Maps/menu_level.umap" 4316
"/Niagara/Modules/Update/Forces/Drag" 4317
"/Niagara/Modules/Update/Forces/GravityForce" 4318
"/Niagara/DynamicInputs/TypeConversions/MakeVector" 4319
"/Niagara/Modules/Solvers/ApplyInitialForces" 4320
"/Niagara/Functions/Localspace/PositionToVector" 4321
"/Niagara/VectorFields/Assets/TilingCurl64" 4322
"/Niagara/VectorFields/Assets/TilingCurl16" 4323
"/Niagara/Functions/V2/ConeMask" 4324
"C:/Users/fputi/Documents/GitHub/BuscaMines/Unreal/Content/FP/Props/Kobo_ForestVillage/Textures/T-Normal/T-N-Farm-01.uasset" 4325
"C:/Users/fputi/Documents/GitHub/BuscaMines/Unreal/Content/FP/Props/Kobo_ForestVillage/Materials/M-Instances/MI-Farm-01.uasset" 4326
"C:/Users/fputi/Documents/GitHub/BuscaMines/Unreal/Content/FP/Props/Kobo_ForestVillage/Meshes/SM-Farm-01.uasset" 4327
"C:/Users/fputi/Documents/GitHub/BuscaMines/Unreal/Content/FP/Props/Kobo_ForestVillage/Textures/T-Normal/T-N-Farm-02.uasset" 4328
"C:/Users/fputi/Documents/GitHub/BuscaMines/Unreal/Content/FP/Props/Kobo_ForestVillage/Materials/M-Instances/MI-Farm-02.uasset" 4329
"C:/Users/fputi/Documents/GitHub/BuscaMines/Unreal/Content/FP/Props/Kobo_ForestVillage/Textures/T-Albedo/T-A-Farm-02.uasset" 4330
"C:/Users/fputi/Documents/GitHub/BuscaMines/Unreal/Content/FP/Props/Kobo_ForestVillage/Meshes/SM-Farm-02.uasset" 4331
"/Game/FP/Props/Kobo_ForestVillage/Textures/T-Albedo/T-A-Farm-01" 4332
"C:/Users/fputi/Documents/GitHub/BuscaMines/Unreal/Content/FP/Props/Kobo_ForestVillage/Textures/T-Albedo/T-A-Fence-01.uasset" 4333
"C:/Users/fputi/Documents/GitHub/BuscaMines/Unreal/Content/FP/Props/Kobo_ForestVillage/Textures/T-Normal/T-N-Fence-01.uasset" 4334
"C:/Users/fputi/Documents/GitHub/BuscaMines/Unreal/Content/FP/Props/Kobo_ForestVillage/Materials/M-Instances/MI-Fence-01.uasset" 4335
"/Game/FP/BluePrints/Global_BP/Interfaces/BPI_Player_Initial_Position" 4336
"/Game/FP/Maps/menu_level" 4337
"../../../../../../Users/fputi/Documents/GitHub/BuscaMines/Unreal/Content/FP/Maps/menu_level.umap" 4338
"/Game/FP/Props/Kobo_ForestVillage/Textures/T-Normal/T-N-Farm-01" 4339
"C:/Users/fputi/Documents/GitHub/BuscaMines/Unreal/Content/FP/Props/Kobo_ForestVillage/Meshes/SM-Fence-01.uasset" 4340
"C:/Users/fputi/Documents/GitHub/BuscaMines/Unreal/Content/FP/Props/Kobo_ForestVillage/Textures/T-Albedo/T-A-Fence-02.uasset" 4341
"C:/Users/fputi/Documents/GitHub/BuscaMines/Unreal/Content/FP/Props/Kobo_ForestVillage/Textures/T-Normal/T-N-Fence-02.uasset" 4342
"C:/Users/fputi/Documents/GitHub/BuscaMines/Unreal/Content/FP/Props/Kobo_ForestVillage/Materials/M-Instances/MI-Fence-02.uasset" 4343
"C:/Users/fputi/Documents/GitHub/BuscaMines/Unreal/Content/FP/Props/Kobo_ForestVillage/Meshes/SM-Fence-02.uasset" 4344
"/Game/FP/Props/Kobo_ForestVillage/Materials/M-Instances/MI-Fence-01" 4345
"C:/Users/fputi/Documents/GitHub/BuscaMines/Unreal/Content/FP/Props/Kobo_ForestVillage/Textures/T-Albedo/T-A-House-01-04.uasset" 4346
"C:/Users/fputi/Documents/GitHub/BuscaMines/Unreal/Content/FP/Props/Kobo_ForestVillage/Textures/T-Normal/T-N-House-01-04.uasset" 4347
"C:/Users/fputi/Documents/GitHub/BuscaMines/Unreal/Content/FP/Props/Kobo_ForestVillage/Materials/M-Instances/MI-House-01-04.uasset" 4348
"C:/Users/fputi/Documents/GitHub/BuscaMines/Unreal/Content/FP/Props/Kobo_ForestVillage/Materials/M-Instances/MI-House-01-03.uasset" 4349
"C:/Users/fputi/Documents/GitHub/BuscaMines/Unreal/Content/FP/Props/Kobo_ForestVillage/Textures/T-Normal/T-N-House-01-03.uasset" 4350
"C:/Users/fputi/Documents/GitHub/BuscaMines/Unreal/Content/FP/Props/Kobo_ForestVillage/Textures/T-Albedo/T-A-House-01-02.uasset" 4351
"C:/Users/fputi/Documents/GitHub/BuscaMines/Unreal/Content/FP/Props/Kobo_ForestVillage/Textures/T-Albedo/T-A-House-01-03.uasset" 4352
"C:/Users/fputi/Documents/GitHub/BuscaMines/Unreal/Content/FP/Props/Kobo_ForestVillage/Textures/T-Normal/T-N-House-01-02.uasset" 4353
"C:/Users/fputi/Documents/GitHub/BuscaMines/Unreal/Content/FP/Props/Kobo_ForestVillage/Materials/M-Instances/MI-House-01-02.uasset" 4354
"C:/Users/fputi/Documents/GitHub/BuscaMines/Unreal/Content/FP/Props/Kobo_ForestVillage/Textures/T-Albedo/T-A-House-01-01.uasset" 4355
"C:/Users/fputi/Documents/GitHub/BuscaMines/Unreal/Content/FP/Props/Kobo_ForestVillage/Textures/T-Normal/T-N-House-01-01.uasset" 4356
"C:/Users/fputi/Documents/GitHub/BuscaMines/Unreal/Content/FP/Props/Kobo_ForestVillage/Materials/M-Instances/MI-House-01-01.uasset" 4357
"C:/Users/fputi/Documents/GitHub/BuscaMines/Unreal/Content/FP/Props/Kobo_ForestVillage/Textures/T-Albedo/T-A-House-02-04.uasset" 4358
"C:/Users/fputi/Documents/GitHub/BuscaMines/Unreal/Content/FP/Props/Kobo_ForestVillage/Meshes/SM-House-01.uasset" 4359
"../../../../../../Users/fputi/Documents/GitHub/BuscaMines/Unreal/Content/FP/Props/Kobo_ForestVillage/Materials/M-Master/M-ClayMaster.uasset" 4360
"C:/Users/fputi/Documents/GitHub/BuscaMines/Unreal/Content/FP/Props/Kobo_ForestVillage/Textures/T-Normal/T-N-House-02-04.uasset" 4361
"C:/Users/fputi/Documents/GitHub/BuscaMines/Unreal/Content/FP/Props/Kobo_ForestVillage/Materials/M-Instances/MI-House-02-04.uasset" 4362
"C:/Users/fputi/Documents/GitHub/BuscaMines/Unreal/Content/FP/Props/Kobo_ForestVillage/Textures/T-Albedo/T-A-House-02-03.uasset" 4363
"C:/Users/fputi/Documents/GitHub/BuscaMines/Unreal/Content/FP/Props/Kobo_ForestVillage/Textures/T-Normal/T-N-House-02-03.uasset" 4364
"../../../../../../Users/fputi/Documents/GitHub/BuscaMines/Unreal/Content/FP/Props/Kobo_ForestVillage/Materials/MPC-WindSettings.uasset" 4365
"../../../../../../Users/fputi/Documents/GitHub/BuscaMines/Unreal/Content/FP/Props/Kobo_ForestVillage/Textures/T-Albedo/T-A-Blank-01.uasset" 4366
"../../../../../../Users/fputi/Documents/GitHub/BuscaMines/Unreal/Content/FP/Props/Kobo_ForestVillage/Textures/T-Normal/T-N-Blank.uasset" 4367
"/Game/FP/Props/Kobo_ForestVillage/Meshes/SM-Farm-02" 4368
"/Game/FP/Props/Kobo_ForestVillage/Meshes/SM-Farm-01" 4369
"C:/Users/fputi/Documents/GitHub/BuscaMines/Unreal/Content/FP/Props/Kobo_ForestVillage/Textures/T-Normal/T-N-House-02-02.uasset" 4370
"C:/Users/fputi/Documents/GitHub/BuscaMines/Unreal/Content/FP/Props/Kobo_ForestVillage/Materials/M-Instances/MI-House-02-03.uasset" 4371
"C:/Users/fputi/Documents/GitHub/BuscaMines/Unreal/Content/FP/Props/Kobo_ForestVillage/Textures/T-Albedo/T-A-House-02-02.uasset" 4372
"C:/Users/fputi/Documents/GitHub/BuscaMines/Unreal/Content/FP/Props/Kobo_ForestVillage/Materials/M-Instances/MI-House-02-02.uasset" 4373
"C:/Users/fputi/Documents/GitHub/BuscaMines/Unreal/Content/FP/Props/Kobo_ForestVillage/Textures/T-Albedo/T-A-House-02-01.uasset" 4374
"/Game/FP/Props/Kobo_ForestVillage/Textures/T-Normal/T-N-House-02-03" 4375
"C:/Users/fputi/Documents/GitHub/BuscaMines/Unreal/Content/FP/Props/Kobo_ForestVillage/Materials/M-Instances/MI-House-02-01.uasset" 4376
"C:/Users/fputi/Documents/GitHub/BuscaMines/Unreal/Content/FP/Props/Kobo_ForestVillage/Meshes/SM-House-02.uasset" 4377
"C:/Users/fputi/Documents/GitHub/BuscaMines/Unreal/Content/FP/Props/Kobo_ForestVillage/Textures/T-Normal/T-N-House-02-01.uasset" 4378
"C:/Users/fputi/Documents/GitHub/BuscaMines/Unreal/Content/FP/Props/Kobo_ForestVillage/Textures/T-Albedo/T-A-House-03-04.uasset" 4379
"/Game/FP/Props/Kobo_ForestVillage/Textures/T-Albedo/T-A-House-02-03" 4380
"/Game/FP/Props/Kobo_ForestVillage/Materials/M-Instances/MI-House-02-04" 4381
"/Game/FP/Props/Kobo_ForestVillage/Meshes/SM-House-01" 4382
"../../../../../../Users/fputi/Documents/GitHub/BuscaMines/Unreal/Content/FP/Props/Kobo_ForestVillage/Materials/M-Instances/MI-Blank-02.uasset" 4383
"/Game/FP/Props/Kobo_ForestVillage/Meshes/SM-Fence-02" 4384
"/Game/FP/Props/Kobo_ForestVillage/Meshes/SM-Fence-01" 4385
"C:/Users/fputi/Documents/GitHub/BuscaMines/Unreal/Content/FP/Props/Kobo_ForestVillage/Textures/T-Normal/T-N-House-03-04.uasset" 4386
"C:/Users/fputi/Documents/GitHub/BuscaMines/Unreal/Content/FP/Props/Kobo_ForestVillage/Materials/M-Instances/MI-House-03-04.uasset" 4387
"C:/Users/fputi/Documents/GitHub/BuscaMines/Unreal/Content/FP/Props/Kobo_ForestVillage/Textures/T-Normal/T-N-House-03-03.uasset" 4388
"C:/Users/fputi/Documents/GitHub/BuscaMines/Unreal/Content/FP/Props/Kobo_ForestVillage/Materials/M-Instances/MI-House-03-03.uasset" 4389
"C:/Users/fputi/Documents/GitHub/BuscaMines/Unreal/Content/FP/Props/Kobo_ForestVillage/Textures/T-Albedo/T-A-House-03-03.uasset" 4390
"/Game/FP/Props/Kobo_ForestVillage/Textures/T-Albedo/T-A-House-03-04" 4391
"C:/Users/fputi/Documents/GitHub/BuscaMines/Unreal/Content/FP/Props/Kobo_ForestVillage/Materials/M-Instances/MI-House-03-02.uasset" 4392
"C:/Users/fputi/Documents/GitHub/BuscaMines/Unreal/Content/FP/Props/Kobo_ForestVillage/Textures/T-Normal/T-N-House-03-02.uasset" 4393
"C:/Users/fputi/Documents/GitHub/BuscaMines/Unreal/Content/FP/Props/Kobo_ForestVillage/Textures/T-Albedo/T-A-House-03-01.uasset" 4394
"C:/Users/fputi/Documents/GitHub/BuscaMines/Unreal/Content/FP/Props/Kobo_ForestVillage/Textures/T-Albedo/T-A-House-03-02.uasset" 4395
"C:/Users/fputi/Documents/GitHub/BuscaMines/Unreal/Content/FP/Props/Kobo_ForestVillage/Textures/T-Normal/T-N-House-03-01.uasset" 4396
"C:/Users/fputi/Documents/GitHub/BuscaMines/Unreal/Content/FP/Props/Kobo_ForestVillage/Textures/T-Albedo/T-A-Path-02.uasset" 4397
"C:/Users/fputi/Documents/GitHub/BuscaMines/Unreal/Content/FP/Props/Kobo_ForestVillage/Materials/M-Instances/MI-House-03-01.uasset" 4398
"C:/Users/fputi/Documents/GitHub/BuscaMines/Unreal/Content/FP/Props/Kobo_ForestVillage/Textures/T-Normal/T-N-Path-02.uasset" 4399
"C:/Users/fputi/Documents/GitHub/BuscaMines/Unreal/Content/FP/Props/Kobo_ForestVillage/Materials/M-Instances/MI-Path-02.uasset" 4400
"C:/Users/fputi/Documents/GitHub/BuscaMines/Unreal/Content/FP/Props/Kobo_ForestVillage/Meshes/SM-House-03.uasset" 4401
"C:/Users/fputi/Documents/GitHub/BuscaMines/Unreal/Content/FP/Props/Kobo_ForestVillage/Meshes/SM-Path-02.uasset" 4402
"C:/Users/fputi/Documents/GitHub/BuscaMines/Unreal/Content/FP/Props/Kobo_ForestVillage/Textures/T-Albedo/T-A-Path-04.uasset" 4403
"C:/Users/fputi/Documents/GitHub/BuscaMines/Unreal/Content/FP/Props/Kobo_ForestVillage/Textures/T-Normal/T-N-Path-04.uasset" 4404
"/Game/FP/Props/Kobo_ForestVillage/Meshes/SM-House-02" 4405
"C:/Users/fputi/Documents/GitHub/BuscaMines/Unreal/Content/FP/Props/Kobo_ForestVillage/Materials/M-Instances/MI-Path-04.uasset" 4406
"C:/Users/fputi/Documents/GitHub/BuscaMines/Unreal/Content/FP/Props/Kobo_ForestVillage/Textures/T-Normal/T-N-Path-05.uasset" 4407
"C:/Users/fputi/Documents/GitHub/BuscaMines/Unreal/Content/FP/Props/Kobo_ForestVillage/Meshes/SM-Path-04.uasset" 4408
"C:/Users/fputi/Documents/GitHub/BuscaMines/Unreal/Content/FP/Props/Kobo_ForestVillage/Textures/T-Albedo/T-A-Path-05.uasset" 4409
"C:/Users/fputi/Documents/GitHub/BuscaMines/Unreal/Content/FP/Props/Kobo_ForestVillage/Materials/M-Instances/MI-Path-05.uasset" 4410
"C:/Users/fputi/Documents/GitHub/BuscaMines/Unreal/Content/FP/Props/Kobo_ForestVillage/Meshes/SM-Path-05.uasset" 4411
"C:/Users/fputi/Documents/GitHub/BuscaMines/Unreal/Content/FP/Props/Kobo_ForestVillage/Textures/T-Albedo/T-A-Path-06.uasset" 4412
"C:/Users/fputi/Documents/GitHub/BuscaMines/Unreal/Content/FP/Props/Kobo_ForestVillage/Materials/M-Instances/MI-Path-06.uasset" 4413
"C:/Users/fputi/Documents/GitHub/BuscaMines/Unreal/Content/FP/Props/Kobo_ForestVillage/Meshes/SM-Path-06.uasset" 4414
"C:/Users/fputi/Documents/GitHub/BuscaMines/Unreal/Content/FP/Props/Kobo_ForestVillage/Textures/T-Normal/T-N-Path-06.uasset" 4415
"/Game/FP/Props/Kobo_ForestVillage/Textures/T-Normal/T-N-Path-05" 4416
"C:/Users/fputi/Documents/GitHub/BuscaMines/Unreal/Content/FP/Props/Kobo_ForestVillage/Textures/T-Albedo/T-A-Pot-01.uasset" 4417
"C:/Users/fputi/Documents/GitHub/BuscaMines/Unreal/Content/FP/Props/Kobo_ForestVillage/Materials/M-Instances/MI-Pot-01.uasset" 4418
"C:/Users/fputi/Documents/GitHub/BuscaMines/Unreal/Content/FP/Props/Kobo_ForestVillage/Textures/T-Normal/T-N-Pot-01.uasset" 4419
"C:/Users/fputi/Documents/GitHub/BuscaMines/Unreal/Content/FP/Props/Kobo_ForestVillage/Meshes/SM-Pot-01.uasset" 4420
"/Game/FP/Props/Kobo_ForestVillage/Textures/T-Albedo/T-A-Path-05" 4421
"/Game/FP/Props/Kobo_ForestVillage/Meshes/SM-Path-04" 4422
"/Game/FP/Props/Kobo_ForestVillage/Meshes/SM-Path-02" 4423
"/Game/FP/Props/Kobo_ForestVillage/Meshes/SM-House-03" 4424
"/Game/FP/Props/Kobo_ForestVillage/Materials/M-Instances/MI-Path-05" 4425
"C:/Users/fputi/Documents/GitHub/BuscaMines/Unreal/Content/FP/Props/Kobo_ForestVillage/Textures/T-Albedo/T-A-Rock-01.uasset" 4426
"C:/Users/fputi/Documents/GitHub/BuscaMines/Unreal/Content/FP/Props/Kobo_ForestVillage/Meshes/SM-Rock-01.uasset" 4427
"C:/Users/fputi/Documents/GitHub/BuscaMines/Unreal/Content/FP/Props/Kobo_ForestVillage/Textures/T-Normal/T-N-Rock-01.uasset" 4428
"C:/Users/fputi/Documents/GitHub/BuscaMines/Unreal/Content/FP/Props/Kobo_ForestVillage/Textures/T-Albedo/T-A-Rock-02.uasset" 4429
"C:/Users/fputi/Documents/GitHub/BuscaMines/Unreal/Content/FP/Props/Kobo_ForestVillage/Textures/T-Normal/T-N-Rock-02.uasset" 4430
"C:/Users/fputi/Documents/GitHub/BuscaMines/Unreal/Content/FP/Props/Kobo_ForestVillage/Materials/M-Instances/MI-Rock-01.uasset" 4431
"C:/Users/fputi/Documents/GitHub/BuscaMines/Unreal/Content/FP/Props/Kobo_ForestVillage/Meshes/SM-Rock-02.uasset" 4432
"C:/Users/fputi/Documents/GitHub/BuscaMines/Unreal/Content/FP/Props/Kobo_ForestVillage/Materials/M-Instances/MI-Rock-02.uasset" 4433
"C:/Users/fputi/Documents/GitHub/BuscaMines/Unreal/Content/FP/Props/Kobo_ForestVillage/Textures/T-Albedo/T-A-Rock-03.uasset" 4434
"/Game/FP/Props/Kobo_ForestVillage/Meshes/SM-Pot-01" 4435
"C:/Users/fputi/Documents/GitHub/BuscaMines/Unreal/Content/FP/Props/Kobo_ForestVillage/Textures/T-Normal/T-N-Rock-03.uasset" 4436
"C:/Users/fputi/Documents/GitHub/BuscaMines/Unreal/Content/FP/Props/Kobo_ForestVillage/Materials/M-Instances/MI-Rock-03.uasset" 4437
"C:/Users/fputi/Documents/GitHub/BuscaMines/Unreal/Content/FP/Props/Kobo_ForestVillage/Meshes/SM-Rock-03.uasset" 4438
"C:/Users/fputi/Documents/GitHub/BuscaMines/Unreal/Content/FP/Props/Kobo_ForestVillage/Textures/T-Albedo/T-A-Rock-04.uasset" 4439
"C:/Users/fputi/Documents/GitHub/BuscaMines/Unreal/Content/FP/Props/Kobo_ForestVillage/Textures/T-Normal/T-N-Rock-04.uasset" 4440
"C:/Users/fputi/Documents/GitHub/BuscaMines/Unreal/Content/FP/Props/Kobo_ForestVillage/Materials/M-Instances/MI-Rock-04.uasset" 4441
"C:/Users/fputi/Documents/GitHub/BuscaMines/Unreal/Content/FP/Props/Kobo_ForestVillage/Meshes/SM-Rock-04.uasset" 4442
"C:/Users/fputi/Documents/GitHub/BuscaMines/Unreal/Content/FP/BluePrints/Assets_BP/Environment/BP_enviroment_level_start.uasset" 4443
"C:/Users/fputi/Documents/GitHub/BuscaMines/Unreal/Content/FP/BluePrints/Global_BP/Interfaces/BPI_PlayerStart.uasset" 4444
"C:/Users/fputi/Documents/GitHub/BuscaMines/Unreal/Content/FP/BluePrints/Global_BP/PCG/PCG_subGraph_aproach_distribution.uasset" 4445
"C:/Users/fputi/Documents/GitHub/BuscaMines/Unreal/Content/FP/BluePrints/Global_BP/PCG/PCG_subGraph_spacial_distribution.uasset" 4446
"C:/Users/fputi/Documents/GitHub/BuscaMines/Unreal/Content/FP/BluePrints/Global_BP/PCG/PCG_Forest.uasset" 4447
"C:/Users/fputi/Documents/GitHub/BuscaMines/Unreal/Content/FP/BluePrints/Global_BP/Structures/Struct_PCG_Mesh.uasset" 4448
"C:/Users/fputi/Documents/GitHub/BuscaMines/Unreal/Content/FP/Meshes/Follaje/ToonLab_follage_2/Flower1.uasset" 4449
"/Game/FP/Props/Kobo_ForestVillage/Textures/T-Normal/T-N-Rock-01" 4450
"/Game/FP/Props/Kobo_ForestVillage/Meshes/SM-Path-06" 4451
"/Game/FP/Props/Kobo_ForestVillage/Meshes/SM-Path-05" 4452
"/Game/FP/Props/Kobo_ForestVillage/Textures/T-Albedo/T-A-Rock-01" 4453
"C:/Users/fputi/Documents/GitHub/BuscaMines/Unreal/Content/FP/BluePrints/Assets_BP/BP_bounds.uasset" 4454
"C:/Users/fputi/Documents/GitHub/BuscaMines/Unreal/Content/FP/BluePrints/Assets_BP/PCG/A_PCG_Forest.uasset" 4455
"C:/Users/fputi/Documents/GitHub/BuscaMines/Unreal/Content/FP/BluePrints/Assets_BP/PCG/A_PCG_Master.uasset" 4456
"C:/Users/fputi/Documents/GitHub/BuscaMines/Unreal/Content/FP/Meshes/Follaje/ToonLab_follage_2/Flower4.uasset" 4457
"/Game/FP/BluePrints/Global_BP/PCG/PCG_subGraph_aproach_distribution" 4458
"C:/Users/fputi/Documents/GitHub/BuscaMines/Unreal/Content/FP/BluePrints/Global_BP/Managers/Enviroment/BP_Enviroment_Manager.uasset" 4459
"../../../Engine/Content/Functions/Engine_MaterialFunctions01/Texturing/BitMask.uasset" 4460
"../../../Engine/Content/Functions/Engine_MaterialFunctions01/ImageAdjustment/BlurSampleOffsets.uasset" 4461
"C:/Users/fputi/Documents/GitHub/BuscaMines/Unreal/Content/FP/Materials/Materials_Global/Master_Materials/M_Outlines.uasset" 4462
"C:/Users/fputi/Documents/GitHub/BuscaMines/Unreal/Content/FP/Textures/Textures_Global/T_Clouds_M.uasset" 4463
"C:/Users/fputi/Documents/GitHub/BuscaMines/Unreal/Content/FP/Materials/Materials_Global/Instance_Materials/MI_Outlines.uasset" 4464
"C:/Users/fputi/Documents/GitHub/BuscaMines/Unreal/Content/FP/Materials/Materials_Global/Master_Materials/M_Clouds.uasset" 4465
"/Game/FP/BluePrints/Global_BP/Interfaces/BPI_PlayerStart" 4466
"/Game/FP/BluePrints/Assets_BP/Environment/BP_enviroment_level_start" 4467
"/Game/FP/BluePrints/Global_BP/PCG/PCG_subGraph_spacial_distribution" 4468
"/Game/FP/Meshes/Follaje/ToonLab_follage_2/Flower1" 4469
"C:/Users/fputi/Documents/GitHub/BuscaMines/Unreal/Content/FP/Materials/Materials_Global/M_Basic_Wall.uasset" 4470
"../../../Engine/Content/Functions/Engine_MaterialFunctions01/Units/Km-to-Cm.uasset" 4471
"C:/Users/fputi/Documents/GitHub/BuscaMines/Unreal/Content/FP/Meshes/Floor/SM_Floor_Base.uasset" 4472
"../../../Engine/Content/EngineSky/VolumetricClouds/VT_Lightning.uasset" 4473
"../../../Engine/Content/EngineSky/VolumetricClouds/m_SimpleVolumetricCloud.uasset" 4474
"/Game/FP/BluePrints/Global_BP/PCG/PCG_Forest" 4475
"../../../Engine/Content/EngineSky/VolumetricClouds/T_CloudPattern.uasset" 4476
"../../../Engine/Content/EngineSky/VolumetricClouds/T_CloudMask.uasset" 4477
"../../../Engine/Content/EngineSky/VolumetricClouds/VT_PerlinWorley_Balanced.uasset" 4478
"../../../Engine/Content/EngineSky/VolumetricClouds/m_SimpleVolumetricCloud_Inst.uasset" 4479
"../../../Engine/Content/EngineSky/M_SimpleSkyDome.uasset" 4480
"C:/Users/fputi/Documents/GitHub/BuscaMines/Unreal/Content/FP/Maps/game_level.umap" 4481
"../../../Engine/Content/EngineSounds/Submixes/MasterEQEffectPreset.uasset" 4482
"../../../Engine/Content/EngineSounds/Submixes/MasterReverbEffectPreset.uasset" 4483
"../../../Engine/Content/EngineSounds/Submixes/MasterEQSubmixDefault.uasset" 4484
"../../../Engine/Content/EngineSounds/Submixes/MasterSubmixDefault.uasset" 4485
"../../../Engine/Content/EngineSky/VolumetricClouds/T_Profile_08.uasset" 4486
"../../../Engine/Content/EngineSounds/Submixes/MasterReverbSubmixDefault.uasset" 4487
"../../../Engine/Content/Functions/Engine_MaterialFunctions01/Texturing/FlattenNormal.uasset" 4488
"C:/Users/fputi/Documents/GitHub/BuscaMines/Unreal/Content/FP/Materials/Materials_Global/Master_Materials/M_Floor_3D.uasset" 4489
"../../../Engine/Plugins/Interchange/Assets/Content/gltf/MaterialFunctions/MF_Clearcoat.uasset" 4490
"/Game/FP/Materials/Materials_Global/Master_Materials/M_Clouds" 4491
"/Game/FP/Materials/Materials_Global/Instance_Materials/MI_Outlines" 4492
"/Game/FP/BluePrints/Global_BP/Managers/Enviroment/BP_Enviroment_Manager" 4493
"../../../Engine/Plugins/Interchange/Assets/Content/gltf/MaterialBodies/MF_ClearCoat_Body.uasset" 4494
"../../../Engine/Plugins/Interchange/Assets/Content/gltf/MaterialFunctions/MF_Emissive.uasset" 4495
"../../../Engine/Plugins/Interchange/Assets/Content/gltf/MaterialFunctions/MF_Specular.uasset" 4496
"/Engine/EngineSounds/Submixes/MasterReverbSubmixDefault" 4497
"../../../Engine/Plugins/Interchange/Assets/Content/gltf/MaterialFunctions/MF_Occlusion.uasset" 4498
"../../../Engine/Plugins/Interchange/Assets/Content/gltf/Textures/T_Anisotropy_Direction_Linear.uasset" 4499
"../../../Engine/Plugins/Interchange/Assets/Content/gltf/MaterialFunctions/MF_SpecularAnisotropy.uasset" 4500
"../../../Engine/Plugins/Interchange/Assets/Content/gltf/Textures/T_Generic_N.uasset" 4501
"../../../Engine/Plugins/Interchange/Assets/Content/gltf/MaterialFunctions/MF_ScaleNormal.uasset" 4502
"../../../Engine/Plugins/Interchange/Assets/Content/gltf/MaterialFunctions/MF_RotateNormals_TS.uasset" 4503
"../../../Engine/Plugins/Interchange/Assets/Content/gltf/MaterialFunctions/MF_Normals.uasset" 4504
"../../../Engine/Plugins/Interchange/Assets/Content/gltf/Textures/T_White_Linear.uasset" 4505
"../../../Engine/Plugins/Interchange/Assets/Content/gltf/MaterialFunctions/MF_MetallicRoughness.uasset" 4506
"/Engine/Functions/Engine_MaterialFunctions01/Texturing/FlattenNormal" 4507
"/Game/FP/Maps/game_level" 4508
"../../../../../../Users/fputi/Documents/GitHub/BuscaMines/Unreal/Content/FP/Maps/game_level.umap" 4509
"../../../Engine/Plugins/Interchange/Assets/Content/Functions/MF_IridescenceNoLUT.uasset" 4510
"../../../Engine/Plugins/Interchange/Assets/Content/gltf/MaterialFunctions/MF_IOR.uasset" 4511
"../../../Engine/Plugins/Interchange/Assets/Content/gltf/MaterialFunctions/MF_RotateV2.uasset" 4512
"../../../Engine/Plugins/Interchange/Assets/Content/gltf/MaterialFunctions/MF_Iridescence.uasset" 4513
"/InterchangeAssets/gltf/MaterialFunctions/MF_Clearcoat" 4514
"../../../Engine/Plugins/Interchange/Assets/Content/gltf/Textures/T_White_srgb.uasset" 4515
"../../../Engine/Plugins/Interchange/Assets/Content/gltf/MaterialFunctions/MF_TransformUVs.uasset" 4516
"../../../Engine/Plugins/Interchange/Assets/Content/gltf/M_ClearCoat.uasset" 4517
"../../../Engine/Plugins/Interchange/Assets/Content/gltf/MaterialFunctions/MF_BaseColor.uasset" 4518
"../../../Engine/Plugins/Interchange/Assets/Content/Functions/MF_Iridescence.uasset" 4519
"../../../Engine/Content/Functions/Engine_MaterialFunctions03/Math/RemapValueRange.uasset" 4520
"../../../Engine/Plugins/Interchange/Assets/Content/Utilities/New_LUT.uasset" 4521
"../../../Engine/Plugins/Interchange/Assets/Content/gltf/MaterialInstances/MI_ClearCoat_Opaque.uasset" 4522
"../../../Engine/Plugins/Interchange/Assets/Content/gltf/MaterialInstances/MI_ClearCoat_Mask.uasset" 4523
"../../../Engine/Plugins/Interchange/Assets/Content/gltf/MaterialInstances/MI_ClearCoat_Blend.uasset" 4524
"../../../Engine/Plugins/Interchange/Assets/Content/gltf/MaterialInstances/MI_ClearCoat_Blend_DS.uasset" 4525
"../../../Engine/Plugins/Interchange/Assets/Content/gltf/MaterialInstances/MI_ClearCoat_Mask_DS.uasset" 4526
"../../../Engine/Plugins/Interchange/Assets/Content/gltf/MaterialInstances/MI_ClearCoat_Opaque_DS.uasset" 4527
"../../../Engine/Plugins/Interchange/Assets/Content/gltf/M_Default.uasset" 4528
"../../../Engine/Plugins/Interchange/Assets/Content/gltf/MaterialBodies/MF_Default_Body.uasset" 4529
"/InterchangeAssets/gltf/MaterialFunctions/MF_MetallicRoughness" 4530
"/InterchangeAssets/gltf/MaterialFunctions/MF_Normals" 4531
"/InterchangeAssets/gltf/MaterialFunctions/MF_Occlusion" 4532
"/InterchangeAssets/gltf/MaterialFunctions/MF_SpecularAnisotropy" 4533
"../../../Engine/Plugins/Interchange/Assets/Content/gltf/MaterialInstances/MI_Default_Opaque.uasset" 4534
"../../../Engine/Plugins/Interchange/Assets/Content/gltf/MaterialInstances/MI_Default_Opaque_DS.uasset" 4535
"../../../Engine/Plugins/Interchange/Assets/Content/gltf/MaterialInstances/MI_Default_Blend.uasset" 4536
"../../../Engine/Plugins/Interchange/Assets/Content/gltf/MaterialInstances/MI_Default_Mask_DS.uasset" 4537
"../../../Engine/Plugins/Interchange/Assets/Content/gltf/MaterialInstances/MI_Default_Mask.uasset" 4538
"../../../Engine/Plugins/Interchange/Assets/Content/gltf/MaterialInstances/MI_Default_Blend_DS.uasset" 4539
"/InterchangeAssets/gltf/M_Default" 4540
"../../../Engine/Plugins/Interchange/Assets/Content/gltf/MaterialFunctions/MF_Sheen.uasset" 4541
"../../../Engine/Plugins/Interchange/Assets/Content/gltf/M_Sheen.uasset" 4542
"../../../Engine/Plugins/Interchange/Assets/Content/gltf/MaterialInstances/MI_Sheen_Opaque.uasset" 4543
"../../../Engine/Plugins/Interchange/Assets/Content/gltf/MaterialBodies/MF_Sheen_Body.uasset" 4544
"/InterchangeAssets/gltf/MaterialInstances/MI_ClearCoat_Blend_DS" 4545
"/InterchangeAssets/gltf/MaterialInstances/MI_ClearCoat_Mask_DS" 4546
"/InterchangeAssets/gltf/MaterialInstances/MI_ClearCoat_Opaque_DS" 4547
"/InterchangeAssets/gltf/MaterialInstances/MI_ClearCoat_Blend" 4548
"/InterchangeAssets/gltf/MaterialInstances/MI_ClearCoat_Mask" 4549
"/InterchangeAssets/gltf/MaterialInstances/MI_ClearCoat_Opaque" 4550
"../../../Engine/Plugins/Interchange/Assets/Content/gltf/MaterialInstances/MI_Sheen_Mask.uasset" 4551
"../../../Engine/Plugins/Interchange/Assets/Content/gltf/MaterialInstances/MI_Sheen_Blend.uasset" 4552
"../../../Engine/Plugins/Interchange/Assets/Content/gltf/MaterialInstances/MI_Sheen_Opaque_DS.uasset" 4553
"/InterchangeAssets/gltf/MaterialInstances/MI_Sheen_Opaque" 4554
"../../../Engine/Plugins/Interchange/Assets/Content/gltf/MaterialFunctions/MF_Transmission.uasset" 4555
"../../../Engine/Plugins/Interchange/Assets/Content/gltf/MaterialInstances/MI_Sheen_Mask_DS.uasset" 4556
"../../../Engine/Plugins/Interchange/Assets/Content/gltf/MaterialInstances/MI_Sheen_Blend_DS.uasset" 4557
"../../../Engine/Plugins/Interchange/Assets/Content/gltf/MaterialFunctions/MF_Temporal_Blur.uasset" 4558
"../../../Engine/Plugins/Interchange/Assets/Content/gltf/MaterialBodies/MF_Transmission_Body.uasset" 4559
"../../../Engine/Plugins/Interchange/Assets/Content/gltf/M_Transmission.uasset" 4560
"../../../Engine/Content/Functions/Engine_MaterialFunctions02/Texturing/ScreenAlignedPixelToPixelUVs.uasset" 4561
"../../../Engine/Plugins/Interchange/Assets/Content/gltf/MaterialFunctions/MF_Fresnel_DS.uasset" 4562
"../../../Engine/Plugins/Interchange/Assets/Content/gltf/MaterialInstances/MI_Transmission.uasset" 4563
"../../../Engine/Plugins/Interchange/Assets/Content/gltf/MaterialInstances/MI_Transmission_DS.uasset" 4564
"../../../Engine/Plugins/Interchange/Assets/Content/gltf/MaterialFunctions/MF_PerceivedBrightness.uasset" 4565
"../../../Engine/Plugins/Interchange/Assets/Content/gltf/MaterialFunctions/MF_SpecGlossToMetalRoughness.uasset" 4566
"../../../Engine/Plugins/Interchange/Assets/Content/gltf/MaterialFunctions/MF_MaxComponentValue.uasset" 4567
"../../../Engine/Plugins/Interchange/Assets/Content/gltf/MaterialBodies/MF_SpecularGlossiness_Body.uasset" 4568
"../../../Engine/Plugins/Interchange/Assets/Content/gltf/MaterialFunctions/MF_DiffuseSpecGloss.uasset" 4569
"../../../Engine/Content/Functions/Engine_MaterialFunctions02/Math/AddComponents.uasset" 4570
"../../../Engine/Plugins/Interchange/Assets/Content/gltf/M_SpecularGlossiness.uasset" 4571
"../../../Engine/Plugins/Interchange/Assets/Content/gltf/MaterialInstances/MI_SpecularGlossiness_Opaque.uasset" 4572
"../../../Engine/Plugins/Interchange/Assets/Content/gltf/MaterialInstances/MI_SpecularGlossiness_Mask.uasset" 4573
"/InterchangeAssets/gltf/MaterialInstances/MI_Default_Blend_DS" 4574
"/InterchangeAssets/gltf/MaterialInstances/MI_Default_Mask_DS" 4575
"/InterchangeAssets/gltf/MaterialInstances/MI_Default_Opaque_DS" 4576
"/InterchangeAssets/gltf/MaterialInstances/MI_Default_Blend" 4577
"/InterchangeAssets/gltf/MaterialInstances/MI_Default_Mask" 4578
"/InterchangeAssets/gltf/MaterialInstances/MI_Default_Opaque" 4579
"/InterchangeAssets/gltf/MaterialInstances/MI_SpecularGlossiness_Mask" 4580
"/Engine/EditorResources/EmptyActor" 4581
"../../../Engine/Content/EditorResources/EmptyActor.uasset" 4582
"../../../Engine/Plugins/Interchange/Assets/Shaders/ThinFilmFunctions.usf" 4583
"/InterchangeAssets/gltf/MaterialInstances/MI_SpecularGlossiness_Opaque" 4584
"/InterchangeAssets/gltf/MaterialInstances/MI_Transmission_DS" 4585
"/InterchangeAssets/gltf/MaterialInstances/MI_Transmission" 4586
"/InterchangeAssets/gltf/MaterialInstances/MI_Sheen_Blend_DS" 4587
"/InterchangeAssets/gltf/MaterialInstances/MI_Sheen_Mask_DS" 4588
"/InterchangeAssets/gltf/MaterialInstances/MI_Sheen_Opaque_DS" 4589
"/InterchangeAssets/gltf/MaterialInstances/MI_Sheen_Blend" 4590
"/InterchangeAssets/gltf/MaterialInstances/MI_Sheen_Mask" 4591
"../../../Engine/Plugins/Interchange/Assets/Content/gltf/MaterialInstances/MI_SpecularGlossiness_Blend.uasset" 4592
"../../../Engine/Plugins/Interchange/Assets/Content/gltf/MaterialInstances/MI_SpecularGlossiness_Opaque_DS.uasset" 4593
"../../../Engine/Plugins/Interchange/Assets/Content/gltf/MaterialInstances/MI_SpecularGlossiness_Mask_DS.uasset" 4594
"../../../Engine/Plugins/Interchange/Assets/Content/gltf/MaterialInstances/MI_SpecularGlossiness_Blend_DS.uasset" 4595
"/InterchangeAssets/gltf/MaterialInstances/MI_SpecularGlossiness_Blend_DS" 4596
"/InterchangeAssets/gltf/MaterialInstances/MI_SpecularGlossiness_Mask_DS" 4597
"/InterchangeAssets/gltf/MaterialInstances/MI_SpecularGlossiness_Opaque_DS" 4598
"/InterchangeAssets/gltf/MaterialInstances/MI_SpecularGlossiness_Blend" 4599
"../../../Engine/Plugins/Interchange/Assets/Content/Functions/MX_Transmission.uasset" 4600
"../../../Engine/Content/Functions/Engine_MaterialFunctions01/Volumetrics/BeersLaw.uasset" 4601
"../../../Engine/Content/Functions/Substrate/MF_SchlickInternal.uasset" 4602
"../../../Engine/Plugins/Interchange/Assets/Content/Functions/MF_OrenNayerView.uasset" 4603
"../../../Engine/Plugins/Interchange/Assets/Content/Functions/MX_TransmissionSurface.uasset" 4604
"../../../Engine/Plugins/Interchange/Assets/Content/gltf/MaterialBodies/MF_Unlit_Body.uasset" 4605
"../../../Engine/Plugins/Interchange/Assets/Content/Functions/MX_StandardSurface.uasset" 4606
"../../../Engine/Plugins/Interchange/Assets/Content/Functions/MX_OpenPBR_Translucent.uasset" 4607
"../../../Engine/Plugins/Interchange/Assets/Content/gltf/M_Unlit.uasset" 4608
"../../../Engine/Plugins/Interchange/Assets/Content/gltf/MaterialInstances/MI_Unlit_Opaque.uasset" 4609
"../../../Engine/Plugins/Interchange/Assets/Content/gltf/MaterialInstances/MI_Unlit_Opaque_DS.uasset" 4610
"../../../Engine/Plugins/Interchange/Assets/Content/gltf/MaterialInstances/MI_Unlit_Mask.uasset" 4611
"../../../Engine/Plugins/Interchange/Assets/Content/gltf/MaterialInstances/MI_Unlit_Blend.uasset" 4612
"../../../Engine/Plugins/Interchange/Assets/Content/gltf/MaterialInstances/MI_Unlit_Mask_DS.uasset" 4613
"../../../Engine/Plugins/Interchange/Assets/Content/gltf/MaterialInstances/MI_Unlit_Blend_DS.uasset" 4614
"/InterchangeAssets/gltf/MaterialInstances/MI_Unlit_Blend_DS" 4615
"/InterchangeAssets/gltf/MaterialInstances/MI_Unlit_Mask_DS" 4616
"/InterchangeAssets/gltf/MaterialInstances/MI_Unlit_Opaque_DS" 4617
"/InterchangeAssets/gltf/MaterialInstances/MI_Unlit_Blend" 4618
"/InterchangeAssets/gltf/MaterialInstances/MI_Unlit_Mask" 4619
"/InterchangeAssets/gltf/MaterialInstances/MI_Unlit_Opaque" 4620
"/InterchangeAssets/Functions/MX_OpenPBR_Translucent" 4621
"../../../Engine/Plugins/Interchange/Assets/Content/Functions/MX_OpenPBR_Opaque.uasset" 4622
"../../../Engine/Plugins/Animation/ControlRig/Content/Controls/ControlRig_Arrow2_1mm.uasset" 4623
"../../../Engine/Plugins/Animation/ControlRig/Content/Controls/ControlRig_Arrow2_3mm.uasset" 4624
"../../../Engine/Plugins/Animation/ControlRig/Content/Controls/ControlRig_Sphere_solid.uasset" 4625
"../../../Engine/Plugins/Animation/ControlRig/Content/Controls/ControlRig_Arrow2_solid.uasset" 4626
"../../../Engine/Plugins/Animation/ControlRig/Content/Controls/ControlRig_Arrow4_solid.uasset" 4627
"../../../Engine/Plugins/Animation/ControlRig/Content/Controls/ControlRig_Arrow4_3mm.uasset" 4628
"../../../Engine/Plugins/Animation/ControlRig/Content/Controls/ControlRig_Arrow4_1mm.uasset" 4629
"../../../Engine/Plugins/Animation/ControlRig/Content/Controls/ControlRig_Arrow_1mm.uasset" 4630
"/ControlRig/Controls/ControlRig_Arrow_1mm" 4631
"/ControlRig/Controls/ControlRig_Arrow4_solid" 4632
"/ControlRig/Controls/ControlRig_Arrow4_3mm" 4633
"/ControlRig/Controls/ControlRig_Arrow4_1mm" 4634
"/ControlRig/Controls/ControlRig_Arrow2_solid" 4635
"/ControlRig/Controls/ControlRig_Arrow2_3mm" 4636
"/ControlRig/Controls/ControlRig_Arrow2_1mm" 4637
"/ControlRig/Controls/ControlRig_Sphere_solid" 4638
"/InterchangeAssets/Functions/MX_OpenPBR_Opaque" 4639
"../../../Engine/Plugins/Animation/ControlRig/Content/Controls/ControlRig_Arrow_solid.uasset" 4640
"../../../Engine/Plugins/Animation/ControlRig/Content/Controls/ControlRig_Arrow_3mm.uasset" 4641
"../../../Engine/Plugins/Animation/ControlRig/Content/Controls/ControlRig_Box_1mm.uasset" 4642
"../../../Engine/Plugins/Animation/ControlRig/Content/Controls/ControlRig_Box_solid.uasset" 4643
"../../../Engine/Plugins/Animation/ControlRig/Content/Controls/ControlRig_Box_3mm.uasset" 4644
"../../../Engine/Plugins/Animation/ControlRig/Content/Controls/ControlRig_Circle_1mm.uasset" 4645
"../../../Engine/Plugins/Animation/ControlRig/Content/Controls/ControlRig_Circle_solid.uasset" 4646
"../../../Engine/Plugins/Animation/ControlRig/Content/Controls/ControlRig_Circle_3mm.uasset" 4647
"../../../Engine/Plugins/Animation/ControlRig/Content/Controls/ControlRig_Diamond_1mm.uasset" 4648
"../../../Engine/Plugins/Animation/ControlRig/Content/Controls/ControlRig_Diamond_3mm.uasset" 4649
"../../../Engine/Plugins/Animation/ControlRig/Content/Controls/ControlRig_Diamond_solid.uasset" 4650
"../../../Engine/Plugins/Animation/ControlRig/Content/Controls/ControlRig_HalfCircle_1mm.uasset" 4651
"../../../Engine/Plugins/Animation/ControlRig/Content/Controls/ControlRig_HalfCircle_solid.uasset" 4652
"../../../Engine/Plugins/Animation/ControlRig/Content/Controls/ControlRig_HalfCircle_3mm.uasset" 4653
"../../../Engine/Plugins/Animation/ControlRig/Content/Controls/ControlRig_Hexagon_3mm.uasset" 4654
"../../../Engine/Plugins/Animation/ControlRig/Content/Controls/ControlRig_Hexagon_1mm.uasset" 4655
"../../../Engine/Plugins/Animation/ControlRig/Content/Controls/ControlRig_Octagon_1mm.uasset" 4656
"../../../Engine/Plugins/Animation/ControlRig/Content/Controls/ControlRig_Hexagon_solid.uasset" 4657
"../../../Engine/Plugins/Animation/ControlRig/Content/Controls/ControlRig_Octagon_3mm.uasset" 4658
"../../../Engine/Plugins/Animation/ControlRig/Content/Controls/ControlRig_Octagon_solid.uasset" 4659
"../../../Engine/Plugins/Animation/ControlRig/Content/Controls/ControlRig_Pyramid_1mm.uasset" 4660
"../../../Engine/Plugins/Animation/ControlRig/Content/Controls/ControlRig_Pyramid_3mm.uasset" 4661
"../../../Engine/Plugins/Animation/ControlRig/Content/Controls/ControlRig_Pyramid_solid.uasset" 4662
"../../../Engine/Plugins/Animation/ControlRig/Content/Controls/ControlRig_QuarterCircle_1mm.uasset" 4663
"../../../Engine/Plugins/Animation/ControlRig/Content/Controls/ControlRig_QuarterCircle_3mm.uasset" 4664
"../../../Engine/Plugins/Animation/ControlRig/Content/Controls/ControlRig_QuarterCircle_solid.uasset" 4665
"../../../Engine/Plugins/Animation/ControlRig/Content/Controls/ControlRig_RoundedSquare_1mm.uasset" 4666
"../../../Engine/Plugins/Animation/ControlRig/Content/Controls/ControlRig_RoundedSquare_3mm.uasset" 4667
"../../../Engine/Plugins/Animation/ControlRig/Content/Controls/ControlRig_RoundedSquare_solid.uasset" 4668
"../../../Engine/Plugins/Animation/ControlRig/Content/Controls/ControlRig_RoundedTriangle_1mm.uasset" 4669
"../../../Engine/Plugins/Animation/ControlRig/Content/Controls/ControlRig_RoundedTriangle_3mm.uasset" 4670
"../../../Engine/Plugins/Animation/ControlRig/Content/Controls/ControlRig_RoundedTriangle_solid.uasset" 4671
"/ControlRig/Controls/ControlRig_Pyramid_3mm" 4672
"/ControlRig/Controls/ControlRig_Pyramid_1mm" 4673
"/ControlRig/Controls/ControlRig_Octagon_solid" 4674
"/ControlRig/Controls/ControlRig_Octagon_3mm" 4675
"/ControlRig/Controls/ControlRig_Octagon_1mm" 4676
"/ControlRig/Controls/ControlRig_RoundedTriangle_solid" 4677
"/ControlRig/Controls/ControlRig_Hexagon_solid" 4678
"/ControlRig/Controls/ControlRig_Hexagon_3mm" 4679
"/ControlRig/Controls/ControlRig_Hexagon_1mm" 4680
"/ControlRig/Controls/ControlRig_HalfCircle_solid" 4681
"/ControlRig/Controls/ControlRig_HalfCircle_3mm" 4682
"/ControlRig/Controls/ControlRig_HalfCircle_1mm" 4683
"/ControlRig/Controls/ControlRig_Diamond_solid" 4684
"/ControlRig/Controls/ControlRig_Diamond_3mm" 4685
"/ControlRig/Controls/ControlRig_Diamond_1mm" 4686
"/ControlRig/Controls/ControlRig_Circle_solid" 4687
"/ControlRig/Controls/ControlRig_Circle_3mm" 4688
"/ControlRig/Controls/ControlRig_Circle_1mm" 4689
"/ControlRig/Controls/ControlRig_Box_solid" 4690
"/ControlRig/Controls/ControlRig_RoundedTriangle_3mm" 4691
"/ControlRig/Controls/ControlRig_Box_3mm" 4692
"/ControlRig/Controls/ControlRig_RoundedTriangle_1mm" 4693
"/ControlRig/Controls/ControlRig_RoundedSquare_solid" 4694
"/ControlRig/Controls/ControlRig_RoundedSquare_3mm" 4695
"/ControlRig/Controls/ControlRig_RoundedSquare_1mm" 4696
"/ControlRig/Controls/ControlRig_QuarterCircle_solid" 4697
"/ControlRig/Controls/ControlRig_QuarterCircle_3mm" 4698
"/ControlRig/Controls/ControlRig_Box_1mm" 4699
"/ControlRig/Controls/ControlRig_QuarterCircle_1mm" 4700
"/ControlRig/Controls/ControlRig_Pyramid_solid" 4701
"/ControlRig/Controls/ControlRig_Arrow_solid" 4702
"/ControlRig/Controls/ControlRig_Arrow_3mm" 4703
"../../../Engine/Plugins/Animation/ControlRig/Content/Controls/ControlRig_Sphere_1mm.uasset" 4704
"../../../Engine/Plugins/Animation/ControlRig/Content/Controls/ControlRig_Sphere_3mm.uasset" 4705
"../../../Engine/Plugins/Animation/ControlRig/Content/Controls/ControlRig_Square_3mm.uasset" 4706
"../../../Engine/Plugins/Animation/ControlRig/Content/Controls/ControlRig_Square_1mm.uasset" 4707
"../../../Engine/Plugins/Animation/ControlRig/Content/Controls/ControlRig_Square_solid.uasset" 4708
"../../../Engine/Plugins/Animation/ControlRig/Content/Controls/ControlRig_Star4_1mm.uasset" 4709
"../../../Engine/Plugins/Animation/ControlRig/Content/Controls/ControlRig_Star4_3mm.uasset" 4710
"../../../Engine/Plugins/Animation/ControlRig/Content/Controls/ControlRig_Star4_solid.uasset" 4711
"../../../Engine/Plugins/Animation/ControlRig/Content/Controls/ControlRig_Triangle_1mm.uasset" 4712
"../../../Engine/Plugins/Animation/ControlRig/Content/Controls/ControlRig_Triangle_3mm.uasset" 4713
"../../../Engine/Plugins/Animation/ControlRig/Content/Controls/ControlRig_Triangle_solid.uasset" 4714
"../../../Engine/Plugins/Animation/ControlRig/Content/Controls/ControlRig_Wedge_1mm.uasset" 4715
"../../../Engine/Plugins/Animation/ControlRig/Content/Controls/ControlRig_Wedge_3mm.uasset" 4716
"../../../Engine/Plugins/Animation/ControlRig/Content/Controls/ControlRig_Wedge_solid.uasset" 4717
"../../../Engine/Content/Maps/Entry_BuiltData.uasset" 4718
"../../../Engine/Content/Maps/Entry.umap" 4719
"/Engine/Maps/Entry" 4720
"/ControlRig/Controls/ControlRig_Wedge_solid" 4721
"/ControlRig/Controls/ControlRig_Wedge_3mm" 4722
"/ControlRig/Controls/ControlRig_Wedge_1mm" 4723
"/ControlRig/Controls/ControlRig_Triangle_solid" 4724
"/ControlRig/Controls/ControlRig_Triangle_3mm" 4725
"/ControlRig/Controls/ControlRig_Triangle_1mm" 4726
"/ControlRig/Controls/ControlRig_Star4_solid" 4727
"/ControlRig/Controls/ControlRig_Star4_3mm" 4728
"/ControlRig/Controls/ControlRig_Star4_1mm" 4729
"/ControlRig/Controls/ControlRig_Square_solid" 4730
"/ControlRig/Controls/ControlRig_Square_3mm" 4731
"/ControlRig/Controls/ControlRig_Square_1mm" 4732
"/ControlRig/Controls/ControlRig_Sphere_3mm" 4733
"/ControlRig/Controls/ControlRig_Sphere_1mm" 4734
"../../../Engine/Content/EditorMaterials/PreviewShadowIndicator.uasset" 4735
"../../../Engine/Content/EngineMaterials/Substrate/GLints/dict_16_192_64_0p5_0p02_0000_0002.uasset" 4736
"../../../Engine/Content/EngineMaterials/Substrate/GLints/dict_16_192_64_0p5_0p02_0000_0000.uasset" 4737
"../../../Engine/Content/EditorMaterials/PreviewShadowIndicatorMaterial.uasset" 4738
"../../../Engine/Content/EngineMaterials/Substrate/GLints/dict_16_192_64_0p5_0p02_0000_0003.uasset" 4739
"../../../Engine/Content/EngineMaterials/Substrate/GLints/dict_16_192_64_0p5_0p02_0000_0004.uasset" 4740
"../../../Engine/Content/EngineMaterials/Substrate/GLints/dict_16_192_64_0p5_0p02_0000_0005.uasset" 4741
"../../../Engine/Content/EngineMaterials/Substrate/GLints/dict_16_192_64_0p5_0p02_0000_0001.uasset" 4742
"../../../Engine/Content/EngineMaterials/Substrate/GLints/dict_16_192_64_0p5_0p02_0000_0006.uasset" 4743
"../../../Engine/Content/EngineMaterials/Substrate/GLints/dict_16_192_64_0p5_0p02_0000_0007.uasset" 4744
"../../../Engine/Content/EngineMaterials/Substrate/GLints/dict_16_192_64_0p5_0p02_0000_0009.uasset" 4745
"../../../Engine/Content/EngineMaterials/Substrate/GLints/dict_16_192_64_0p5_0p02_0000_0008.uasset" 4746
"../../../Engine/Content/EngineMaterials/Substrate/GLints/dict_16_192_64_0p5_0p02_0000_0010.uasset" 4747
"../../../Engine/Content/EngineMaterials/Substrate/GLints/dict_16_192_64_0p5_0p02_0000_0011.uasset" 4748
"../../../Engine/Content/EngineMaterials/Substrate/GLints/dict_16_192_64_0p5_0p02_0000_0012.uasset" 4749
"../../../Engine/Content/EngineMaterials/Substrate/GLints/dict_16_192_64_0p5_0p02_0000_0013.uasset" 4750
"../../../Engine/Content/EngineMaterials/Substrate/GLints/dict_16_192_64_0p5_0p02_0000_0014.uasset" 4751
"../../../Engine/Content/EngineMaterials/Substrate/GLints/dict_16_192_64_0p5_0p02_0000_0015.uasset" 4752
"../../../Engine/Content/EngineMaterials/Substrate/GLints/dict_16_192_64_0p5_0p02_0001_0000.uasset" 4753
"../../../Engine/Content/EngineMaterials/Substrate/GLints/dict_16_192_64_0p5_0p02_0001_0001.uasset" 4754
"../../../Engine/Content/EngineMaterials/Substrate/GLints/dict_16_192_64_0p5_0p02_0001_0002.uasset" 4755
"../../../Engine/Content/EngineMaterials/Substrate/GLints/dict_16_192_64_0p5_0p02_0001_0003.uasset" 4756
"../../../Engine/Content/EngineMaterials/Substrate/GLints/dict_16_192_64_0p5_0p02_0001_0004.uasset" 4757
"../../../Engine/Content/EngineMaterials/Substrate/GLints/dict_16_192_64_0p5_0p02_0001_0005.uasset" 4758
"../../../Engine/Content/EngineMaterials/Substrate/GLints/dict_16_192_64_0p5_0p02_0001_0006.uasset" 4759
"../../../Engine/Content/EngineMaterials/Substrate/GLints/dict_16_192_64_0p5_0p02_0001_0007.uasset" 4760
"../../../Engine/Content/EngineMaterials/Substrate/GLints/dict_16_192_64_0p5_0p02_0001_0008.uasset" 4761
"../../../Engine/Content/EngineMaterials/Substrate/GLints/dict_16_192_64_0p5_0p02_0001_0009.uasset" 4762
"../../../Engine/Content/EngineMaterials/Substrate/GLints/dict_16_192_64_0p5_0p02_0001_0010.uasset" 4763
"../../../Engine/Content/EngineMaterials/Substrate/GLints/dict_16_192_64_0p5_0p02_0001_0011.uasset" 4764
"../../../Engine/Content/EngineMaterials/Substrate/GLints/dict_16_192_64_0p5_0p02_0001_0012.uasset" 4765
"../../../Engine/Content/EngineMaterials/Substrate/GLints/dict_16_192_64_0p5_0p02_0001_0013.uasset" 4766
"/Engine/EngineMaterials/Substrate/GLints/dict_16_192_64_0p5_0p02_0001_0013" 4767
"/Engine/EngineMaterials/Substrate/GLints/dict_16_192_64_0p5_0p02_0001_0012" 4768
"/Engine/EngineMaterials/Substrate/GLints/dict_16_192_64_0p5_0p02_0001_0011" 4769
"/Engine/EngineMaterials/Substrate/GLints/dict_16_192_64_0p5_0p02_0001_0010" 4770
"/Engine/EngineMaterials/Substrate/GLints/dict_16_192_64_0p5_0p02_0001_0009" 4771
"/Engine/EngineMaterials/Substrate/GLints/dict_16_192_64_0p5_0p02_0001_0008" 4772
"/Engine/EngineMaterials/Substrate/GLints/dict_16_192_64_0p5_0p02_0001_0007" 4773
"/Engine/EngineMaterials/Substrate/GLints/dict_16_192_64_0p5_0p02_0001_0006" 4774
"/Engine/EngineMaterials/Substrate/GLints/dict_16_192_64_0p5_0p02_0001_0005" 4775
"/Engine/EngineMaterials/Substrate/GLints/dict_16_192_64_0p5_0p02_0001_0004" 4776
"/Engine/EngineMaterials/Substrate/GLints/dict_16_192_64_0p5_0p02_0001_0003" 4777
"/Engine/EngineMaterials/Substrate/GLints/dict_16_192_64_0p5_0p02_0001_0002" 4778
"/Engine/EngineMaterials/Substrate/GLints/dict_16_192_64_0p5_0p02_0001_0001" 4779
"/Engine/EngineMaterials/Substrate/GLints/dict_16_192_64_0p5_0p02_0001_0000" 4780
"/Engine/EngineMaterials/Substrate/GLints/dict_16_192_64_0p5_0p02_0000_0015" 4781
"/Engine/EngineMaterials/Substrate/GLints/dict_16_192_64_0p5_0p02_0000_0014" 4782
"/Engine/EngineMaterials/Substrate/GLints/dict_16_192_64_0p5_0p02_0000_0013" 4783
"/Engine/EngineMaterials/Substrate/GLints/dict_16_192_64_0p5_0p02_0000_0012" 4784
"/Engine/EngineMaterials/Substrate/GLints/dict_16_192_64_0p5_0p02_0000_0011" 4785
"/Engine/EngineMaterials/Substrate/GLints/dict_16_192_64_0p5_0p02_0000_0010" 4786
"/Engine/EngineMaterials/Substrate/GLints/dict_16_192_64_0p5_0p02_0000_0009" 4787
"/Engine/EngineMaterials/Substrate/GLints/dict_16_192_64_0p5_0p02_0000_0008" 4788
"/Engine/EngineMaterials/Substrate/GLints/dict_16_192_64_0p5_0p02_0000_0007" 4789
"/Engine/EngineMaterials/Substrate/GLints/dict_16_192_64_0p5_0p02_0000_0006" 4790
"/Engine/EngineMaterials/Substrate/GLints/dict_16_192_64_0p5_0p02_0000_0005" 4791
"/Engine/EngineMaterials/Substrate/GLints/dict_16_192_64_0p5_0p02_0000_0004" 4792
"/Engine/EngineMaterials/Substrate/GLints/dict_16_192_64_0p5_0p02_0000_0003" 4793
"/Engine/EngineMaterials/Substrate/GLints/dict_16_192_64_0p5_0p02_0000_0002" 4794
"/Engine/EngineMaterials/Substrate/GLints/dict_16_192_64_0p5_0p02_0000_0001" 4795
"/Engine/EngineMaterials/Substrate/GLints/dict_16_192_64_0p5_0p02_0000_0000" 4796
"/Engine/EditorMaterials/PreviewShadowIndicatorMaterial" 4797
"../../../Engine/Content/EngineMaterials/Substrate/GLints/dict_16_192_64_0p5_0p02_0001_0015.uasset" 4798
"../../../Engine/Content/EngineMaterials/Substrate/GLints/dict_16_192_64_0p5_0p02_0002_0000.uasset" 4799
"../../../Engine/Content/EngineMaterials/Substrate/GLints/dict_16_192_64_0p5_0p02_0001_0014.uasset" 4800
"../../../Engine/Content/EngineMaterials/Substrate/GLints/dict_16_192_64_0p5_0p02_0002_0003.uasset" 4801
"../../../Engine/Content/EngineMaterials/Substrate/GLints/dict_16_192_64_0p5_0p02_0002_0002.uasset" 4802
"../../../Engine/Content/EngineMaterials/Substrate/GLints/dict_16_192_64_0p5_0p02_0002_0001.uasset" 4803
"../../../Engine/Content/EngineMaterials/Substrate/GLints/dict_16_192_64_0p5_0p02_0002_0005.uasset" 4804
"../../../Engine/Content/EngineMaterials/Substrate/GLints/dict_16_192_64_0p5_0p02_0002_0004.uasset" 4805
"../../../Engine/Content/EngineMaterials/Substrate/GLints/dict_16_192_64_0p5_0p02_0002_0006.uasset" 4806
"../../../Engine/Content/EngineMaterials/Substrate/GLints/dict_16_192_64_0p5_0p02_0002_0008.uasset" 4807
"../../../Engine/Content/EngineMaterials/Substrate/GLints/dict_16_192_64_0p5_0p02_0002_0009.uasset" 4808
"../../../Engine/Content/EngineMaterials/Substrate/GLints/dict_16_192_64_0p5_0p02_0002_0007.uasset" 4809
"../../../Engine/Content/EngineMaterials/Substrate/GLints/dict_16_192_64_0p5_0p02_0002_0010.uasset" 4810
"../../../Engine/Content/EngineMaterials/Substrate/GLints/dict_16_192_64_0p5_0p02_0002_0011.uasset" 4811
"../../../Engine/Content/EngineMaterials/Substrate/GLints/dict_16_192_64_0p5_0p02_0002_0012.uasset" 4812
"../../../Engine/Content/EngineMaterials/Substrate/GLints/dict_16_192_64_0p5_0p02_0002_0013.uasset" 4813
"../../../Engine/Content/EngineMaterials/Substrate/GLints/dict_16_192_64_0p5_0p02_0002_0014.uasset" 4814
"../../../Engine/Content/EngineMaterials/Substrate/GLints/dict_16_192_64_0p5_0p02_0002_0015.uasset" 4815
"../../../Engine/Content/EngineMaterials/Substrate/GLints/dict_16_192_64_0p5_0p02_0003_0000.uasset" 4816
"../../../Engine/Content/EngineMaterials/Substrate/GLints/dict_16_192_64_0p5_0p02_0003_0001.uasset" 4817
"../../../Engine/Content/EngineMaterials/Substrate/GLints/dict_16_192_64_0p5_0p02_0003_0002.uasset" 4818
"../../../Engine/Content/EngineMaterials/Substrate/GLints/dict_16_192_64_0p5_0p02_0003_0003.uasset" 4819
"../../../Engine/Content/EngineMaterials/Substrate/GLints/dict_16_192_64_0p5_0p02_0003_0005.uasset" 4820
"../../../Engine/Content/EngineMaterials/Substrate/GLints/dict_16_192_64_0p5_0p02_0003_0004.uasset" 4821
"../../../Engine/Content/EngineMaterials/Substrate/GLints/dict_16_192_64_0p5_0p02_0003_0006.uasset" 4822
"../../../Engine/Content/EngineMaterials/Substrate/GLints/dict_16_192_64_0p5_0p02_0003_0007.uasset" 4823
"../../../Engine/Content/EngineMaterials/Substrate/GLints/dict_16_192_64_0p5_0p02_0003_0009.uasset" 4824
"../../../Engine/Content/EngineMaterials/Substrate/GLints/dict_16_192_64_0p5_0p02_0003_0010.uasset" 4825
"../../../Engine/Content/EngineMaterials/Substrate/GLints/dict_16_192_64_0p5_0p02_0003_0008.uasset" 4826
"../../../Engine/Content/EngineMaterials/Substrate/GLints/dict_16_192_64_0p5_0p02_0003_0011.uasset" 4827
"../../../Engine/Content/EngineMaterials/Substrate/GLints/dict_16_192_64_0p5_0p02_0003_0012.uasset" 4828
"../../../Engine/Content/EngineMaterials/Substrate/GLints/dict_16_192_64_0p5_0p02_0003_0013.uasset" 4829
"/Engine/EngineMaterials/Substrate/GLints/dict_16_192_64_0p5_0p02_0003_0013" 4830
"/Engine/EngineMaterials/Substrate/GLints/dict_16_192_64_0p5_0p02_0003_0012" 4831
"/Engine/EngineMaterials/Substrate/GLints/dict_16_192_64_0p5_0p02_0003_0011" 4832
"/Engine/EngineMaterials/Substrate/GLints/dict_16_192_64_0p5_0p02_0003_0010" 4833
"/Engine/EngineMaterials/Substrate/GLints/dict_16_192_64_0p5_0p02_0003_0009" 4834
"/Engine/EngineMaterials/Substrate/GLints/dict_16_192_64_0p5_0p02_0003_0008" 4835
"/Engine/EngineMaterials/Substrate/GLints/dict_16_192_64_0p5_0p02_0003_0007" 4836
"/Engine/EngineMaterials/Substrate/GLints/dict_16_192_64_0p5_0p02_0003_0006" 4837
"/Engine/EngineMaterials/Substrate/GLints/dict_16_192_64_0p5_0p02_0003_0005" 4838
"/Engine/EngineMaterials/Substrate/GLints/dict_16_192_64_0p5_0p02_0003_0004" 4839
"/Engine/EngineMaterials/Substrate/GLints/dict_16_192_64_0p5_0p02_0003_0003" 4840
"/Engine/EngineMaterials/Substrate/GLints/dict_16_192_64_0p5_0p02_0003_0002" 4841
"/Engine/EngineMaterials/Substrate/GLints/dict_16_192_64_0p5_0p02_0003_0001" 4842
"/Engine/EngineMaterials/Substrate/GLints/dict_16_192_64_0p5_0p02_0003_0000" 4843
"/Engine/EngineMaterials/Substrate/GLints/dict_16_192_64_0p5_0p02_0002_0015" 4844
"/Engine/EngineMaterials/Substrate/GLints/dict_16_192_64_0p5_0p02_0002_0014" 4845
"/Engine/EngineMaterials/Substrate/GLints/dict_16_192_64_0p5_0p02_0002_0013" 4846
"/Engine/EngineMaterials/Substrate/GLints/dict_16_192_64_0p5_0p02_0002_0012" 4847
"/Engine/EngineMaterials/Substrate/GLints/dict_16_192_64_0p5_0p02_0002_0011" 4848
"/Engine/EngineMaterials/Substrate/GLints/dict_16_192_64_0p5_0p02_0002_0010" 4849
"/Engine/EngineMaterials/Substrate/GLints/dict_16_192_64_0p5_0p02_0002_0009" 4850
"/Engine/EngineMaterials/Substrate/GLints/dict_16_192_64_0p5_0p02_0002_0008" 4851
"/Engine/EngineMaterials/Substrate/GLints/dict_16_192_64_0p5_0p02_0002_0007" 4852
"/Engine/EngineMaterials/Substrate/GLints/dict_16_192_64_0p5_0p02_0002_0006" 4853
"/Engine/EngineMaterials/Substrate/GLints/dict_16_192_64_0p5_0p02_0002_0005" 4854
"/Engine/EngineMaterials/Substrate/GLints/dict_16_192_64_0p5_0p02_0002_0004" 4855
"/Engine/EngineMaterials/Substrate/GLints/dict_16_192_64_0p5_0p02_0002_0003" 4856
"/Engine/EngineMaterials/Substrate/GLints/dict_16_192_64_0p5_0p02_0002_0002" 4857
"/Engine/EngineMaterials/Substrate/GLints/dict_16_192_64_0p5_0p02_0002_0001" 4858
"/Engine/EngineMaterials/Substrate/GLints/dict_16_192_64_0p5_0p02_0002_0000" 4859
"/Engine/EngineMaterials/Substrate/GLints/dict_16_192_64_0p5_0p02_0001_0015" 4860
"/Engine/EngineMaterials/Substrate/GLints/dict_16_192_64_0p5_0p02_0001_0014" 4861
"../../../Engine/Content/EngineMaterials/Substrate/GLints/dict_16_192_64_0p5_0p02_0003_0014.uasset" 4862
"../../../Engine/Content/EngineMaterials/Substrate/GLints/dict_16_192_64_0p5_0p02_0004_0000.uasset" 4863
"../../../Engine/Content/EngineMaterials/Substrate/GLints/dict_16_192_64_0p5_0p02_0003_0015.uasset" 4864
"../../../Engine/Content/EngineMaterials/Substrate/GLints/dict_16_192_64_0p5_0p02_0004_0001.uasset" 4865
"../../../Engine/Content/EngineMaterials/Substrate/GLints/dict_16_192_64_0p5_0p02_0004_0002.uasset" 4866
"../../../Engine/Content/EngineMaterials/Substrate/GLints/dict_16_192_64_0p5_0p02_0004_0003.uasset" 4867
"../../../Engine/Content/EngineMaterials/Substrate/GLints/dict_16_192_64_0p5_0p02_0004_0004.uasset" 4868
"../../../Engine/Content/EngineMaterials/Substrate/GLints/dict_16_192_64_0p5_0p02_0004_0005.uasset" 4869
"../../../Engine/Content/EngineMaterials/Substrate/GLints/dict_16_192_64_0p5_0p02_0004_0006.uasset" 4870
"../../../Engine/Content/EngineMaterials/Substrate/GLints/dict_16_192_64_0p5_0p02_0004_0007.uasset" 4871
"../../../Engine/Content/EngineMaterials/Substrate/GLints/dict_16_192_64_0p5_0p02_0004_0008.uasset" 4872
"../../../Engine/Content/EngineMaterials/Substrate/GLints/dict_16_192_64_0p5_0p02_0004_0009.uasset" 4873
"../../../Engine/Content/EngineMaterials/Substrate/GLints/dict_16_192_64_0p5_0p02_0004_0010.uasset" 4874
"../../../Engine/Content/EngineMaterials/Substrate/GLints/dict_16_192_64_0p5_0p02_0004_0012.uasset" 4875
"../../../Engine/Content/EngineMaterials/Substrate/GLints/dict_16_192_64_0p5_0p02_0004_0011.uasset" 4876
"../../../Engine/Content/EngineMaterials/Substrate/GLints/dict_16_192_64_0p5_0p02_0004_0013.uasset" 4877
"../../../Engine/Content/EngineMaterials/Substrate/GLints/dict_16_192_64_0p5_0p02_0004_0014.uasset" 4878
"../../../Engine/Content/EngineMaterials/Substrate/GLints/dict_16_192_64_0p5_0p02_0004_0015.uasset" 4879
"../../../Engine/Content/EngineMaterials/Substrate/GLints/dict_16_192_64_0p5_0p02_0005_0000.uasset" 4880
"../../../Engine/Content/EngineMaterials/Substrate/GLints/dict_16_192_64_0p5_0p02_0005_0002.uasset" 4881
"../../../Engine/Content/EngineMaterials/Substrate/GLints/dict_16_192_64_0p5_0p02_0005_0001.uasset" 4882
"../../../Engine/Content/EngineMaterials/Substrate/GLints/dict_16_192_64_0p5_0p02_0005_0003.uasset" 4883
"../../../Engine/Content/EngineMaterials/Substrate/GLints/dict_16_192_64_0p5_0p02_0005_0004.uasset" 4884
"../../../Engine/Content/EngineMaterials/Substrate/GLints/dict_16_192_64_0p5_0p02_0005_0005.uasset" 4885
"../../../Engine/Content/EngineMaterials/Substrate/GLints/dict_16_192_64_0p5_0p02_0005_0006.uasset" 4886
"../../../Engine/Content/EngineMaterials/Substrate/GLints/dict_16_192_64_0p5_0p02_0005_0007.uasset" 4887
"../../../Engine/Content/EngineMaterials/Substrate/GLints/dict_16_192_64_0p5_0p02_0005_0008.uasset" 4888
"../../../Engine/Content/EngineMaterials/Substrate/GLints/dict_16_192_64_0p5_0p02_0005_0009.uasset" 4889
"../../../Engine/Content/EngineMaterials/Substrate/GLints/dict_16_192_64_0p5_0p02_0005_0010.uasset" 4890
"../../../Engine/Content/EngineMaterials/Substrate/GLints/dict_16_192_64_0p5_0p02_0005_0011.uasset" 4891
"../../../Engine/Content/EngineMaterials/Substrate/GLints/dict_16_192_64_0p5_0p02_0005_0013.uasset" 4892
"../../../Engine/Content/EngineMaterials/Substrate/GLints/dict_16_192_64_0p5_0p02_0005_0012.uasset" 4893
"../../../Engine/Plugins/Animation/DeformerGraph/Shaders/Private/DataInterfaceCustomComputeKernel.ush" 4894
"../../../Engine/Plugins/Animation/DeformerGraph/Shaders/Private/DataInterfaceCloth.ush" 4895
"../../../Engine/Plugins/Animation/DeformerGraph/Shaders/Private/DataInterfaceSkinnedMeshRead.ush" 4896
"../../../Engine/Plugins/Animation/DeformerGraph/Shaders/Private/DataInterfaceSkeleton.ush" 4897
"../../../Engine/Plugins/Animation/DeformerGraph/Shaders/Private/DataInterfaceSkeletonCommon.ush" 4898
"../../../Engine/Plugins/Animation/DeformerGraph/Shaders/Private/DataInterfaceMorphTarget.ush" 4899
"../../../Engine/Plugins/Animation/DeformerGraph/Shaders/Private/DataInterfaceSkinnedMeshWrite.ush" 4900
"../../../Engine/Plugins/Animation/DeformerGraph/Shaders/Private/DataInterfaceRawBuffer.ush" 4901
"../../../Engine/Plugins/Runtime/ComputeFramework/Shaders/Private/BufferAlias.ush" 4902
"../../../Engine/Plugins/Animation/DeformerGraph/Shaders/Private/DataInterfaceSkinnedMesh.ush" 4903
"../../../Engine/Plugins/Animation/DeformerGraph/Shaders/Private/DataInterfaceHalfEdge.ush" 4904
"/Engine/EngineMaterials/Substrate/GLints/dict_16_192_64_0p5_0p02_0005_0013" 4905
"/Engine/EngineMaterials/Substrate/GLints/dict_16_192_64_0p5_0p02_0005_0012" 4906
"/Engine/EngineMaterials/Substrate/GLints/dict_16_192_64_0p5_0p02_0005_0011" 4907
"/Engine/EngineMaterials/Substrate/GLints/dict_16_192_64_0p5_0p02_0005_0010" 4908
"/Engine/EngineMaterials/Substrate/GLints/dict_16_192_64_0p5_0p02_0005_0009" 4909
"/Engine/EngineMaterials/Substrate/GLints/dict_16_192_64_0p5_0p02_0005_0008" 4910
"/Engine/EngineMaterials/Substrate/GLints/dict_16_192_64_0p5_0p02_0005_0007" 4911
"/Engine/EngineMaterials/Substrate/GLints/dict_16_192_64_0p5_0p02_0005_0006" 4912
"/Engine/EngineMaterials/Substrate/GLints/dict_16_192_64_0p5_0p02_0005_0005" 4913
"/Engine/EngineMaterials/Substrate/GLints/dict_16_192_64_0p5_0p02_0005_0004" 4914
"/Engine/EngineMaterials/Substrate/GLints/dict_16_192_64_0p5_0p02_0005_0003" 4915
"/Engine/EngineMaterials/Substrate/GLints/dict_16_192_64_0p5_0p02_0005_0002" 4916
"/Engine/EngineMaterials/Substrate/GLints/dict_16_192_64_0p5_0p02_0005_0001" 4917
"/Engine/EngineMaterials/Substrate/GLints/dict_16_192_64_0p5_0p02_0005_0000" 4918
"/Engine/EngineMaterials/Substrate/GLints/dict_16_192_64_0p5_0p02_0004_0015" 4919
"/Engine/EngineMaterials/Substrate/GLints/dict_16_192_64_0p5_0p02_0004_0014" 4920
"/Engine/EngineMaterials/Substrate/GLints/dict_16_192_64_0p5_0p02_0004_0013" 4921
"/Engine/EngineMaterials/Substrate/GLints/dict_16_192_64_0p5_0p02_0004_0012" 4922
"/Engine/EngineMaterials/Substrate/GLints/dict_16_192_64_0p5_0p02_0004_0011" 4923
"/Engine/EngineMaterials/Substrate/GLints/dict_16_192_64_0p5_0p02_0004_0010" 4924
"/Engine/EngineMaterials/Substrate/GLints/dict_16_192_64_0p5_0p02_0004_0009" 4925
"/Engine/EngineMaterials/Substrate/GLints/dict_16_192_64_0p5_0p02_0004_0008" 4926
"/Engine/EngineMaterials/Substrate/GLints/dict_16_192_64_0p5_0p02_0004_0007" 4927
"/Engine/EngineMaterials/Substrate/GLints/dict_16_192_64_0p5_0p02_0004_0006" 4928
"/Engine/EngineMaterials/Substrate/GLints/dict_16_192_64_0p5_0p02_0004_0005" 4929
"/Engine/EngineMaterials/Substrate/GLints/dict_16_192_64_0p5_0p02_0004_0004" 4930
"/Engine/EngineMaterials/Substrate/GLints/dict_16_192_64_0p5_0p02_0004_0003" 4931
"/Engine/EngineMaterials/Substrate/GLints/dict_16_192_64_0p5_0p02_0004_0002" 4932
"/Engine/EngineMaterials/Substrate/GLints/dict_16_192_64_0p5_0p02_0004_0001" 4933
"/Engine/EngineMaterials/Substrate/GLints/dict_16_192_64_0p5_0p02_0004_0000" 4934
"/Engine/EngineMaterials/Substrate/GLints/dict_16_192_64_0p5_0p02_0003_0015" 4935
"/Engine/EngineMaterials/Substrate/GLints/dict_16_192_64_0p5_0p02_0003_0014" 4936
"../../../Engine/Content/EngineMaterials/Substrate/GLints/dict_16_192_64_0p5_0p02_0005_0014.uasset" 4937
"../../../Engine/Content/EngineMaterials/Substrate/GLints/dict_16_192_64_0p5_0p02_0006_0002.uasset" 4938
"../../../Engine/Content/EngineMaterials/Substrate/GLints/dict_16_192_64_0p5_0p02_0005_0015.uasset" 4939
"../../../Engine/Content/EngineMaterials/Substrate/GLints/dict_16_192_64_0p5_0p02_0006_0003.uasset" 4940
"../../../Engine/Content/EngineMaterials/Substrate/GLints/dict_16_192_64_0p5_0p02_0006_0000.uasset" 4941
"../../../Engine/Content/EngineMaterials/Substrate/GLints/dict_16_192_64_0p5_0p02_0006_0001.uasset" 4942
"../../../Engine/Content/EngineMaterials/Substrate/GLints/dict_16_192_64_0p5_0p02_0006_0004.uasset" 4943
"../../../Engine/Content/EngineMaterials/Substrate/GLints/dict_16_192_64_0p5_0p02_0006_0005.uasset" 4944
"../../../Engine/Content/EngineMaterials/Substrate/GLints/dict_16_192_64_0p5_0p02_0006_0006.uasset" 4945
"../../../Engine/Content/EngineMaterials/Substrate/GLints/dict_16_192_64_0p5_0p02_0006_0007.uasset" 4946
"../../../Engine/Content/EngineMaterials/Substrate/GLints/dict_16_192_64_0p5_0p02_0006_0008.uasset" 4947
"../../../Engine/Content/EngineMaterials/Substrate/GLints/dict_16_192_64_0p5_0p02_0006_0009.uasset" 4948
"../../../Engine/Content/EngineMaterials/Substrate/GLints/dict_16_192_64_0p5_0p02_0006_0010.uasset" 4949
"../../../Engine/Content/EngineMaterials/Substrate/GLints/dict_16_192_64_0p5_0p02_0006_0011.uasset" 4950
"../../../Engine/Content/EngineMaterials/Substrate/GLints/dict_16_192_64_0p5_0p02_0006_0012.uasset" 4951
"../../../Engine/Content/EngineMaterials/Substrate/GLints/dict_16_192_64_0p5_0p02_0006_0013.uasset" 4952
"../../../Engine/Content/EngineMaterials/Substrate/GLints/dict_16_192_64_0p5_0p02_0006_0014.uasset" 4953
"../../../Engine/Content/EngineMaterials/Substrate/GLints/dict_16_192_64_0p5_0p02_0007_0000.uasset" 4954
"../../../Engine/Content/EngineMaterials/Substrate/GLints/dict_16_192_64_0p5_0p02_0006_0015.uasset" 4955
"../../../Engine/Content/EngineMaterials/Substrate/GLints/dict_16_192_64_0p5_0p02_0007_0001.uasset" 4956
"../../../Engine/Content/EngineMaterials/Substrate/GLints/dict_16_192_64_0p5_0p02_0007_0002.uasset" 4957
"../../../Engine/Content/EngineMaterials/Substrate/GLints/dict_16_192_64_0p5_0p02_0007_0003.uasset" 4958
"../../../Engine/Content/EngineMaterials/Substrate/GLints/dict_16_192_64_0p5_0p02_0007_0004.uasset" 4959
"../../../Engine/Content/EngineMaterials/Substrate/GLints/dict_16_192_64_0p5_0p02_0007_0005.uasset" 4960
"../../../Engine/Content/EngineMaterials/Substrate/GLints/dict_16_192_64_0p5_0p02_0007_0006.uasset" 4961
"../../../Engine/Content/EngineMaterials/Substrate/GLints/dict_16_192_64_0p5_0p02_0007_0007.uasset" 4962
"../../../Engine/Content/EngineMaterials/Substrate/GLints/dict_16_192_64_0p5_0p02_0007_0008.uasset" 4963
"../../../Engine/Content/EngineMaterials/Substrate/GLints/dict_16_192_64_0p5_0p02_0007_0009.uasset" 4964
"../../../Engine/Content/EngineMaterials/Substrate/GLints/dict_16_192_64_0p5_0p02_0007_0010.uasset" 4965
"../../../Engine/Content/EngineMaterials/Substrate/GLints/dict_16_192_64_0p5_0p02_0007_0011.uasset" 4966
"../../../Engine/Content/EngineMaterials/Substrate/GLints/dict_16_192_64_0p5_0p02_0007_0012.uasset" 4967
"../../../Engine/Content/EngineMaterials/Substrate/GLints/dict_16_192_64_0p5_0p02_0007_0013.uasset" 4968
"/Engine/EngineMaterials/Substrate/GLints/dict_16_192_64_0p5_0p02_0007_0013" 4969
"/Engine/EngineMaterials/Substrate/GLints/dict_16_192_64_0p5_0p02_0007_0012" 4970
"/Engine/EngineMaterials/Substrate/GLints/dict_16_192_64_0p5_0p02_0007_0011" 4971
"/Engine/EngineMaterials/Substrate/GLints/dict_16_192_64_0p5_0p02_0007_0010" 4972
"/Engine/EngineMaterials/Substrate/GLints/dict_16_192_64_0p5_0p02_0007_0009" 4973
"/Engine/EngineMaterials/Substrate/GLints/dict_16_192_64_0p5_0p02_0007_0008" 4974
"/Engine/EngineMaterials/Substrate/GLints/dict_16_192_64_0p5_0p02_0007_0007" 4975
"/Engine/EngineMaterials/Substrate/GLints/dict_16_192_64_0p5_0p02_0007_0006" 4976
"/Engine/EngineMaterials/Substrate/GLints/dict_16_192_64_0p5_0p02_0007_0005" 4977
"/Engine/EngineMaterials/Substrate/GLints/dict_16_192_64_0p5_0p02_0007_0004" 4978
"/Engine/EngineMaterials/Substrate/GLints/dict_16_192_64_0p5_0p02_0007_0003" 4979
"/Engine/EngineMaterials/Substrate/GLints/dict_16_192_64_0p5_0p02_0007_0002" 4980
"/Engine/EngineMaterials/Substrate/GLints/dict_16_192_64_0p5_0p02_0007_0001" 4981
"/Engine/EngineMaterials/Substrate/GLints/dict_16_192_64_0p5_0p02_0007_0000" 4982
"/Engine/EngineMaterials/Substrate/GLints/dict_16_192_64_0p5_0p02_0006_0015" 4983
"/Engine/EngineMaterials/Substrate/GLints/dict_16_192_64_0p5_0p02_0006_0014" 4984
"/Engine/EngineMaterials/Substrate/GLints/dict_16_192_64_0p5_0p02_0006_0013" 4985
"/Engine/EngineMaterials/Substrate/GLints/dict_16_192_64_0p5_0p02_0006_0012" 4986
"/Engine/EngineMaterials/Substrate/GLints/dict_16_192_64_0p5_0p02_0006_0011" 4987
"/Engine/EngineMaterials/Substrate/GLints/dict_16_192_64_0p5_0p02_0006_0010" 4988
"/Engine/EngineMaterials/Substrate/GLints/dict_16_192_64_0p5_0p02_0006_0009" 4989
"/Engine/EngineMaterials/Substrate/GLints/dict_16_192_64_0p5_0p02_0006_0008" 4990
"/Engine/EngineMaterials/Substrate/GLints/dict_16_192_64_0p5_0p02_0006_0007" 4991
"/Engine/EngineMaterials/Substrate/GLints/dict_16_192_64_0p5_0p02_0006_0006" 4992
"/Engine/EngineMaterials/Substrate/GLints/dict_16_192_64_0p5_0p02_0006_0005" 4993
"/Engine/EngineMaterials/Substrate/GLints/dict_16_192_64_0p5_0p02_0006_0004" 4994
"/Engine/EngineMaterials/Substrate/GLints/dict_16_192_64_0p5_0p02_0006_0003" 4995
"/Engine/EngineMaterials/Substrate/GLints/dict_16_192_64_0p5_0p02_0006_0002" 4996
"/Engine/EngineMaterials/Substrate/GLints/dict_16_192_64_0p5_0p02_0006_0001" 4997
"/Engine/EngineMaterials/Substrate/GLints/dict_16_192_64_0p5_0p02_0006_0000" 4998
"/Engine/EngineMaterials/Substrate/GLints/dict_16_192_64_0p5_0p02_0005_0015" 4999
"/Engine/EngineMaterials/Substrate/GLints/dict_16_192_64_0p5_0p02_0005_0014" 5000
"../../../Engine/Content/EngineMaterials/Substrate/GLints/dict_16_192_64_0p5_0p02_0008_0001.uasset" 5001
"../../../Engine/Content/EngineMaterials/Substrate/GLints/dict_16_192_64_0p5_0p02_0008_0002.uasset" 5002
"../../../Engine/Content/EngineMaterials/Substrate/GLints/dict_16_192_64_0p5_0p02_0007_0015.uasset" 5003
"../../../Engine/Content/EngineMaterials/Substrate/GLints/dict_16_192_64_0p5_0p02_0007_0014.uasset" 5004
"../../../Engine/Content/EngineMaterials/Substrate/GLints/dict_16_192_64_0p5_0p02_0008_0003.uasset" 5005
"../../../Engine/Content/EngineMaterials/Substrate/GLints/dict_16_192_64_0p5_0p02_0008_0000.uasset" 5006
"../../../Engine/Content/EngineMaterials/Substrate/GLints/dict_16_192_64_0p5_0p02_0008_0004.uasset" 5007
"../../../Engine/Content/EngineMaterials/Substrate/GLints/dict_16_192_64_0p5_0p02_0008_0006.uasset" 5008
"../../../Engine/Content/EngineMaterials/Substrate/GLints/dict_16_192_64_0p5_0p02_0008_0007.uasset" 5009
"../../../Engine/Content/EngineMaterials/Substrate/GLints/dict_16_192_64_0p5_0p02_0008_0005.uasset" 5010
"../../../Engine/Content/EngineMaterials/Substrate/GLints/dict_16_192_64_0p5_0p02_0008_0008.uasset" 5011
"../../../Engine/Content/EngineMaterials/Substrate/GLints/dict_16_192_64_0p5_0p02_0008_0009.uasset" 5012
"../../../Engine/Content/EngineMaterials/Substrate/GLints/dict_16_192_64_0p5_0p02_0008_0010.uasset" 5013
"../../../Engine/Content/EngineMaterials/Substrate/GLints/dict_16_192_64_0p5_0p02_0008_0014.uasset" 5014
"../../../Engine/Content/EngineMaterials/Substrate/GLints/dict_16_192_64_0p5_0p02_0008_0013.uasset" 5015
"../../../Engine/Content/EngineMaterials/Substrate/GLints/dict_16_192_64_0p5_0p02_0008_0011.uasset" 5016
"../../../Engine/Content/EngineMaterials/Substrate/GLints/dict_16_192_64_0p5_0p02_0008_0012.uasset" 5017
"../../../Engine/Content/EngineMaterials/Substrate/GLints/dict_16_192_64_0p5_0p02_0008_0015.uasset" 5018
"../../../Engine/Content/EngineMaterials/Substrate/GLints/dict_16_192_64_0p5_0p02_0009_0000.uasset" 5019
"../../../Engine/Content/EngineMaterials/Substrate/GLints/dict_16_192_64_0p5_0p02_0009_0001.uasset" 5020
"../../../Engine/Content/EngineMaterials/Substrate/GLints/dict_16_192_64_0p5_0p02_0009_0002.uasset" 5021
"../../../Engine/Content/EngineMaterials/Substrate/GLints/dict_16_192_64_0p5_0p02_0009_0003.uasset" 5022
"../../../Engine/Content/EngineMaterials/Substrate/GLints/dict_16_192_64_0p5_0p02_0009_0004.uasset" 5023
"../../../Engine/Content/EngineMaterials/Substrate/GLints/dict_16_192_64_0p5_0p02_0009_0005.uasset" 5024
"../../../Engine/Content/EngineMaterials/Substrate/GLints/dict_16_192_64_0p5_0p02_0009_0006.uasset" 5025
"../../../Engine/Content/EngineMaterials/Substrate/GLints/dict_16_192_64_0p5_0p02_0009_0007.uasset" 5026
"../../../Engine/Content/EngineMaterials/Substrate/GLints/dict_16_192_64_0p5_0p02_0009_0008.uasset" 5027
"../../../Engine/Content/EngineMaterials/Substrate/GLints/dict_16_192_64_0p5_0p02_0009_0009.uasset" 5028
"../../../Engine/Content/EngineMaterials/Substrate/GLints/dict_16_192_64_0p5_0p02_0009_0010.uasset" 5029
"../../../Engine/Content/EngineMaterials/Substrate/GLints/dict_16_192_64_0p5_0p02_0009_0011.uasset" 5030
"../../../Engine/Content/EngineMaterials/Substrate/GLints/dict_16_192_64_0p5_0p02_0009_0012.uasset" 5031
"../../../Engine/Content/EngineMaterials/Substrate/GLints/dict_16_192_64_0p5_0p02_0009_0013.uasset" 5032
"/Engine/EngineMaterials/Substrate/GLints/dict_16_192_64_0p5_0p02_0009_0013" 5033
"/Engine/EngineMaterials/Substrate/GLints/dict_16_192_64_0p5_0p02_0009_0012" 5034
"/Engine/EngineMaterials/Substrate/GLints/dict_16_192_64_0p5_0p02_0009_0011" 5035
"/Engine/EngineMaterials/Substrate/GLints/dict_16_192_64_0p5_0p02_0009_0010" 5036
"/Engine/EngineMaterials/Substrate/GLints/dict_16_192_64_0p5_0p02_0009_0009" 5037
"/Engine/EngineMaterials/Substrate/GLints/dict_16_192_64_0p5_0p02_0009_0008" 5038
"/Engine/EngineMaterials/Substrate/GLints/dict_16_192_64_0p5_0p02_0009_0007" 5039
"/Engine/EngineMaterials/Substrate/GLints/dict_16_192_64_0p5_0p02_0009_0006" 5040
"/Engine/EngineMaterials/Substrate/GLints/dict_16_192_64_0p5_0p02_0009_0005" 5041
"/Engine/EngineMaterials/Substrate/GLints/dict_16_192_64_0p5_0p02_0009_0004" 5042
"/Engine/EngineMaterials/Substrate/GLints/dict_16_192_64_0p5_0p02_0009_0003" 5043
"/Engine/EngineMaterials/Substrate/GLints/dict_16_192_64_0p5_0p02_0009_0002" 5044
"/Engine/EngineMaterials/Substrate/GLints/dict_16_192_64_0p5_0p02_0009_0001" 5045
"/Engine/EngineMaterials/Substrate/GLints/dict_16_192_64_0p5_0p02_0009_0000" 5046
"/Engine/EngineMaterials/Substrate/GLints/dict_16_192_64_0p5_0p02_0008_0015" 5047
"/Engine/EngineMaterials/Substrate/GLints/dict_16_192_64_0p5_0p02_0008_0014" 5048
"/Engine/EngineMaterials/Substrate/GLints/dict_16_192_64_0p5_0p02_0008_0013" 5049
"/Engine/EngineMaterials/Substrate/GLints/dict_16_192_64_0p5_0p02_0008_0012" 5050
"/Engine/EngineMaterials/Substrate/GLints/dict_16_192_64_0p5_0p02_0008_0011" 5051
"/Engine/EngineMaterials/Substrate/GLints/dict_16_192_64_0p5_0p02_0008_0010" 5052
"/Engine/EngineMaterials/Substrate/GLints/dict_16_192_64_0p5_0p02_0008_0009" 5053
"/Engine/EngineMaterials/Substrate/GLints/dict_16_192_64_0p5_0p02_0008_0008" 5054
"/Engine/EngineMaterials/Substrate/GLints/dict_16_192_64_0p5_0p02_0008_0007" 5055
"/Engine/EngineMaterials/Substrate/GLints/dict_16_192_64_0p5_0p02_0008_0006" 5056
"/Engine/EngineMaterials/Substrate/GLints/dict_16_192_64_0p5_0p02_0008_0005" 5057
"/Engine/EngineMaterials/Substrate/GLints/dict_16_192_64_0p5_0p02_0008_0004" 5058
"/Engine/EngineMaterials/Substrate/GLints/dict_16_192_64_0p5_0p02_0008_0003" 5059
"/Engine/EngineMaterials/Substrate/GLints/dict_16_192_64_0p5_0p02_0008_0002" 5060
"/Engine/EngineMaterials/Substrate/GLints/dict_16_192_64_0p5_0p02_0008_0001" 5061
"/Engine/EngineMaterials/Substrate/GLints/dict_16_192_64_0p5_0p02_0008_0000" 5062
"/Engine/EngineMaterials/Substrate/GLints/dict_16_192_64_0p5_0p02_0007_0015" 5063
"/Engine/EngineMaterials/Substrate/GLints/dict_16_192_64_0p5_0p02_0007_0014" 5064
"../../../Engine/Content/EngineMaterials/Substrate/GLints/dict_16_192_64_0p5_0p02_0009_0014.uasset" 5065
"../../../Engine/Content/EngineMaterials/Substrate/GLints/dict_16_192_64_0p5_0p02_0009_0015.uasset" 5066
"../../../Engine/Content/EngineMaterials/Substrate/GLints/dict_16_192_64_0p5_0p02_0010_0001.uasset" 5067
"../../../Engine/Content/EngineMaterials/Substrate/GLints/dict_16_192_64_0p5_0p02_0010_0002.uasset" 5068
"../../../Engine/Content/EngineMaterials/Substrate/GLints/dict_16_192_64_0p5_0p02_0010_0000.uasset" 5069
"../../../Engine/Content/EngineMaterials/Substrate/GLints/dict_16_192_64_0p5_0p02_0010_0003.uasset" 5070
"../../../Engine/Content/EngineMaterials/Substrate/GLints/dict_16_192_64_0p5_0p02_0010_0004.uasset" 5071
"../../../Engine/Content/EngineMaterials/Substrate/GLints/dict_16_192_64_0p5_0p02_0010_0006.uasset" 5072
"../../../Engine/Content/EngineMaterials/Substrate/GLints/dict_16_192_64_0p5_0p02_0010_0005.uasset" 5073
"../../../Engine/Content/EngineMaterials/Substrate/GLints/dict_16_192_64_0p5_0p02_0010_0007.uasset" 5074
"../../../Engine/Content/EngineMaterials/Substrate/GLints/dict_16_192_64_0p5_0p02_0010_0008.uasset" 5075
"../../../Engine/Content/EngineMaterials/Substrate/GLints/dict_16_192_64_0p5_0p02_0010_0009.uasset" 5076
"../../../Engine/Content/EngineMaterials/Substrate/GLints/dict_16_192_64_0p5_0p02_0010_0010.uasset" 5077
"../../../Engine/Content/EngineMaterials/Substrate/GLints/dict_16_192_64_0p5_0p02_0010_0012.uasset" 5078
"../../../Engine/Content/EngineMaterials/Substrate/GLints/dict_16_192_64_0p5_0p02_0010_0011.uasset" 5079
"../../../Engine/Content/EngineMaterials/Substrate/GLints/dict_16_192_64_0p5_0p02_0010_0013.uasset" 5080
"../../../Engine/Content/EngineMaterials/Substrate/GLints/dict_16_192_64_0p5_0p02_0010_0014.uasset" 5081
"../../../Engine/Content/EngineMaterials/Substrate/GLints/dict_16_192_64_0p5_0p02_0010_0015.uasset" 5082
"../../../Engine/Content/EngineMaterials/Substrate/GLints/dict_16_192_64_0p5_0p02_0011_0000.uasset" 5083
"../../../Engine/Content/EngineMaterials/Substrate/GLints/dict_16_192_64_0p5_0p02_0011_0001.uasset" 5084
"../../../Engine/Content/EngineMaterials/Substrate/GLints/dict_16_192_64_0p5_0p02_0011_0003.uasset" 5085
"../../../Engine/Content/EngineMaterials/Substrate/GLints/dict_16_192_64_0p5_0p02_0011_0002.uasset" 5086
"../../../Engine/Content/EngineMaterials/Substrate/GLints/dict_16_192_64_0p5_0p02_0011_0004.uasset" 5087
"../../../Engine/Content/EngineMaterials/Substrate/GLints/dict_16_192_64_0p5_0p02_0011_0005.uasset" 5088
"../../../Engine/Content/EngineMaterials/Substrate/GLints/dict_16_192_64_0p5_0p02_0011_0006.uasset" 5089
"../../../Engine/Content/EngineMaterials/Substrate/GLints/dict_16_192_64_0p5_0p02_0011_0008.uasset" 5090
"../../../Engine/Content/EngineMaterials/Substrate/GLints/dict_16_192_64_0p5_0p02_0011_0007.uasset" 5091
"../../../Engine/Content/EngineMaterials/Substrate/GLints/dict_16_192_64_0p5_0p02_0011_0009.uasset" 5092
"../../../Engine/Content/EngineMaterials/Substrate/GLints/dict_16_192_64_0p5_0p02_0011_0010.uasset" 5093
"../../../Engine/Content/EngineMaterials/Substrate/GLints/dict_16_192_64_0p5_0p02_0011_0011.uasset" 5094
"../../../Engine/Content/EngineMaterials/Substrate/GLints/dict_16_192_64_0p5_0p02_0011_0012.uasset" 5095
"../../../Engine/Content/EngineMaterials/Substrate/GLints/dict_16_192_64_0p5_0p02_0011_0013.uasset" 5096
"/Engine/EngineMaterials/Substrate/GLints/dict_16_192_64_0p5_0p02_0011_0013" 5097
"/Engine/EngineMaterials/Substrate/GLints/dict_16_192_64_0p5_0p02_0011_0012" 5098
"/Engine/EngineMaterials/Substrate/GLints/dict_16_192_64_0p5_0p02_0011_0011" 5099
"/Engine/EngineMaterials/Substrate/GLints/dict_16_192_64_0p5_0p02_0011_0010" 5100
"/Engine/EngineMaterials/Substrate/GLints/dict_16_192_64_0p5_0p02_0011_0009" 5101
"/Engine/EngineMaterials/Substrate/GLints/dict_16_192_64_0p5_0p02_0011_0008" 5102
"/Engine/EngineMaterials/Substrate/GLints/dict_16_192_64_0p5_0p02_0011_0007" 5103
"/Engine/EngineMaterials/Substrate/GLints/dict_16_192_64_0p5_0p02_0011_0006" 5104
"/Engine/EngineMaterials/Substrate/GLints/dict_16_192_64_0p5_0p02_0011_0005" 5105
"/Engine/EngineMaterials/Substrate/GLints/dict_16_192_64_0p5_0p02_0011_0004" 5106
"/Engine/EngineMaterials/Substrate/GLints/dict_16_192_64_0p5_0p02_0011_0003" 5107
"/Engine/EngineMaterials/Substrate/GLints/dict_16_192_64_0p5_0p02_0011_0002" 5108
"/Engine/EngineMaterials/Substrate/GLints/dict_16_192_64_0p5_0p02_0011_0001" 5109
"/Engine/EngineMaterials/Substrate/GLints/dict_16_192_64_0p5_0p02_0011_0000" 5110
"/Engine/EngineMaterials/Substrate/GLints/dict_16_192_64_0p5_0p02_0010_0015" 5111
"/Engine/EngineMaterials/Substrate/GLints/dict_16_192_64_0p5_0p02_0010_0014" 5112
"/Engine/EngineMaterials/Substrate/GLints/dict_16_192_64_0p5_0p02_0010_0013" 5113
"/Engine/EngineMaterials/Substrate/GLints/dict_16_192_64_0p5_0p02_0010_0012" 5114
"/Engine/EngineMaterials/Substrate/GLints/dict_16_192_64_0p5_0p02_0010_0011" 5115
"/Engine/EngineMaterials/Substrate/GLints/dict_16_192_64_0p5_0p02_0010_0010" 5116
"/Engine/EngineMaterials/Substrate/GLints/dict_16_192_64_0p5_0p02_0010_0009" 5117
"/Engine/EngineMaterials/Substrate/GLints/dict_16_192_64_0p5_0p02_0010_0008" 5118
"/Engine/EngineMaterials/Substrate/GLints/dict_16_192_64_0p5_0p02_0010_0007" 5119
"/Engine/EngineMaterials/Substrate/GLints/dict_16_192_64_0p5_0p02_0010_0006" 5120
"/Engine/EngineMaterials/Substrate/GLints/dict_16_192_64_0p5_0p02_0010_0005" 5121
"/Engine/EngineMaterials/Substrate/GLints/dict_16_192_64_0p5_0p02_0010_0004" 5122
"/Engine/EngineMaterials/Substrate/GLints/dict_16_192_64_0p5_0p02_0010_0003" 5123
"/Engine/EngineMaterials/Substrate/GLints/dict_16_192_64_0p5_0p02_0010_0002" 5124
"/Engine/EngineMaterials/Substrate/GLints/dict_16_192_64_0p5_0p02_0010_0001" 5125
"/Engine/EngineMaterials/Substrate/GLints/dict_16_192_64_0p5_0p02_0010_0000" 5126
"/Engine/EngineMaterials/Substrate/GLints/dict_16_192_64_0p5_0p02_0009_0015" 5127
"/Engine/EngineMaterials/Substrate/GLints/dict_16_192_64_0p5_0p02_0009_0014" 5128
"../../../Engine/Content/EngineMaterials/Substrate/GLints/dict_16_192_64_0p5_0p02_0011_0014.uasset" 5129
"../../../Engine/Content/EngineMaterials/Substrate/GLints/dict_16_192_64_0p5_0p02_0011_0015.uasset" 5130
"../../../Engine/Content/EngineMaterials/Substrate/GLints/dict_16_192_64_0p5_0p02_0012_0001.uasset" 5131
"../../../Engine/Content/EngineMaterials/Substrate/GLints/dict_16_192_64_0p5_0p02_0012_0000.uasset" 5132
"../../../Engine/Content/EngineMaterials/Substrate/GLints/dict_16_192_64_0p5_0p02_0012_0002.uasset" 5133
"../../../Engine/Content/EngineMaterials/Substrate/GLints/dict_16_192_64_0p5_0p02_0012_0003.uasset" 5134
"../../../Engine/Content/EngineMaterials/Substrate/GLints/dict_16_192_64_0p5_0p02_0012_0004.uasset" 5135
"../../../Engine/Content/EngineMaterials/Substrate/GLints/dict_16_192_64_0p5_0p02_0012_0005.uasset" 5136
"../../../Engine/Content/EngineMaterials/Substrate/GLints/dict_16_192_64_0p5_0p02_0012_0006.uasset" 5137
"../../../Engine/Content/EngineMaterials/Substrate/GLints/dict_16_192_64_0p5_0p02_0012_0007.uasset" 5138
"../../../Engine/Content/EngineMaterials/Substrate/GLints/dict_16_192_64_0p5_0p02_0012_0008.uasset" 5139
"../../../Engine/Content/EngineMaterials/Substrate/GLints/dict_16_192_64_0p5_0p02_0012_0009.uasset" 5140
"../../../Engine/Content/EngineMaterials/Substrate/GLints/dict_16_192_64_0p5_0p02_0012_0010.uasset" 5141
"../../../Engine/Content/EngineMaterials/Substrate/GLints/dict_16_192_64_0p5_0p02_0012_0011.uasset" 5142
"../../../Engine/Content/EngineMaterials/Substrate/GLints/dict_16_192_64_0p5_0p02_0012_0012.uasset" 5143
"../../../Engine/Content/EngineMaterials/Substrate/GLints/dict_16_192_64_0p5_0p02_0012_0014.uasset" 5144
"../../../Engine/Content/EngineMaterials/Substrate/GLints/dict_16_192_64_0p5_0p02_0012_0013.uasset" 5145
"../../../Engine/Content/EngineMaterials/Substrate/GLints/dict_16_192_64_0p5_0p02_0012_0015.uasset" 5146
"../../../Engine/Content/EngineMaterials/Substrate/GLints/dict_16_192_64_0p5_0p02_0013_0000.uasset" 5147
"../../../Engine/Content/EngineMaterials/Substrate/GLints/dict_16_192_64_0p5_0p02_0013_0001.uasset" 5148
"../../../Engine/Content/EngineMaterials/Substrate/GLints/dict_16_192_64_0p5_0p02_0013_0002.uasset" 5149
"../../../Engine/Content/EngineMaterials/Substrate/GLints/dict_16_192_64_0p5_0p02_0013_0003.uasset" 5150
"../../../Engine/Content/EngineMaterials/Substrate/GLints/dict_16_192_64_0p5_0p02_0013_0004.uasset" 5151
"../../../Engine/Content/EngineMaterials/Substrate/GLints/dict_16_192_64_0p5_0p02_0013_0005.uasset" 5152
"../../../Engine/Content/EngineMaterials/Substrate/GLints/dict_16_192_64_0p5_0p02_0013_0006.uasset" 5153
"../../../Engine/Content/EngineMaterials/Substrate/GLints/dict_16_192_64_0p5_0p02_0013_0007.uasset" 5154
"../../../Engine/Content/EngineMaterials/Substrate/GLints/dict_16_192_64_0p5_0p02_0013_0008.uasset" 5155
"../../../Engine/Content/EngineMaterials/Substrate/GLints/dict_16_192_64_0p5_0p02_0013_0009.uasset" 5156
"../../../Engine/Content/EngineMaterials/Substrate/GLints/dict_16_192_64_0p5_0p02_0013_0010.uasset" 5157
"../../../Engine/Content/EngineMaterials/Substrate/GLints/dict_16_192_64_0p5_0p02_0013_0012.uasset" 5158
"../../../Engine/Content/EngineMaterials/Substrate/GLints/dict_16_192_64_0p5_0p02_0013_0011.uasset" 5159
"../../../Engine/Content/EngineMaterials/Substrate/GLints/dict_16_192_64_0p5_0p02_0013_0013.uasset" 5160
"/Engine/EngineMaterials/Substrate/GLints/dict_16_192_64_0p5_0p02_0013_0013" 5161
"/Engine/EngineMaterials/Substrate/GLints/dict_16_192_64_0p5_0p02_0013_0012" 5162
"/Engine/EngineMaterials/Substrate/GLints/dict_16_192_64_0p5_0p02_0013_0011" 5163
"/Engine/EngineMaterials/Substrate/GLints/dict_16_192_64_0p5_0p02_0013_0010" 5164
"/Engine/EngineMaterials/Substrate/GLints/dict_16_192_64_0p5_0p02_0013_0009" 5165
"/Engine/EngineMaterials/Substrate/GLints/dict_16_192_64_0p5_0p02_0013_0008" 5166
"/Engine/EngineMaterials/Substrate/GLints/dict_16_192_64_0p5_0p02_0013_0007" 5167
"/Engine/EngineMaterials/Substrate/GLints/dict_16_192_64_0p5_0p02_0013_0006" 5168
"/Engine/EngineMaterials/Substrate/GLints/dict_16_192_64_0p5_0p02_0013_0005" 5169
"/Engine/EngineMaterials/Substrate/GLints/dict_16_192_64_0p5_0p02_0013_0004" 5170
"/Engine/EngineMaterials/Substrate/GLints/dict_16_192_64_0p5_0p02_0013_0003" 5171
"/Engine/EngineMaterials/Substrate/GLints/dict_16_192_64_0p5_0p02_0013_0002" 5172
"/Engine/EngineMaterials/Substrate/GLints/dict_16_192_64_0p5_0p02_0013_0001" 5173
"/Engine/EngineMaterials/Substrate/GLints/dict_16_192_64_0p5_0p02_0013_0000" 5174
"/Engine/EngineMaterials/Substrate/GLints/dict_16_192_64_0p5_0p02_0012_0015" 5175
"/Engine/EngineMaterials/Substrate/GLints/dict_16_192_64_0p5_0p02_0012_0014" 5176
"/Engine/EngineMaterials/Substrate/GLints/dict_16_192_64_0p5_0p02_0012_0013" 5177
"/Engine/EngineMaterials/Substrate/GLints/dict_16_192_64_0p5_0p02_0012_0012" 5178
"/Engine/EngineMaterials/Substrate/GLints/dict_16_192_64_0p5_0p02_0012_0011" 5179
"/Engine/EngineMaterials/Substrate/GLints/dict_16_192_64_0p5_0p02_0012_0010" 5180
"/Engine/EngineMaterials/Substrate/GLints/dict_16_192_64_0p5_0p02_0012_0009" 5181
"/Engine/EngineMaterials/Substrate/GLints/dict_16_192_64_0p5_0p02_0012_0008" 5182
"/Engine/EngineMaterials/Substrate/GLints/dict_16_192_64_0p5_0p02_0012_0007" 5183
"/Engine/EngineMaterials/Substrate/GLints/dict_16_192_64_0p5_0p02_0012_0006" 5184
"/Engine/EngineMaterials/Substrate/GLints/dict_16_192_64_0p5_0p02_0012_0005" 5185
"/Engine/EngineMaterials/Substrate/GLints/dict_16_192_64_0p5_0p02_0012_0004" 5186
"/Engine/EngineMaterials/Substrate/GLints/dict_16_192_64_0p5_0p02_0012_0003" 5187
"/Engine/EngineMaterials/Substrate/GLints/dict_16_192_64_0p5_0p02_0012_0002" 5188
"/Engine/EngineMaterials/Substrate/GLints/dict_16_192_64_0p5_0p02_0012_0001" 5189
"/Engine/EngineMaterials/Substrate/GLints/dict_16_192_64_0p5_0p02_0012_0000" 5190
"/Engine/EngineMaterials/Substrate/GLints/dict_16_192_64_0p5_0p02_0011_0015" 5191
"/Engine/EngineMaterials/Substrate/GLints/dict_16_192_64_0p5_0p02_0011_0014" 5192
"../../../Engine/Content/EngineMaterials/Substrate/GLints/dict_16_192_64_0p5_0p02_0013_0015.uasset" 5193
"../../../Engine/Content/EngineMaterials/Substrate/GLints/dict_16_192_64_0p5_0p02_0013_0014.uasset" 5194
"../../../Engine/Content/EngineMaterials/Substrate/GLints/dict_16_192_64_0p5_0p02_0014_0000.uasset" 5195
"../../../Engine/Content/EngineMaterials/Substrate/GLints/dict_16_192_64_0p5_0p02_0014_0001.uasset" 5196
"../../../Engine/Content/EngineMaterials/Substrate/GLints/dict_16_192_64_0p5_0p02_0014_0002.uasset" 5197
"../../../Engine/Content/EngineMaterials/Substrate/GLints/dict_16_192_64_0p5_0p02_0014_0003.uasset" 5198
"../../../Engine/Content/EngineMaterials/Substrate/GLints/dict_16_192_64_0p5_0p02_0014_0004.uasset" 5199
"../../../Engine/Content/EngineMaterials/Substrate/GLints/dict_16_192_64_0p5_0p02_0014_0005.uasset" 5200
"../../../Engine/Content/EngineMaterials/Substrate/GLints/dict_16_192_64_0p5_0p02_0014_0007.uasset" 5201
"../../../Engine/Content/EngineMaterials/Substrate/GLints/dict_16_192_64_0p5_0p02_0014_0006.uasset" 5202
"../../../Engine/Content/EngineMaterials/Substrate/GLints/dict_16_192_64_0p5_0p02_0014_0008.uasset" 5203
"../../../Engine/Content/EngineMaterials/Substrate/GLints/dict_16_192_64_0p5_0p02_0014_0009.uasset" 5204
"../../../Engine/Content/EngineMaterials/Substrate/GLints/dict_16_192_64_0p5_0p02_0014_0010.uasset" 5205
"../../../Engine/Content/EngineMaterials/Substrate/GLints/dict_16_192_64_0p5_0p02_0014_0012.uasset" 5206
"../../../Engine/Content/EngineMaterials/Substrate/GLints/dict_16_192_64_0p5_0p02_0014_0011.uasset" 5207
"../../../Engine/Content/EngineMaterials/Substrate/GLints/dict_16_192_64_0p5_0p02_0014_0013.uasset" 5208
"../../../Engine/Content/EngineMaterials/Substrate/GLints/dict_16_192_64_0p5_0p02_0014_0014.uasset" 5209
"../../../Engine/Content/EngineMaterials/Substrate/GLints/dict_16_192_64_0p5_0p02_0015_0000.uasset" 5210
"../../../Engine/Content/EngineMaterials/Substrate/GLints/dict_16_192_64_0p5_0p02_0014_0015.uasset" 5211
"../../../Engine/Content/EngineMaterials/Substrate/GLints/dict_16_192_64_0p5_0p02_0015_0001.uasset" 5212
"../../../Engine/Content/EngineMaterials/Substrate/GLints/dict_16_192_64_0p5_0p02_0015_0002.uasset" 5213
"../../../Engine/Content/EngineMaterials/Substrate/GLints/dict_16_192_64_0p5_0p02_0015_0003.uasset" 5214
"../../../Engine/Content/EngineMaterials/Substrate/GLints/dict_16_192_64_0p5_0p02_0015_0004.uasset" 5215
"../../../Engine/Content/EngineMaterials/Substrate/GLints/dict_16_192_64_0p5_0p02_0015_0005.uasset" 5216
"../../../Engine/Content/EngineMaterials/Substrate/GLints/dict_16_192_64_0p5_0p02_0015_0006.uasset" 5217
"../../../Engine/Content/EngineMaterials/Substrate/GLints/dict_16_192_64_0p5_0p02_0015_0007.uasset" 5218
"../../../Engine/Content/EngineMaterials/Substrate/GLints/dict_16_192_64_0p5_0p02_0015_0008.uasset" 5219
"../../../Engine/Content/EngineMaterials/Substrate/GLints/dict_16_192_64_0p5_0p02_0015_0009.uasset" 5220
"../../../Engine/Content/EngineMaterials/Substrate/GLints/dict_16_192_64_0p5_0p02_0015_0010.uasset" 5221
"../../../Engine/Content/EngineMaterials/Substrate/GLints/dict_16_192_64_0p5_0p02_0015_0011.uasset" 5222
"../../../Engine/Content/EngineMaterials/Substrate/GLints/dict_16_192_64_0p5_0p02_0015_0012.uasset" 5223
"../../../Engine/Content/EngineMaterials/Substrate/GLints/dict_16_192_64_0p5_0p02_0015_0013.uasset" 5224
"/Engine/EngineMaterials/Substrate/GLints/dict_16_192_64_0p5_0p02_0015_0013" 5225
"/Engine/EngineMaterials/Substrate/GLints/dict_16_192_64_0p5_0p02_0015_0012" 5226
"/Engine/EngineMaterials/Substrate/GLints/dict_16_192_64_0p5_0p02_0015_0011" 5227
"/Engine/EngineMaterials/Substrate/GLints/dict_16_192_64_0p5_0p02_0015_0010" 5228
"/Engine/EngineMaterials/Substrate/GLints/dict_16_192_64_0p5_0p02_0015_0009" 5229
"/Engine/EngineMaterials/Substrate/GLints/dict_16_192_64_0p5_0p02_0015_0008" 5230
"/Engine/EngineMaterials/Substrate/GLints/dict_16_192_64_0p5_0p02_0015_0007" 5231
"/Engine/EngineMaterials/Substrate/GLints/dict_16_192_64_0p5_0p02_0015_0006" 5232
"/Engine/EngineMaterials/Substrate/GLints/dict_16_192_64_0p5_0p02_0015_0005" 5233
"/Engine/EngineMaterials/Substrate/GLints/dict_16_192_64_0p5_0p02_0015_0004" 5234
"/Engine/EngineMaterials/Substrate/GLints/dict_16_192_64_0p5_0p02_0015_0003" 5235
"/Engine/EngineMaterials/Substrate/GLints/dict_16_192_64_0p5_0p02_0015_0002" 5236
"/Engine/EngineMaterials/Substrate/GLints/dict_16_192_64_0p5_0p02_0015_0001" 5237
"/Engine/EngineMaterials/Substrate/GLints/dict_16_192_64_0p5_0p02_0015_0000" 5238
"/Engine/EngineMaterials/Substrate/GLints/dict_16_192_64_0p5_0p02_0014_0015" 5239
"/Engine/EngineMaterials/Substrate/GLints/dict_16_192_64_0p5_0p02_0014_0014" 5240
"/Engine/EngineMaterials/Substrate/GLints/dict_16_192_64_0p5_0p02_0014_0013" 5241
"/Engine/EngineMaterials/Substrate/GLints/dict_16_192_64_0p5_0p02_0014_0012" 5242
"/Engine/EngineMaterials/Substrate/GLints/dict_16_192_64_0p5_0p02_0014_0011" 5243
"/Engine/EngineMaterials/Substrate/GLints/dict_16_192_64_0p5_0p02_0014_0010" 5244
"/Engine/EngineMaterials/Substrate/GLints/dict_16_192_64_0p5_0p02_0014_0009" 5245
"/Engine/EngineMaterials/Substrate/GLints/dict_16_192_64_0p5_0p02_0014_0008" 5246
"/Engine/EngineMaterials/Substrate/GLints/dict_16_192_64_0p5_0p02_0014_0007" 5247
"/Engine/EngineMaterials/Substrate/GLints/dict_16_192_64_0p5_0p02_0014_0006" 5248
"/Engine/EngineMaterials/Substrate/GLints/dict_16_192_64_0p5_0p02_0014_0005" 5249
"/Engine/EngineMaterials/Substrate/GLints/dict_16_192_64_0p5_0p02_0014_0004" 5250
"/Engine/EngineMaterials/Substrate/GLints/dict_16_192_64_0p5_0p02_0014_0003" 5251
"/Engine/EngineMaterials/Substrate/GLints/dict_16_192_64_0p5_0p02_0014_0002" 5252
"/Engine/EngineMaterials/Substrate/GLints/dict_16_192_64_0p5_0p02_0014_0001" 5253
"/Engine/EngineMaterials/Substrate/GLints/dict_16_192_64_0p5_0p02_0014_0000" 5254
"/Engine/EngineMaterials/Substrate/GLints/dict_16_192_64_0p5_0p02_0013_0015" 5255
"/Engine/EngineMaterials/Substrate/GLints/dict_16_192_64_0p5_0p02_0013_0014" 5256
"../../../Engine/Content/EngineMaterials/Substrate/GLints/dict_16_192_64_0p5_0p02_0015_0015.uasset" 5257
"../../../Engine/Content/EngineMaterials/Substrate/GLints/dict_16_192_64_0p5_0p02_0015_0014.uasset" 5258
"../../../Engine/Content/EngineMaterials/Substrate/GLints/dict_16_192_64_0p5_0p02_0016_0001.uasset" 5259
"../../../Engine/Content/EngineMaterials/Substrate/GLints/dict_16_192_64_0p5_0p02_0016_0000.uasset" 5260
"../../../Engine/Content/EngineMaterials/Substrate/GLints/dict_16_192_64_0p5_0p02_0016_0002.uasset" 5261
"../../../Engine/Content/EngineMaterials/Substrate/GLints/dict_16_192_64_0p5_0p02_0016_0003.uasset" 5262
"../../../Engine/Content/EngineMaterials/Substrate/GLints/dict_16_192_64_0p5_0p02_0016_0004.uasset" 5263
"../../../Engine/Content/EngineMaterials/Substrate/GLints/dict_16_192_64_0p5_0p02_0016_0005.uasset" 5264
"../../../Engine/Content/EngineMaterials/Substrate/GLints/dict_16_192_64_0p5_0p02_0016_0006.uasset" 5265
"../../../Engine/Content/EngineMaterials/Substrate/GLints/dict_16_192_64_0p5_0p02_0016_0007.uasset" 5266
"../../../Engine/Content/EngineMaterials/Substrate/GLints/dict_16_192_64_0p5_0p02_0016_0008.uasset" 5267
"../../../Engine/Content/EngineMaterials/Substrate/GLints/dict_16_192_64_0p5_0p02_0016_0009.uasset" 5268
"../../../Engine/Content/EngineMaterials/Substrate/GLints/dict_16_192_64_0p5_0p02_0016_0010.uasset" 5269
"../../../Engine/Content/EngineMaterials/Substrate/GLints/dict_16_192_64_0p5_0p02_0016_0011.uasset" 5270
"../../../Engine/Content/EngineMaterials/Substrate/GLints/dict_16_192_64_0p5_0p02_0016_0012.uasset" 5271
"../../../Engine/Content/EngineMaterials/Substrate/GLints/dict_16_192_64_0p5_0p02_0016_0013.uasset" 5272
"../../../Engine/Content/EngineMaterials/Substrate/GLints/dict_16_192_64_0p5_0p02_0016_0014.uasset" 5273
"../../../Engine/Content/EngineMaterials/Substrate/GLints/dict_16_192_64_0p5_0p02_0016_0015.uasset" 5274
"../../../Engine/Content/EngineMaterials/Substrate/GLints/dict_16_192_64_0p5_0p02_0017_0000.uasset" 5275
"../../../Engine/Content/EngineMaterials/Substrate/GLints/dict_16_192_64_0p5_0p02_0017_0001.uasset" 5276
"../../../Engine/Content/EngineMaterials/Substrate/GLints/dict_16_192_64_0p5_0p02_0017_0002.uasset" 5277
"../../../Engine/Content/EngineMaterials/Substrate/GLints/dict_16_192_64_0p5_0p02_0017_0003.uasset" 5278
"../../../Engine/Content/EngineMaterials/Substrate/GLints/dict_16_192_64_0p5_0p02_0017_0004.uasset" 5279
"../../../Engine/Content/EngineMaterials/Substrate/GLints/dict_16_192_64_0p5_0p02_0017_0005.uasset" 5280
"../../../Engine/Content/EngineMaterials/Substrate/GLints/dict_16_192_64_0p5_0p02_0017_0006.uasset" 5281
"../../../Engine/Content/EngineMaterials/Substrate/GLints/dict_16_192_64_0p5_0p02_0017_0007.uasset" 5282
"../../../Engine/Content/EngineMaterials/Substrate/GLints/dict_16_192_64_0p5_0p02_0017_0008.uasset" 5283
"../../../Engine/Content/EngineMaterials/Substrate/GLints/dict_16_192_64_0p5_0p02_0017_0009.uasset" 5284
"../../../Engine/Content/EngineMaterials/Substrate/GLints/dict_16_192_64_0p5_0p02_0017_0010.uasset" 5285
"../../../Engine/Content/EngineMaterials/Substrate/GLints/dict_16_192_64_0p5_0p02_0017_0011.uasset" 5286
"../../../Engine/Content/EngineMaterials/Substrate/GLints/dict_16_192_64_0p5_0p02_0017_0012.uasset" 5287
"../../../Engine/Content/EngineMaterials/Substrate/GLints/dict_16_192_64_0p5_0p02_0017_0013.uasset" 5288
"/Engine/EngineMaterials/Substrate/GLints/dict_16_192_64_0p5_0p02_0017_0013" 5289
"/Engine/EngineMaterials/Substrate/GLints/dict_16_192_64_0p5_0p02_0017_0012" 5290
"/Engine/EngineMaterials/Substrate/GLints/dict_16_192_64_0p5_0p02_0017_0011" 5291
"/Engine/EngineMaterials/Substrate/GLints/dict_16_192_64_0p5_0p02_0017_0010" 5292
"/Engine/EngineMaterials/Substrate/GLints/dict_16_192_64_0p5_0p02_0017_0009" 5293
"/Engine/EngineMaterials/Substrate/GLints/dict_16_192_64_0p5_0p02_0017_0008" 5294
"/Engine/EngineMaterials/Substrate/GLints/dict_16_192_64_0p5_0p02_0017_0007" 5295
"/Engine/EngineMaterials/Substrate/GLints/dict_16_192_64_0p5_0p02_0017_0006" 5296
"/Engine/EngineMaterials/Substrate/GLints/dict_16_192_64_0p5_0p02_0017_0005" 5297
"/Engine/EngineMaterials/Substrate/GLints/dict_16_192_64_0p5_0p02_0017_0004" 5298
"/Engine/EngineMaterials/Substrate/GLints/dict_16_192_64_0p5_0p02_0017_0003" 5299
"/Engine/EngineMaterials/Substrate/GLints/dict_16_192_64_0p5_0p02_0017_0002" 5300
"/Engine/EngineMaterials/Substrate/GLints/dict_16_192_64_0p5_0p02_0017_0001" 5301
"/Engine/EngineMaterials/Substrate/GLints/dict_16_192_64_0p5_0p02_0017_0000" 5302
"/Engine/EngineMaterials/Substrate/GLints/dict_16_192_64_0p5_0p02_0016_0015" 5303
"/Engine/EngineMaterials/Substrate/GLints/dict_16_192_64_0p5_0p02_0016_0014" 5304
"/Engine/EngineMaterials/Substrate/GLints/dict_16_192_64_0p5_0p02_0016_0013" 5305
"/Engine/EngineMaterials/Substrate/GLints/dict_16_192_64_0p5_0p02_0016_0012" 5306
"/Engine/EngineMaterials/Substrate/GLints/dict_16_192_64_0p5_0p02_0016_0011" 5307
"/Engine/EngineMaterials/Substrate/GLints/dict_16_192_64_0p5_0p02_0016_0010" 5308
"/Engine/EngineMaterials/Substrate/GLints/dict_16_192_64_0p5_0p02_0016_0009" 5309
"/Engine/EngineMaterials/Substrate/GLints/dict_16_192_64_0p5_0p02_0016_0008" 5310
"/Engine/EngineMaterials/Substrate/GLints/dict_16_192_64_0p5_0p02_0016_0007" 5311
"/Engine/EngineMaterials/Substrate/GLints/dict_16_192_64_0p5_0p02_0016_0006" 5312
"/Engine/EngineMaterials/Substrate/GLints/dict_16_192_64_0p5_0p02_0016_0005" 5313
"/Engine/EngineMaterials/Substrate/GLints/dict_16_192_64_0p5_0p02_0016_0004" 5314
"/Engine/EngineMaterials/Substrate/GLints/dict_16_192_64_0p5_0p02_0016_0003" 5315
"/Engine/EngineMaterials/Substrate/GLints/dict_16_192_64_0p5_0p02_0016_0002" 5316
"/Engine/EngineMaterials/Substrate/GLints/dict_16_192_64_0p5_0p02_0016_0001" 5317
"/Engine/EngineMaterials/Substrate/GLints/dict_16_192_64_0p5_0p02_0016_0000" 5318
"/Engine/EngineMaterials/Substrate/GLints/dict_16_192_64_0p5_0p02_0015_0015" 5319
"/Engine/EngineMaterials/Substrate/GLints/dict_16_192_64_0p5_0p02_0015_0014" 5320
"../../../Engine/Content/EngineMaterials/Substrate/GLints/dict_16_192_64_0p5_0p02_0017_0015.uasset" 5321
"../../../Engine/Content/EngineMaterials/Substrate/GLints/dict_16_192_64_0p5_0p02_0017_0014.uasset" 5322
"../../../Engine/Content/EngineMaterials/Substrate/GLints/dict_16_192_64_0p5_0p02_0018_0000.uasset" 5323
"../../../Engine/Content/EngineMaterials/Substrate/GLints/dict_16_192_64_0p5_0p02_0018_0001.uasset" 5324
"../../../Engine/Content/EngineMaterials/Substrate/GLints/dict_16_192_64_0p5_0p02_0018_0002.uasset" 5325
"../../../Engine/Content/EngineMaterials/Substrate/GLints/dict_16_192_64_0p5_0p02_0018_0003.uasset" 5326
"../../../Engine/Content/EngineMaterials/Substrate/GLints/dict_16_192_64_0p5_0p02_0018_0004.uasset" 5327
"../../../Engine/Content/EngineMaterials/Substrate/GLints/dict_16_192_64_0p5_0p02_0018_0005.uasset" 5328
"../../../Engine/Content/EngineMaterials/Substrate/GLints/dict_16_192_64_0p5_0p02_0018_0006.uasset" 5329
"../../../Engine/Content/EngineMaterials/Substrate/GLints/dict_16_192_64_0p5_0p02_0018_0007.uasset" 5330
"../../../Engine/Content/EngineMaterials/Substrate/GLints/dict_16_192_64_0p5_0p02_0018_0008.uasset" 5331
"../../../Engine/Content/EngineMaterials/Substrate/GLints/dict_16_192_64_0p5_0p02_0018_0009.uasset" 5332
"../../../Engine/Content/EngineMaterials/Substrate/GLints/dict_16_192_64_0p5_0p02_0018_0010.uasset" 5333
"../../../Engine/Content/EngineMaterials/Substrate/GLints/dict_16_192_64_0p5_0p02_0018_0011.uasset" 5334
"../../../Engine/Content/EngineMaterials/Substrate/GLints/dict_16_192_64_0p5_0p02_0018_0012.uasset" 5335
"../../../Engine/Content/EngineMaterials/Substrate/GLints/dict_16_192_64_0p5_0p02_0018_0013.uasset" 5336
"../../../Engine/Content/EngineMaterials/Substrate/GLints/dict_16_192_64_0p5_0p02_0018_0014.uasset" 5337
"../../../Engine/Content/EngineMaterials/Substrate/GLints/dict_16_192_64_0p5_0p02_0018_0015.uasset" 5338
"../../../Engine/Content/EngineMaterials/Substrate/GLints/dict_16_192_64_0p5_0p02_0019_0000.uasset" 5339
"../../../Engine/Content/EngineMaterials/Substrate/GLints/dict_16_192_64_0p5_0p02_0019_0001.uasset" 5340
"../../../Engine/Content/EngineMaterials/Substrate/GLints/dict_16_192_64_0p5_0p02_0019_0002.uasset" 5341
"../../../Engine/Content/EngineMaterials/Substrate/GLints/dict_16_192_64_0p5_0p02_0019_0003.uasset" 5342
"../../../Engine/Content/EngineMaterials/Substrate/GLints/dict_16_192_64_0p5_0p02_0019_0004.uasset" 5343
"../../../Engine/Content/EngineMaterials/Substrate/GLints/dict_16_192_64_0p5_0p02_0019_0005.uasset" 5344
"../../../Engine/Content/EngineMaterials/Substrate/GLints/dict_16_192_64_0p5_0p02_0019_0006.uasset" 5345
"../../../Engine/Content/EngineMaterials/Substrate/GLints/dict_16_192_64_0p5_0p02_0019_0007.uasset" 5346
"../../../Engine/Content/EngineMaterials/Substrate/GLints/dict_16_192_64_0p5_0p02_0019_0008.uasset" 5347
"../../../Engine/Content/EngineMaterials/Substrate/GLints/dict_16_192_64_0p5_0p02_0019_0009.uasset" 5348
"../../../Engine/Content/EngineMaterials/Substrate/GLints/dict_16_192_64_0p5_0p02_0019_0010.uasset" 5349
"../../../Engine/Content/EngineMaterials/Substrate/GLints/dict_16_192_64_0p5_0p02_0019_0011.uasset" 5350
"../../../Engine/Content/EngineMaterials/Substrate/GLints/dict_16_192_64_0p5_0p02_0019_0012.uasset" 5351
"../../../Engine/Content/EngineMaterials/Substrate/GLints/dict_16_192_64_0p5_0p02_0019_0013.uasset" 5352
"/Engine/EngineMaterials/Substrate/GLints/dict_16_192_64_0p5_0p02_0019_0013" 5353
"/Engine/EngineMaterials/Substrate/GLints/dict_16_192_64_0p5_0p02_0019_0012" 5354
"/Engine/EngineMaterials/Substrate/GLints/dict_16_192_64_0p5_0p02_0019_0011" 5355
"/Engine/EngineMaterials/Substrate/GLints/dict_16_192_64_0p5_0p02_0019_0010" 5356
"/Engine/EngineMaterials/Substrate/GLints/dict_16_192_64_0p5_0p02_0019_0009" 5357
"/Engine/EngineMaterials/Substrate/GLints/dict_16_192_64_0p5_0p02_0019_0008" 5358
"/Engine/EngineMaterials/Substrate/GLints/dict_16_192_64_0p5_0p02_0019_0007" 5359
"/Engine/EngineMaterials/Substrate/GLints/dict_16_192_64_0p5_0p02_0019_0006" 5360
"/Engine/EngineMaterials/Substrate/GLints/dict_16_192_64_0p5_0p02_0019_0005" 5361
"/Engine/EngineMaterials/Substrate/GLints/dict_16_192_64_0p5_0p02_0019_0004" 5362
"/Engine/EngineMaterials/Substrate/GLints/dict_16_192_64_0p5_0p02_0019_0003" 5363
"/Engine/EngineMaterials/Substrate/GLints/dict_16_192_64_0p5_0p02_0019_0002" 5364
"/Engine/EngineMaterials/Substrate/GLints/dict_16_192_64_0p5_0p02_0019_0001" 5365
"/Engine/EngineMaterials/Substrate/GLints/dict_16_192_64_0p5_0p02_0019_0000" 5366
"/Engine/EngineMaterials/Substrate/GLints/dict_16_192_64_0p5_0p02_0018_0015" 5367
"/Engine/EngineMaterials/Substrate/GLints/dict_16_192_64_0p5_0p02_0018_0014" 5368
"/Engine/EngineMaterials/Substrate/GLints/dict_16_192_64_0p5_0p02_0018_0013" 5369
"/Engine/EngineMaterials/Substrate/GLints/dict_16_192_64_0p5_0p02_0018_0012" 5370
"/Engine/EngineMaterials/Substrate/GLints/dict_16_192_64_0p5_0p02_0018_0011" 5371
"/Engine/EngineMaterials/Substrate/GLints/dict_16_192_64_0p5_0p02_0018_0010" 5372
"/Engine/EngineMaterials/Substrate/GLints/dict_16_192_64_0p5_0p02_0018_0009" 5373
"/Engine/EngineMaterials/Substrate/GLints/dict_16_192_64_0p5_0p02_0018_0008" 5374
"/Engine/EngineMaterials/Substrate/GLints/dict_16_192_64_0p5_0p02_0018_0007" 5375
"/Engine/EngineMaterials/Substrate/GLints/dict_16_192_64_0p5_0p02_0018_0006" 5376
"/Engine/EngineMaterials/Substrate/GLints/dict_16_192_64_0p5_0p02_0018_0005" 5377
"/Engine/EngineMaterials/Substrate/GLints/dict_16_192_64_0p5_0p02_0018_0004" 5378
"/Engine/EngineMaterials/Substrate/GLints/dict_16_192_64_0p5_0p02_0018_0003" 5379
"/Engine/EngineMaterials/Substrate/GLints/dict_16_192_64_0p5_0p02_0018_0002" 5380
"/Engine/EngineMaterials/Substrate/GLints/dict_16_192_64_0p5_0p02_0018_0001" 5381
"/Engine/EngineMaterials/Substrate/GLints/dict_16_192_64_0p5_0p02_0018_0000" 5382
"/Engine/EngineMaterials/Substrate/GLints/dict_16_192_64_0p5_0p02_0017_0015" 5383
"/Engine/EngineMaterials/Substrate/GLints/dict_16_192_64_0p5_0p02_0017_0014" 5384
"../../../Engine/Content/EngineMaterials/Substrate/GLints/dict_16_192_64_0p5_0p02_0019_0014.uasset" 5385
"../../../Engine/Content/EngineMaterials/Substrate/GLints/dict_16_192_64_0p5_0p02_0019_0015.uasset" 5386
"../../../Engine/Content/EngineMaterials/Substrate/GLints/dict_16_192_64_0p5_0p02_0020_0000.uasset" 5387
"../../../Engine/Content/EngineMaterials/Substrate/GLints/dict_16_192_64_0p5_0p02_0020_0001.uasset" 5388
"../../../Engine/Content/EngineMaterials/Substrate/GLints/dict_16_192_64_0p5_0p02_0020_0002.uasset" 5389
"../../../Engine/Content/EngineMaterials/Substrate/GLints/dict_16_192_64_0p5_0p02_0020_0003.uasset" 5390
"../../../Engine/Content/EngineMaterials/Substrate/GLints/dict_16_192_64_0p5_0p02_0020_0004.uasset" 5391
"../../../Engine/Content/EngineMaterials/Substrate/GLints/dict_16_192_64_0p5_0p02_0020_0005.uasset" 5392
"../../../Engine/Content/EngineMaterials/Substrate/GLints/dict_16_192_64_0p5_0p02_0020_0006.uasset" 5393
"../../../Engine/Content/EngineMaterials/Substrate/GLints/dict_16_192_64_0p5_0p02_0020_0007.uasset" 5394
"../../../Engine/Content/EngineMaterials/Substrate/GLints/dict_16_192_64_0p5_0p02_0020_0008.uasset" 5395
"../../../Engine/Content/EngineMaterials/Substrate/GLints/dict_16_192_64_0p5_0p02_0020_0009.uasset" 5396
"../../../Engine/Content/EngineMaterials/Substrate/GLints/dict_16_192_64_0p5_0p02_0020_0010.uasset" 5397
"../../../Engine/Content/EngineMaterials/Substrate/GLints/dict_16_192_64_0p5_0p02_0020_0011.uasset" 5398
"../../../Engine/Content/EngineMaterials/Substrate/GLints/dict_16_192_64_0p5_0p02_0020_0012.uasset" 5399
"../../../Engine/Content/EngineMaterials/Substrate/GLints/dict_16_192_64_0p5_0p02_0020_0013.uasset" 5400
"../../../Engine/Content/EngineMaterials/Substrate/GLints/dict_16_192_64_0p5_0p02_0020_0014.uasset" 5401
"../../../Engine/Content/EngineMaterials/Substrate/GLints/dict_16_192_64_0p5_0p02_0020_0015.uasset" 5402
"../../../Engine/Content/EngineMaterials/Substrate/GLints/dict_16_192_64_0p5_0p02_0021_0000.uasset" 5403
"../../../Engine/Content/EngineMaterials/Substrate/GLints/dict_16_192_64_0p5_0p02_0021_0001.uasset" 5404
"../../../Engine/Content/EngineMaterials/Substrate/GLints/dict_16_192_64_0p5_0p02_0021_0002.uasset" 5405
"../../../Engine/Content/EngineMaterials/Substrate/GLints/dict_16_192_64_0p5_0p02_0021_0003.uasset" 5406
"../../../Engine/Content/EngineMaterials/Substrate/GLints/dict_16_192_64_0p5_0p02_0021_0004.uasset" 5407
"../../../Engine/Content/EngineMaterials/Substrate/GLints/dict_16_192_64_0p5_0p02_0021_0005.uasset" 5408
"../../../Engine/Content/EngineMaterials/Substrate/GLints/dict_16_192_64_0p5_0p02_0021_0006.uasset" 5409
"../../../Engine/Content/EngineMaterials/Substrate/GLints/dict_16_192_64_0p5_0p02_0021_0008.uasset" 5410
"../../../Engine/Content/EngineMaterials/Substrate/GLints/dict_16_192_64_0p5_0p02_0021_0007.uasset" 5411
"../../../Engine/Content/EngineMaterials/Substrate/GLints/dict_16_192_64_0p5_0p02_0021_0009.uasset" 5412
"../../../Engine/Content/EngineMaterials/Substrate/GLints/dict_16_192_64_0p5_0p02_0021_0010.uasset" 5413
"../../../Engine/Content/EngineMaterials/Substrate/GLints/dict_16_192_64_0p5_0p02_0021_0011.uasset" 5414
"../../../Engine/Content/EngineMaterials/Substrate/GLints/dict_16_192_64_0p5_0p02_0021_0012.uasset" 5415
"../../../Engine/Content/EngineMaterials/Substrate/GLints/dict_16_192_64_0p5_0p02_0021_0013.uasset" 5416
"/Engine/EngineMaterials/Substrate/GLints/dict_16_192_64_0p5_0p02_0021_0013" 5417
"/Engine/EngineMaterials/Substrate/GLints/dict_16_192_64_0p5_0p02_0021_0012" 5418
"/Engine/EngineMaterials/Substrate/GLints/dict_16_192_64_0p5_0p02_0021_0011" 5419
"/Engine/EngineMaterials/Substrate/GLints/dict_16_192_64_0p5_0p02_0021_0010" 5420
"/Engine/EngineMaterials/Substrate/GLints/dict_16_192_64_0p5_0p02_0021_0009" 5421
"/Engine/EngineMaterials/Substrate/GLints/dict_16_192_64_0p5_0p02_0021_0008" 5422
"/Engine/EngineMaterials/Substrate/GLints/dict_16_192_64_0p5_0p02_0021_0007" 5423
"/Engine/EngineMaterials/Substrate/GLints/dict_16_192_64_0p5_0p02_0021_0006" 5424
"/Engine/EngineMaterials/Substrate/GLints/dict_16_192_64_0p5_0p02_0021_0005" 5425
"/Engine/EngineMaterials/Substrate/GLints/dict_16_192_64_0p5_0p02_0021_0004" 5426
"/Engine/EngineMaterials/Substrate/GLints/dict_16_192_64_0p5_0p02_0021_0003" 5427
"/Engine/EngineMaterials/Substrate/GLints/dict_16_192_64_0p5_0p02_0021_0002" 5428
"/Engine/EngineMaterials/Substrate/GLints/dict_16_192_64_0p5_0p02_0021_0001" 5429
"/Engine/EngineMaterials/Substrate/GLints/dict_16_192_64_0p5_0p02_0021_0000" 5430
"/Engine/EngineMaterials/Substrate/GLints/dict_16_192_64_0p5_0p02_0020_0015" 5431
"/Engine/EngineMaterials/Substrate/GLints/dict_16_192_64_0p5_0p02_0020_0014" 5432
"/Engine/EngineMaterials/Substrate/GLints/dict_16_192_64_0p5_0p02_0020_0013" 5433
"/Engine/EngineMaterials/Substrate/GLints/dict_16_192_64_0p5_0p02_0020_0012" 5434
"/Engine/EngineMaterials/Substrate/GLints/dict_16_192_64_0p5_0p02_0020_0011" 5435
"/Engine/EngineMaterials/Substrate/GLints/dict_16_192_64_0p5_0p02_0020_0010" 5436
"/Engine/EngineMaterials/Substrate/GLints/dict_16_192_64_0p5_0p02_0020_0009" 5437
"/Engine/EngineMaterials/Substrate/GLints/dict_16_192_64_0p5_0p02_0020_0008" 5438
"/Engine/EngineMaterials/Substrate/GLints/dict_16_192_64_0p5_0p02_0020_0007" 5439
"/Engine/EngineMaterials/Substrate/GLints/dict_16_192_64_0p5_0p02_0020_0006" 5440
"/Engine/EngineMaterials/Substrate/GLints/dict_16_192_64_0p5_0p02_0020_0005" 5441
"/Engine/EngineMaterials/Substrate/GLints/dict_16_192_64_0p5_0p02_0020_0004" 5442
"/Engine/EngineMaterials/Substrate/GLints/dict_16_192_64_0p5_0p02_0020_0003" 5443
"/Engine/EngineMaterials/Substrate/GLints/dict_16_192_64_0p5_0p02_0020_0002" 5444
"/Engine/EngineMaterials/Substrate/GLints/dict_16_192_64_0p5_0p02_0020_0001" 5445
"/Engine/EngineMaterials/Substrate/GLints/dict_16_192_64_0p5_0p02_0020_0000" 5446
"/Engine/EngineMaterials/Substrate/GLints/dict_16_192_64_0p5_0p02_0019_0015" 5447
"/Engine/EngineMaterials/Substrate/GLints/dict_16_192_64_0p5_0p02_0019_0014" 5448
"../../../Engine/Content/EngineMaterials/Substrate/GLints/dict_16_192_64_0p5_0p02_0021_0014.uasset" 5449
"../../../Engine/Content/EngineMaterials/Substrate/GLints/dict_16_192_64_0p5_0p02_0021_0015.uasset" 5450
"../../../Engine/Content/EngineMaterials/Substrate/GLints/dict_16_192_64_0p5_0p02_0022_0000.uasset" 5451
"../../../Engine/Content/EngineMaterials/Substrate/GLints/dict_16_192_64_0p5_0p02_0022_0001.uasset" 5452
"../../../Engine/Content/EngineMaterials/Substrate/GLints/dict_16_192_64_0p5_0p02_0022_0002.uasset" 5453
"../../../Engine/Content/EngineMaterials/Substrate/GLints/dict_16_192_64_0p5_0p02_0022_0003.uasset" 5454
"../../../Engine/Content/EngineMaterials/Substrate/GLints/dict_16_192_64_0p5_0p02_0022_0004.uasset" 5455
"../../../Engine/Content/EngineMaterials/Substrate/GLints/dict_16_192_64_0p5_0p02_0022_0005.uasset" 5456
"../../../Engine/Content/EngineMaterials/Substrate/GLints/dict_16_192_64_0p5_0p02_0022_0006.uasset" 5457
"../../../Engine/Content/EngineMaterials/Substrate/GLints/dict_16_192_64_0p5_0p02_0022_0007.uasset" 5458
"../../../Engine/Content/EngineMaterials/Substrate/GLints/dict_16_192_64_0p5_0p02_0022_0008.uasset" 5459
"../../../Engine/Content/EngineMaterials/Substrate/GLints/dict_16_192_64_0p5_0p02_0022_0009.uasset" 5460
"../../../Engine/Content/EngineMaterials/Substrate/GLints/dict_16_192_64_0p5_0p02_0022_0010.uasset" 5461
"../../../Engine/Content/EngineMaterials/Substrate/GLints/dict_16_192_64_0p5_0p02_0022_0011.uasset" 5462
"../../../Engine/Content/EngineMaterials/Substrate/GLints/dict_16_192_64_0p5_0p02_0022_0012.uasset" 5463
"../../../Engine/Content/EngineMaterials/Substrate/GLints/dict_16_192_64_0p5_0p02_0022_0013.uasset" 5464
"../../../Engine/Content/EngineMaterials/Substrate/GLints/dict_16_192_64_0p5_0p02_0022_0014.uasset" 5465
"../../../Engine/Content/EngineMaterials/Substrate/GLints/dict_16_192_64_0p5_0p02_0022_0015.uasset" 5466
"../../../Engine/Content/EngineMaterials/Substrate/GLints/dict_16_192_64_0p5_0p02_0023_0000.uasset" 5467
"../../../Engine/Content/EngineMaterials/Substrate/GLints/dict_16_192_64_0p5_0p02_0023_0001.uasset" 5468
"../../../Engine/Content/EngineMaterials/Substrate/GLints/dict_16_192_64_0p5_0p02_0023_0002.uasset" 5469
"../../../Engine/Content/EngineMaterials/Substrate/GLints/dict_16_192_64_0p5_0p02_0023_0003.uasset" 5470
"../../../Engine/Content/EngineMaterials/Substrate/GLints/dict_16_192_64_0p5_0p02_0023_0004.uasset" 5471
"../../../Engine/Content/EngineMaterials/Substrate/GLints/dict_16_192_64_0p5_0p02_0023_0005.uasset" 5472
"../../../Engine/Content/EngineMaterials/Substrate/GLints/dict_16_192_64_0p5_0p02_0023_0006.uasset" 5473
"../../../Engine/Content/EngineMaterials/Substrate/GLints/dict_16_192_64_0p5_0p02_0023_0007.uasset" 5474
"../../../Engine/Content/EngineMaterials/Substrate/GLints/dict_16_192_64_0p5_0p02_0023_0008.uasset" 5475
"../../../Engine/Content/EngineMaterials/Substrate/GLints/dict_16_192_64_0p5_0p02_0023_0009.uasset" 5476
"../../../Engine/Content/EngineMaterials/Substrate/GLints/dict_16_192_64_0p5_0p02_0023_0010.uasset" 5477
"../../../Engine/Content/EngineMaterials/Substrate/GLints/dict_16_192_64_0p5_0p02_0023_0011.uasset" 5478
"../../../Engine/Content/EngineMaterials/Substrate/GLints/dict_16_192_64_0p5_0p02_0023_0012.uasset" 5479
"../../../Engine/Content/EngineMaterials/Substrate/GLints/dict_16_192_64_0p5_0p02_0023_0013.uasset" 5480
"/Engine/EngineMaterials/Substrate/GLints/dict_16_192_64_0p5_0p02_0023_0013" 5481
"/Engine/EngineMaterials/Substrate/GLints/dict_16_192_64_0p5_0p02_0023_0012" 5482
"/Engine/EngineMaterials/Substrate/GLints/dict_16_192_64_0p5_0p02_0023_0011" 5483
"/Engine/EngineMaterials/Substrate/GLints/dict_16_192_64_0p5_0p02_0023_0010" 5484
"/Engine/EngineMaterials/Substrate/GLints/dict_16_192_64_0p5_0p02_0023_0009" 5485
"/Engine/EngineMaterials/Substrate/GLints/dict_16_192_64_0p5_0p02_0023_0008" 5486
"/Engine/EngineMaterials/Substrate/GLints/dict_16_192_64_0p5_0p02_0023_0007" 5487
"/Engine/EngineMaterials/Substrate/GLints/dict_16_192_64_0p5_0p02_0023_0006" 5488
"/Engine/EngineMaterials/Substrate/GLints/dict_16_192_64_0p5_0p02_0023_0005" 5489
"/Engine/EngineMaterials/Substrate/GLints/dict_16_192_64_0p5_0p02_0023_0004" 5490
"/Engine/EngineMaterials/Substrate/GLints/dict_16_192_64_0p5_0p02_0023_0003" 5491
"/Engine/EngineMaterials/Substrate/GLints/dict_16_192_64_0p5_0p02_0023_0002" 5492
"/Engine/EngineMaterials/Substrate/GLints/dict_16_192_64_0p5_0p02_0023_0001" 5493
"/Engine/EngineMaterials/Substrate/GLints/dict_16_192_64_0p5_0p02_0023_0000" 5494
"/Engine/EngineMaterials/Substrate/GLints/dict_16_192_64_0p5_0p02_0022_0015" 5495
"/Engine/EngineMaterials/Substrate/GLints/dict_16_192_64_0p5_0p02_0022_0014" 5496
"/Engine/EngineMaterials/Substrate/GLints/dict_16_192_64_0p5_0p02_0022_0013" 5497
"/Engine/EngineMaterials/Substrate/GLints/dict_16_192_64_0p5_0p02_0022_0012" 5498
"/Engine/EngineMaterials/Substrate/GLints/dict_16_192_64_0p5_0p02_0022_0011" 5499
"/Engine/EngineMaterials/Substrate/GLints/dict_16_192_64_0p5_0p02_0022_0010" 5500
"/Engine/EngineMaterials/Substrate/GLints/dict_16_192_64_0p5_0p02_0022_0009" 5501
"/Engine/EngineMaterials/Substrate/GLints/dict_16_192_64_0p5_0p02_0022_0008" 5502
"/Engine/EngineMaterials/Substrate/GLints/dict_16_192_64_0p5_0p02_0022_0007" 5503
"/Engine/EngineMaterials/Substrate/GLints/dict_16_192_64_0p5_0p02_0022_0006" 5504
"/Engine/EngineMaterials/Substrate/GLints/dict_16_192_64_0p5_0p02_0022_0005" 5505
"/Engine/EngineMaterials/Substrate/GLints/dict_16_192_64_0p5_0p02_0022_0004" 5506
"/Engine/EngineMaterials/Substrate/GLints/dict_16_192_64_0p5_0p02_0022_0003" 5507
"/Engine/EngineMaterials/Substrate/GLints/dict_16_192_64_0p5_0p02_0022_0002" 5508
"/Engine/EngineMaterials/Substrate/GLints/dict_16_192_64_0p5_0p02_0022_0001" 5509
"/Engine/EngineMaterials/Substrate/GLints/dict_16_192_64_0p5_0p02_0022_0000" 5510
"/Engine/EngineMaterials/Substrate/GLints/dict_16_192_64_0p5_0p02_0021_0015" 5511
"/Engine/EngineMaterials/Substrate/GLints/dict_16_192_64_0p5_0p02_0021_0014" 5512
"../../../Engine/Content/EngineMaterials/Substrate/GLints/dict_16_192_64_0p5_0p02_0023_0014.uasset" 5513
"../../../Engine/Content/EngineMaterials/Substrate/GLints/dict_16_192_64_0p5_0p02_0023_0015.uasset" 5514
"../../../Engine/Content/EngineMaterials/Substrate/GLints/dict_16_192_64_0p5_0p02_0024_0000.uasset" 5515
"../../../Engine/Content/EngineMaterials/Substrate/GLints/dict_16_192_64_0p5_0p02_0024_0001.uasset" 5516
"../../../Engine/Content/EngineMaterials/Substrate/GLints/dict_16_192_64_0p5_0p02_0024_0002.uasset" 5517
"../../../Engine/Content/EngineMaterials/Substrate/GLints/dict_16_192_64_0p5_0p02_0024_0003.uasset" 5518
"../../../Engine/Content/EngineMaterials/Substrate/GLints/dict_16_192_64_0p5_0p02_0024_0004.uasset" 5519
"../../../Engine/Content/EngineMaterials/Substrate/GLints/dict_16_192_64_0p5_0p02_0024_0005.uasset" 5520
"../../../Engine/Content/EngineMaterials/Substrate/GLints/dict_16_192_64_0p5_0p02_0024_0006.uasset" 5521
"../../../Engine/Content/EngineMaterials/Substrate/GLints/dict_16_192_64_0p5_0p02_0024_0007.uasset" 5522
"../../../Engine/Content/EngineMaterials/Substrate/GLints/dict_16_192_64_0p5_0p02_0024_0008.uasset" 5523
"../../../Engine/Content/EngineMaterials/Substrate/GLints/dict_16_192_64_0p5_0p02_0024_0009.uasset" 5524
"../../../Engine/Content/EngineMaterials/Substrate/GLints/dict_16_192_64_0p5_0p02_0024_0010.uasset" 5525
"../../../Engine/Content/EngineMaterials/Substrate/GLints/dict_16_192_64_0p5_0p02_0024_0011.uasset" 5526
"../../../Engine/Content/EngineMaterials/Substrate/GLints/dict_16_192_64_0p5_0p02_0024_0012.uasset" 5527
"../../../Engine/Content/EngineMaterials/Substrate/GLints/dict_16_192_64_0p5_0p02_0024_0013.uasset" 5528
"../../../Engine/Content/EngineMaterials/Substrate/GLints/dict_16_192_64_0p5_0p02_0024_0014.uasset" 5529
"../../../Engine/Content/EngineMaterials/Substrate/GLints/dict_16_192_64_0p5_0p02_0024_0015.uasset" 5530
"../../../Engine/Content/EngineMaterials/Substrate/GLints/dict_16_192_64_0p5_0p02_0025_0000.uasset" 5531
"../../../Engine/Content/EngineMaterials/Substrate/GLints/dict_16_192_64_0p5_0p02_0025_0001.uasset" 5532
"../../../Engine/Content/EngineMaterials/Substrate/GLints/dict_16_192_64_0p5_0p02_0025_0002.uasset" 5533
"../../../Engine/Content/EngineMaterials/Substrate/GLints/dict_16_192_64_0p5_0p02_0025_0003.uasset" 5534
"../../../Engine/Content/EngineMaterials/Substrate/GLints/dict_16_192_64_0p5_0p02_0025_0004.uasset" 5535
"../../../Engine/Content/EngineMaterials/Substrate/GLints/dict_16_192_64_0p5_0p02_0025_0005.uasset" 5536
"../../../Engine/Content/EngineMaterials/Substrate/GLints/dict_16_192_64_0p5_0p02_0025_0006.uasset" 5537
"../../../Engine/Content/EngineMaterials/Substrate/GLints/dict_16_192_64_0p5_0p02_0025_0007.uasset" 5538
"../../../Engine/Content/EngineMaterials/Substrate/GLints/dict_16_192_64_0p5_0p02_0025_0008.uasset" 5539
"../../../Engine/Content/EngineMaterials/Substrate/GLints/dict_16_192_64_0p5_0p02_0025_0009.uasset" 5540
"../../../Engine/Content/EngineMaterials/Substrate/GLints/dict_16_192_64_0p5_0p02_0025_0010.uasset" 5541
"../../../Engine/Content/EngineMaterials/Substrate/GLints/dict_16_192_64_0p5_0p02_0025_0011.uasset" 5542
"../../../Engine/Content/EngineMaterials/Substrate/GLints/dict_16_192_64_0p5_0p02_0025_0012.uasset" 5543
"../../../Engine/Content/EngineMaterials/Substrate/GLints/dict_16_192_64_0p5_0p02_0025_0013.uasset" 5544
"/Engine/EngineMaterials/Substrate/GLints/dict_16_192_64_0p5_0p02_0025_0012" 5545
"/Engine/EngineMaterials/Substrate/GLints/dict_16_192_64_0p5_0p02_0025_0011" 5546
"/Engine/EngineMaterials/Substrate/GLints/dict_16_192_64_0p5_0p02_0025_0010" 5547
"/Engine/EngineMaterials/Substrate/GLints/dict_16_192_64_0p5_0p02_0025_0009" 5548
"/Engine/EngineMaterials/Substrate/GLints/dict_16_192_64_0p5_0p02_0025_0008" 5549
"/Engine/EngineMaterials/Substrate/GLints/dict_16_192_64_0p5_0p02_0025_0007" 5550
"/Engine/EngineMaterials/Substrate/GLints/dict_16_192_64_0p5_0p02_0025_0006" 5551
"/Engine/EngineMaterials/Substrate/GLints/dict_16_192_64_0p5_0p02_0025_0005" 5552
"/Engine/EngineMaterials/Substrate/GLints/dict_16_192_64_0p5_0p02_0025_0004" 5553
"/Engine/EngineMaterials/Substrate/GLints/dict_16_192_64_0p5_0p02_0025_0003" 5554
"/Engine/EngineMaterials/Substrate/GLints/dict_16_192_64_0p5_0p02_0025_0002" 5555
"/Engine/EngineMaterials/Substrate/GLints/dict_16_192_64_0p5_0p02_0025_0001" 5556
"/Engine/EngineMaterials/Substrate/GLints/dict_16_192_64_0p5_0p02_0025_0000" 5557
"/Engine/EngineMaterials/Substrate/GLints/dict_16_192_64_0p5_0p02_0024_0015" 5558
"/Engine/EngineMaterials/Substrate/GLints/dict_16_192_64_0p5_0p02_0024_0014" 5559
"/Engine/EngineMaterials/Substrate/GLints/dict_16_192_64_0p5_0p02_0024_0013" 5560
"/Engine/EngineMaterials/Substrate/GLints/dict_16_192_64_0p5_0p02_0024_0012" 5561
"/Engine/EngineMaterials/Substrate/GLints/dict_16_192_64_0p5_0p02_0024_0011" 5562
"/Engine/EngineMaterials/Substrate/GLints/dict_16_192_64_0p5_0p02_0024_0010" 5563
"/Engine/EngineMaterials/Substrate/GLints/dict_16_192_64_0p5_0p02_0024_0009" 5564
"/Engine/EngineMaterials/Substrate/GLints/dict_16_192_64_0p5_0p02_0024_0008" 5565
"/Engine/EngineMaterials/Substrate/GLints/dict_16_192_64_0p5_0p02_0024_0007" 5566
"/Engine/EngineMaterials/Substrate/GLints/dict_16_192_64_0p5_0p02_0024_0006" 5567
"/Engine/EngineMaterials/Substrate/GLints/dict_16_192_64_0p5_0p02_0024_0005" 5568
"/Engine/EngineMaterials/Substrate/GLints/dict_16_192_64_0p5_0p02_0024_0004" 5569
"/Engine/EngineMaterials/Substrate/GLints/dict_16_192_64_0p5_0p02_0024_0003" 5570
"/Engine/EngineMaterials/Substrate/GLints/dict_16_192_64_0p5_0p02_0024_0002" 5571
"/Engine/EngineMaterials/Substrate/GLints/dict_16_192_64_0p5_0p02_0024_0001" 5572
"/Engine/EngineMaterials/Substrate/GLints/dict_16_192_64_0p5_0p02_0024_0000" 5573
"/Engine/EngineMaterials/Substrate/GLints/dict_16_192_64_0p5_0p02_0023_0015" 5574
"/Engine/EngineMaterials/Substrate/GLints/dict_16_192_64_0p5_0p02_0023_0014" 5575
"../../../Engine/Content/EngineMaterials/Substrate/GLints/dict_16_192_64_0p5_0p02_0025_0014.uasset" 5576
"../../../Engine/Content/EngineMaterials/Substrate/GLints/dict_16_192_64_0p5_0p02_0025_0015.uasset" 5577
"/Engine/EngineMaterials/Substrate/GLints/dict_16_192_64_0p5_0p02_0025_0013" 5578
"../../../Engine/Content/EngineMaterials/Substrate/GLints/dict_16_192_64_0p5_0p02_0026_0000.uasset" 5579
"../../../Engine/Content/EngineMaterials/Substrate/GLints/dict_16_192_64_0p5_0p02_0026_0001.uasset" 5580
"../../../Engine/Content/EngineMaterials/Substrate/GLints/dict_16_192_64_0p5_0p02_0026_0002.uasset" 5581
"/Engine/EngineMaterials/Substrate/GLints/dict_16_192_64_0p5_0p02_0025_0015" 5582
"../../../Engine/Content/EngineMaterials/Substrate/GLints/dict_16_192_64_0p5_0p02_0026_0003.uasset" 5583
"../../../Engine/Content/EngineMaterials/Substrate/GLints/dict_16_192_64_0p5_0p02_0026_0004.uasset" 5584
"../../../Engine/Content/EngineMaterials/Substrate/GLints/dict_16_192_64_0p5_0p02_0026_0005.uasset" 5585
"/Engine/EngineMaterials/Substrate/GLints/dict_16_192_64_0p5_0p02_0025_0014" 5586
"../../../Engine/Content/EngineMaterials/Substrate/GLints/dict_16_192_64_0p5_0p02_0026_0006.uasset" 5587
"../../../Engine/Content/EngineMaterials/Substrate/GLints/dict_16_192_64_0p5_0p02_0026_0007.uasset" 5588
"/Engine/EngineMaterials/Substrate/GLints/dict_16_192_64_0p5_0p02_0026_0004" 5589
"../../../Engine/Content/EngineMaterials/Substrate/GLints/dict_16_192_64_0p5_0p02_0026_0009.uasset" 5590
"../../../Engine/Content/EngineMaterials/Substrate/GLints/dict_16_192_64_0p5_0p02_0026_0008.uasset" 5591
"../../../Engine/Content/EngineMaterials/Substrate/GLints/dict_16_192_64_0p5_0p02_0026_0010.uasset" 5592
"../../../Engine/Content/EngineMaterials/Substrate/GLints/dict_16_192_64_0p5_0p02_0026_0011.uasset" 5593
"/Engine/EngineMaterials/Substrate/GLints/dict_16_192_64_0p5_0p02_0026_0003" 5594
"../../../Engine/Content/EngineMaterials/Substrate/GLints/dict_16_192_64_0p5_0p02_0026_0012.uasset" 5595
"../../../Engine/Content/EngineMaterials/Substrate/GLints/dict_16_192_64_0p5_0p02_0026_0013.uasset" 5596
"../../../Engine/Content/EngineMaterials/Substrate/GLints/dict_16_192_64_0p5_0p02_0026_0014.uasset" 5597
"../../../Engine/Content/EngineMaterials/Substrate/GLints/dict_16_192_64_0p5_0p02_0026_0015.uasset" 5598
"../../../Engine/Content/EngineMaterials/Substrate/GLints/dict_16_192_64_0p5_0p02_0027_0000.uasset" 5599
"/Engine/EngineMaterials/Substrate/GLints/dict_16_192_64_0p5_0p02_0026_0002" 5600
"../../../Engine/Content/EngineMaterials/Substrate/GLints/dict_16_192_64_0p5_0p02_0027_0002.uasset" 5601
"../../../Engine/Content/EngineMaterials/Substrate/GLints/dict_16_192_64_0p5_0p02_0027_0001.uasset" 5602
"../../../Engine/Content/EngineMaterials/Substrate/GLints/dict_16_192_64_0p5_0p02_0027_0003.uasset" 5603
"../../../Engine/Content/EngineMaterials/Substrate/GLints/dict_16_192_64_0p5_0p02_0027_0004.uasset" 5604
"/Engine/EngineMaterials/Substrate/GLints/dict_16_192_64_0p5_0p02_0026_0001" 5605
"../../../Engine/Content/EngineMaterials/Substrate/GLints/dict_16_192_64_0p5_0p02_0027_0006.uasset" 5606
"../../../Engine/Content/EngineMaterials/Substrate/GLints/dict_16_192_64_0p5_0p02_0027_0005.uasset" 5607
"../../../Engine/Content/EngineMaterials/Substrate/GLints/dict_16_192_64_0p5_0p02_0027_0007.uasset" 5608
"../../../Engine/Content/EngineMaterials/Substrate/GLints/dict_16_192_64_0p5_0p02_0027_0009.uasset" 5609
"../../../Engine/Content/EngineMaterials/Substrate/GLints/dict_16_192_64_0p5_0p02_0027_0008.uasset" 5610
"/Engine/EngineMaterials/Substrate/GLints/dict_16_192_64_0p5_0p02_0026_0000" 5611
"../../../Engine/Content/EngineMaterials/Substrate/GLints/dict_16_192_64_0p5_0p02_0027_0010.uasset" 5612
"../../../Engine/Content/EngineMaterials/Substrate/GLints/dict_16_192_64_0p5_0p02_0027_0011.uasset" 5613
"../../../Engine/Content/EngineMaterials/Substrate/GLints/dict_16_192_64_0p5_0p02_0027_0012.uasset" 5614
"../../../Engine/Content/EngineMaterials/Substrate/GLints/dict_16_192_64_0p5_0p02_0027_0013.uasset" 5615
"../../../Engine/Content/EngineMaterials/Substrate/GLints/dict_16_192_64_0p5_0p02_0027_0015.uasset" 5616
"../../../Engine/Content/EngineMaterials/Substrate/GLints/dict_16_192_64_0p5_0p02_0027_0014.uasset" 5617
"../../../Engine/Content/EngineMaterials/Substrate/GLints/dict_16_192_64_0p5_0p02_0028_0000.uasset" 5618
"/Engine/EngineMaterials/Substrate/GLints/dict_16_192_64_0p5_0p02_0027_0012" 5619
"../../../Engine/Content/EngineMaterials/Substrate/GLints/dict_16_192_64_0p5_0p02_0028_0002.uasset" 5620
"../../../Engine/Content/EngineMaterials/Substrate/GLints/dict_16_192_64_0p5_0p02_0028_0001.uasset" 5621
"../../../Engine/Content/EngineMaterials/Substrate/GLints/dict_16_192_64_0p5_0p02_0028_0003.uasset" 5622
"../../../Engine/Content/EngineMaterials/Substrate/GLints/dict_16_192_64_0p5_0p02_0028_0004.uasset" 5623
"/Engine/EngineMaterials/Substrate/GLints/dict_16_192_64_0p5_0p02_0027_0011" 5624
"/Engine/EngineMaterials/Substrate/GLints/dict_16_192_64_0p5_0p02_0027_0010" 5625
"/Engine/EngineMaterials/Substrate/GLints/dict_16_192_64_0p5_0p02_0027_0009" 5626
"/Engine/EngineMaterials/Substrate/GLints/dict_16_192_64_0p5_0p02_0027_0008" 5627
"/Engine/EngineMaterials/Substrate/GLints/dict_16_192_64_0p5_0p02_0027_0007" 5628
"/Engine/EngineMaterials/Substrate/GLints/dict_16_192_64_0p5_0p02_0027_0006" 5629
"/Engine/EngineMaterials/Substrate/GLints/dict_16_192_64_0p5_0p02_0027_0005" 5630
"/Engine/EngineMaterials/Substrate/GLints/dict_16_192_64_0p5_0p02_0027_0004" 5631
"/Engine/EngineMaterials/Substrate/GLints/dict_16_192_64_0p5_0p02_0027_0003" 5632
"/Engine/EngineMaterials/Substrate/GLints/dict_16_192_64_0p5_0p02_0027_0002" 5633
"/Engine/EngineMaterials/Substrate/GLints/dict_16_192_64_0p5_0p02_0027_0001" 5634
"/Engine/EngineMaterials/Substrate/GLints/dict_16_192_64_0p5_0p02_0027_0000" 5635
"/Engine/EngineMaterials/Substrate/GLints/dict_16_192_64_0p5_0p02_0026_0015" 5636
"/Engine/EngineMaterials/Substrate/GLints/dict_16_192_64_0p5_0p02_0026_0014" 5637
"/Engine/EngineMaterials/Substrate/GLints/dict_16_192_64_0p5_0p02_0026_0013" 5638
"/Engine/EngineMaterials/Substrate/GLints/dict_16_192_64_0p5_0p02_0026_0012" 5639
"/Engine/EngineMaterials/Substrate/GLints/dict_16_192_64_0p5_0p02_0026_0011" 5640
"/Engine/EngineMaterials/Substrate/GLints/dict_16_192_64_0p5_0p02_0026_0010" 5641
"/Engine/EngineMaterials/Substrate/GLints/dict_16_192_64_0p5_0p02_0026_0009" 5642
"/Engine/EngineMaterials/Substrate/GLints/dict_16_192_64_0p5_0p02_0026_0008" 5643
"/Engine/EngineMaterials/Substrate/GLints/dict_16_192_64_0p5_0p02_0026_0007" 5644
"/Engine/EngineMaterials/Substrate/GLints/dict_16_192_64_0p5_0p02_0026_0006" 5645
"/Engine/EngineMaterials/Substrate/GLints/dict_16_192_64_0p5_0p02_0026_0005" 5646
"/Engine/EngineMaterials/Substrate/GLints/dict_16_192_64_0p5_0p02_0027_0014" 5647
"../../../Engine/Content/EngineMaterials/Substrate/GLints/dict_16_192_64_0p5_0p02_0028_0006.uasset" 5648
"../../../Engine/Content/EngineMaterials/Substrate/GLints/dict_16_192_64_0p5_0p02_0028_0007.uasset" 5649
"/Engine/EngineMaterials/Substrate/GLints/dict_16_192_64_0p5_0p02_0027_0013" 5650
"../../../Engine/Content/EngineMaterials/Substrate/GLints/dict_16_192_64_0p5_0p02_0028_0005.uasset" 5651
"../../../Engine/Content/EngineMaterials/Substrate/GLints/dict_16_192_64_0p5_0p02_0028_0008.uasset" 5652
"../../../Engine/Content/EngineMaterials/Substrate/GLints/dict_16_192_64_0p5_0p02_0028_0009.uasset" 5653
"../../../Engine/Content/EngineMaterials/Substrate/GLints/dict_16_192_64_0p5_0p02_0028_0011.uasset" 5654
"/Engine/EngineMaterials/Substrate/GLints/dict_16_192_64_0p5_0p02_0028_0004" 5655
"../../../Engine/Content/EngineMaterials/Substrate/GLints/dict_16_192_64_0p5_0p02_0028_0010.uasset" 5656
"../../../Engine/Content/EngineMaterials/Substrate/GLints/dict_16_192_64_0p5_0p02_0028_0012.uasset" 5657
"/Engine/EngineMaterials/Substrate/GLints/dict_16_192_64_0p5_0p02_0028_0003" 5658
"../../../Engine/Content/EngineMaterials/Substrate/GLints/dict_16_192_64_0p5_0p02_0028_0013.uasset" 5659
"../../../Engine/Content/EngineMaterials/Substrate/GLints/dict_16_192_64_0p5_0p02_0028_0014.uasset" 5660
"../../../Engine/Content/EngineMaterials/Substrate/GLints/dict_16_192_64_0p5_0p02_0028_0015.uasset" 5661
"/Engine/EngineMaterials/Substrate/GLints/dict_16_192_64_0p5_0p02_0028_0002" 5662
"../../../Engine/Content/EngineMaterials/Substrate/GLints/dict_16_192_64_0p5_0p02_0029_0000.uasset" 5663
"../../../Engine/Content/EngineMaterials/Substrate/GLints/dict_16_192_64_0p5_0p02_0029_0002.uasset" 5664
"/Engine/EngineMaterials/Substrate/GLints/dict_16_192_64_0p5_0p02_0028_0001" 5665
"../../../Engine/Content/EngineMaterials/Substrate/GLints/dict_16_192_64_0p5_0p02_0029_0001.uasset" 5666
"../../../Engine/Content/EngineMaterials/Substrate/GLints/dict_16_192_64_0p5_0p02_0029_0003.uasset" 5667
"../../../Engine/Content/EngineMaterials/Substrate/GLints/dict_16_192_64_0p5_0p02_0029_0004.uasset" 5668
"../../../Engine/Content/EngineMaterials/Substrate/GLints/dict_16_192_64_0p5_0p02_0029_0005.uasset" 5669
"/Engine/EngineMaterials/Substrate/GLints/dict_16_192_64_0p5_0p02_0028_0000" 5670
"../../../Engine/Content/EngineMaterials/Substrate/GLints/dict_16_192_64_0p5_0p02_0029_0006.uasset" 5671
"../../../Engine/Content/EngineMaterials/Substrate/GLints/dict_16_192_64_0p5_0p02_0029_0007.uasset" 5672
"../../../Engine/Content/EngineMaterials/Substrate/GLints/dict_16_192_64_0p5_0p02_0029_0008.uasset" 5673
"../../../Engine/Content/EngineMaterials/Substrate/GLints/dict_16_192_64_0p5_0p02_0029_0009.uasset" 5674
"../../../Engine/Content/EngineMaterials/Substrate/GLints/dict_16_192_64_0p5_0p02_0029_0010.uasset" 5675
"/Engine/EngineMaterials/Substrate/GLints/dict_16_192_64_0p5_0p02_0027_0015" 5676
"../../../Engine/Content/EngineMaterials/Substrate/GLints/dict_16_192_64_0p5_0p02_0029_0011.uasset" 5677
"../../../Engine/Content/EngineMaterials/Substrate/GLints/dict_16_192_64_0p5_0p02_0029_0012.uasset" 5678
"../../../Engine/Content/EngineMaterials/Substrate/GLints/dict_16_192_64_0p5_0p02_0029_0013.uasset" 5679
"../../../Engine/Content/EngineMaterials/Substrate/GLints/dict_16_192_64_0p5_0p02_0029_0014.uasset" 5680
"../../../Engine/Content/EngineMaterials/Substrate/GLints/dict_16_192_64_0p5_0p02_0029_0015.uasset" 5681
"/Engine/EngineMaterials/Substrate/GLints/dict_16_192_64_0p5_0p02_0029_0012" 5682
"../../../Engine/Content/EngineMaterials/Substrate/GLints/dict_16_192_64_0p5_0p02_0030_0001.uasset" 5683
"../../../Engine/Content/EngineMaterials/Substrate/GLints/dict_16_192_64_0p5_0p02_0030_0000.uasset" 5684
"../../../Engine/Content/EngineMaterials/Substrate/GLints/dict_16_192_64_0p5_0p02_0030_0002.uasset" 5685
"../../../Engine/Content/EngineMaterials/Substrate/GLints/dict_16_192_64_0p5_0p02_0030_0003.uasset" 5686
"../../../Engine/Content/EngineMaterials/Substrate/GLints/dict_16_192_64_0p5_0p02_0030_0004.uasset" 5687
"/Engine/EngineMaterials/Substrate/GLints/dict_16_192_64_0p5_0p02_0029_0011" 5688
"/Engine/EngineMaterials/Substrate/GLints/dict_16_192_64_0p5_0p02_0029_0010" 5689
"/Engine/EngineMaterials/Substrate/GLints/dict_16_192_64_0p5_0p02_0029_0009" 5690
"/Engine/EngineMaterials/Substrate/GLints/dict_16_192_64_0p5_0p02_0029_0008" 5691
"/Engine/EngineMaterials/Substrate/GLints/dict_16_192_64_0p5_0p02_0029_0007" 5692
"/Engine/EngineMaterials/Substrate/GLints/dict_16_192_64_0p5_0p02_0029_0006" 5693
"/Engine/EngineMaterials/Substrate/GLints/dict_16_192_64_0p5_0p02_0029_0005" 5694
"/Engine/EngineMaterials/Substrate/GLints/dict_16_192_64_0p5_0p02_0029_0004" 5695
"/Engine/EngineMaterials/Substrate/GLints/dict_16_192_64_0p5_0p02_0029_0003" 5696
"/Engine/EngineMaterials/Substrate/GLints/dict_16_192_64_0p5_0p02_0029_0002" 5697
"/Engine/EngineMaterials/Substrate/GLints/dict_16_192_64_0p5_0p02_0029_0001" 5698
"/Engine/EngineMaterials/Substrate/GLints/dict_16_192_64_0p5_0p02_0029_0000" 5699
"/Engine/EngineMaterials/Substrate/GLints/dict_16_192_64_0p5_0p02_0028_0015" 5700
"/Engine/EngineMaterials/Substrate/GLints/dict_16_192_64_0p5_0p02_0028_0014" 5701
"/Engine/EngineMaterials/Substrate/GLints/dict_16_192_64_0p5_0p02_0028_0013" 5702
"/Engine/EngineMaterials/Substrate/GLints/dict_16_192_64_0p5_0p02_0028_0012" 5703
"/Engine/EngineMaterials/Substrate/GLints/dict_16_192_64_0p5_0p02_0028_0011" 5704
"/Engine/EngineMaterials/Substrate/GLints/dict_16_192_64_0p5_0p02_0028_0010" 5705
"/Engine/EngineMaterials/Substrate/GLints/dict_16_192_64_0p5_0p02_0028_0009" 5706
"/Engine/EngineMaterials/Substrate/GLints/dict_16_192_64_0p5_0p02_0028_0008" 5707
"/Engine/EngineMaterials/Substrate/GLints/dict_16_192_64_0p5_0p02_0028_0007" 5708
"/Engine/EngineMaterials/Substrate/GLints/dict_16_192_64_0p5_0p02_0028_0006" 5709
"/Engine/EngineMaterials/Substrate/GLints/dict_16_192_64_0p5_0p02_0028_0005" 5710
"../../../Engine/Content/EngineMaterials/Substrate/GLints/dict_16_192_64_0p5_0p02_0030_0005.uasset" 5711
"../../../Engine/Content/EngineMaterials/Substrate/GLints/dict_16_192_64_0p5_0p02_0030_0008.uasset" 5712
"../../../Engine/Content/EngineMaterials/Substrate/GLints/dict_16_192_64_0p5_0p02_0030_0006.uasset" 5713
"/Engine/EngineMaterials/Substrate/GLints/dict_16_192_64_0p5_0p02_0030_0004" 5714
"../../../Engine/Content/EngineMaterials/Substrate/GLints/dict_16_192_64_0p5_0p02_0030_0009.uasset" 5715
"../../../Engine/Content/EngineMaterials/Substrate/GLints/dict_16_192_64_0p5_0p02_0030_0007.uasset" 5716
"../../../Engine/Content/EngineMaterials/Substrate/GLints/dict_16_192_64_0p5_0p02_0030_0012.uasset" 5717
"../../../Engine/Content/EngineMaterials/Substrate/GLints/dict_16_192_64_0p5_0p02_0030_0010.uasset" 5718
"../../../Engine/Content/EngineMaterials/Substrate/GLints/dict_16_192_64_0p5_0p02_0030_0015.uasset" 5719
"/Engine/EngineMaterials/Substrate/GLints/dict_16_192_64_0p5_0p02_0029_0013" 5720
"../../../Engine/Content/EngineMaterials/Substrate/GLints/dict_16_192_64_0p5_0p02_0030_0014.uasset" 5721
"../../../Engine/Content/EngineMaterials/Substrate/GLints/dict_16_192_64_0p5_0p02_0030_0011.uasset" 5722
"../../../Engine/Content/EngineMaterials/Substrate/GLints/dict_16_192_64_0p5_0p02_0030_0013.uasset" 5723
"../../../Engine/Content/EngineMaterials/Substrate/GLints/dict_16_192_64_0p5_0p02_0031_0001.uasset" 5724
"../../../Engine/Content/EngineMaterials/Substrate/GLints/dict_16_192_64_0p5_0p02_0031_0000.uasset" 5725
"../../../Engine/Content/EngineMaterials/Substrate/GLints/dict_16_192_64_0p5_0p02_0031_0002.uasset" 5726
"../../../Engine/Content/EngineMaterials/Substrate/GLints/dict_16_192_64_0p5_0p02_0031_0003.uasset" 5727
"/Engine/EngineMaterials/Substrate/GLints/dict_16_192_64_0p5_0p02_0030_0003" 5728
"../../../Engine/Content/EngineMaterials/Substrate/GLints/dict_16_192_64_0p5_0p02_0031_0004.uasset" 5729
"../../../Engine/Content/EngineMaterials/Substrate/GLints/dict_16_192_64_0p5_0p02_0031_0005.uasset" 5730
"../../../Engine/Content/EngineMaterials/Substrate/GLints/dict_16_192_64_0p5_0p02_0031_0006.uasset" 5731
"../../../Engine/Content/EngineMaterials/Substrate/GLints/dict_16_192_64_0p5_0p02_0031_0007.uasset" 5732
"../../../Engine/Content/EngineMaterials/Substrate/GLints/dict_16_192_64_0p5_0p02_0031_0008.uasset" 5733
"../../../Engine/Content/EngineMaterials/Substrate/GLints/dict_16_192_64_0p5_0p02_0031_0009.uasset" 5734
"/Engine/EngineMaterials/Substrate/GLints/dict_16_192_64_0p5_0p02_0030_0002" 5735
"../../../Engine/Content/EngineMaterials/Substrate/GLints/dict_16_192_64_0p5_0p02_0031_0011.uasset" 5736
"../../../Engine/Content/EngineMaterials/Substrate/GLints/dict_16_192_64_0p5_0p02_0031_0012.uasset" 5737
"../../../Engine/Content/EngineMaterials/Substrate/GLints/dict_16_192_64_0p5_0p02_0031_0010.uasset" 5738
"/Engine/EngineMaterials/Substrate/GLints/dict_16_192_64_0p5_0p02_0030_0001" 5739
"/Engine/EngineMaterials/Substrate/GLints/dict_16_192_64_0p5_0p02_0030_0000" 5740
"/Engine/EngineMaterials/Substrate/GLints/dict_16_192_64_0p5_0p02_0029_0015" 5741
"/Engine/EngineMaterials/Substrate/GLints/dict_16_192_64_0p5_0p02_0029_0014" 5742
"../../../Engine/Content/EngineMaterials/Substrate/GLints/dict_16_192_64_0p5_0p02_0031_0013.uasset" 5743
"../../../Engine/Content/EngineMaterials/Substrate/GLints/dict_16_192_64_0p5_0p02_0031_0014.uasset" 5744
"../../../Engine/Content/EngineMaterials/Substrate/GLints/dict_16_192_64_0p5_0p02_0031_0015.uasset" 5745
"/Engine/EngineMaterials/Substrate/GLints/dict_16_192_64_0p5_0p02_0031_0012" 5746
"../../../Engine/Content/EngineMaterials/Substrate/GLints/dict_16_192_64_0p5_0p02_0032_0000.uasset" 5747
"../../../Engine/Content/EngineMaterials/Substrate/GLints/dict_16_192_64_0p5_0p02_0032_0002.uasset" 5748
"../../../Engine/Content/EngineMaterials/Substrate/GLints/dict_16_192_64_0p5_0p02_0032_0001.uasset" 5749
"/Engine/EngineMaterials/Substrate/GLints/dict_16_192_64_0p5_0p02_0031_0011" 5750
"../../../Engine/Content/EngineMaterials/Substrate/GLints/dict_16_192_64_0p5_0p02_0032_0003.uasset" 5751
"../../../Engine/Content/EngineMaterials/Substrate/GLints/dict_16_192_64_0p5_0p02_0032_0004.uasset" 5752
"/Engine/EngineMaterials/Substrate/GLints/dict_16_192_64_0p5_0p02_0031_0010" 5753
"/Engine/EngineMaterials/Substrate/GLints/dict_16_192_64_0p5_0p02_0031_0009" 5754
"/Engine/EngineMaterials/Substrate/GLints/dict_16_192_64_0p5_0p02_0031_0008" 5755
"/Engine/EngineMaterials/Substrate/GLints/dict_16_192_64_0p5_0p02_0031_0007" 5756
"/Engine/EngineMaterials/Substrate/GLints/dict_16_192_64_0p5_0p02_0031_0006" 5757
"/Engine/EngineMaterials/Substrate/GLints/dict_16_192_64_0p5_0p02_0031_0005" 5758
"/Engine/EngineMaterials/Substrate/GLints/dict_16_192_64_0p5_0p02_0031_0004" 5759
"/Engine/EngineMaterials/Substrate/GLints/dict_16_192_64_0p5_0p02_0031_0003" 5760
"/Engine/EngineMaterials/Substrate/GLints/dict_16_192_64_0p5_0p02_0031_0002" 5761
"/Engine/EngineMaterials/Substrate/GLints/dict_16_192_64_0p5_0p02_0031_0001" 5762
"/Engine/EngineMaterials/Substrate/GLints/dict_16_192_64_0p5_0p02_0031_0000" 5763
"/Engine/EngineMaterials/Substrate/GLints/dict_16_192_64_0p5_0p02_0030_0015" 5764
"/Engine/EngineMaterials/Substrate/GLints/dict_16_192_64_0p5_0p02_0030_0014" 5765
"/Engine/EngineMaterials/Substrate/GLints/dict_16_192_64_0p5_0p02_0030_0013" 5766
"/Engine/EngineMaterials/Substrate/GLints/dict_16_192_64_0p5_0p02_0030_0012" 5767
"/Engine/EngineMaterials/Substrate/GLints/dict_16_192_64_0p5_0p02_0030_0011" 5768
"/Engine/EngineMaterials/Substrate/GLints/dict_16_192_64_0p5_0p02_0030_0010" 5769
"/Engine/EngineMaterials/Substrate/GLints/dict_16_192_64_0p5_0p02_0030_0009" 5770
"/Engine/EngineMaterials/Substrate/GLints/dict_16_192_64_0p5_0p02_0030_0008" 5771
"/Engine/EngineMaterials/Substrate/GLints/dict_16_192_64_0p5_0p02_0030_0007" 5772
"/Engine/EngineMaterials/Substrate/GLints/dict_16_192_64_0p5_0p02_0030_0006" 5773
"/Engine/EngineMaterials/Substrate/GLints/dict_16_192_64_0p5_0p02_0030_0005" 5774
"../../../Engine/Content/EngineMaterials/Substrate/GLints/dict_16_192_64_0p5_0p02_0032_0007.uasset" 5775
"/Engine/EngineMaterials/Substrate/GLints/dict_16_192_64_0p5_0p02_0032_0004" 5776
"../../../Engine/Content/EngineMaterials/Substrate/GLints/dict_16_192_64_0p5_0p02_0032_0005.uasset" 5777
"../../../Engine/Content/EngineMaterials/Substrate/GLints/dict_16_192_64_0p5_0p02_0032_0009.uasset" 5778
"../../../Engine/Content/EngineMaterials/Substrate/GLints/dict_16_192_64_0p5_0p02_0032_0006.uasset" 5779
"../../../Engine/Content/EngineMaterials/Substrate/GLints/dict_16_192_64_0p5_0p02_0032_0008.uasset" 5780
"../../../Engine/Content/EngineMaterials/Substrate/GLints/dict_16_192_64_0p5_0p02_0032_0010.uasset" 5781
"../../../Engine/Content/EngineMaterials/Substrate/GLints/dict_16_192_64_0p5_0p02_0032_0011.uasset" 5782
"../../../Engine/Content/EngineMaterials/Substrate/GLints/dict_16_192_64_0p5_0p02_0032_0012.uasset" 5783
"/Engine/EngineMaterials/Substrate/GLints/dict_16_192_64_0p5_0p02_0032_0003" 5784
"../../../Engine/Content/EngineMaterials/Substrate/GLints/dict_16_192_64_0p5_0p02_0032_0013.uasset" 5785
"../../../Engine/Content/EngineMaterials/Substrate/GLints/dict_16_192_64_0p5_0p02_0032_0014.uasset" 5786
"../../../Engine/Content/EngineMaterials/Substrate/GLints/dict_16_192_64_0p5_0p02_0033_0000.uasset" 5787
"../../../Engine/Content/EngineMaterials/Substrate/GLints/dict_16_192_64_0p5_0p02_0032_0015.uasset" 5788
"../../../Engine/Content/EngineMaterials/Substrate/GLints/dict_16_192_64_0p5_0p02_0033_0001.uasset" 5789
"/Engine/EngineMaterials/Substrate/GLints/dict_16_192_64_0p5_0p02_0032_0002" 5790
"../../../Engine/Content/EngineMaterials/Substrate/GLints/dict_16_192_64_0p5_0p02_0033_0002.uasset" 5791
"../../../Engine/Content/EngineMaterials/Substrate/GLints/dict_16_192_64_0p5_0p02_0033_0003.uasset" 5792
"../../../Engine/Content/EngineMaterials/Substrate/GLints/dict_16_192_64_0p5_0p02_0033_0004.uasset" 5793
"../../../Engine/Content/EngineMaterials/Substrate/GLints/dict_16_192_64_0p5_0p02_0033_0005.uasset" 5794
"../../../Engine/Content/EngineMaterials/Substrate/GLints/dict_16_192_64_0p5_0p02_0033_0006.uasset" 5795
"../../../Engine/Content/EngineMaterials/Substrate/GLints/dict_16_192_64_0p5_0p02_0033_0007.uasset" 5796
"../../../Engine/Content/EngineMaterials/Substrate/GLints/dict_16_192_64_0p5_0p02_0033_0008.uasset" 5797
"/Engine/EngineMaterials/Substrate/GLints/dict_16_192_64_0p5_0p02_0032_0001" 5798
"../../../Engine/Content/EngineMaterials/Substrate/GLints/dict_16_192_64_0p5_0p02_0033_0010.uasset" 5799
"../../../Engine/Content/EngineMaterials/Substrate/GLints/dict_16_192_64_0p5_0p02_0033_0009.uasset" 5800
"../../../Engine/Content/EngineMaterials/Substrate/GLints/dict_16_192_64_0p5_0p02_0033_0011.uasset" 5801
"../../../Engine/Content/EngineMaterials/Substrate/GLints/dict_16_192_64_0p5_0p02_0033_0012.uasset" 5802
"/Engine/EngineMaterials/Substrate/GLints/dict_16_192_64_0p5_0p02_0032_0000" 5803
"/Engine/EngineMaterials/Substrate/GLints/dict_16_192_64_0p5_0p02_0031_0015" 5804
"/Engine/EngineMaterials/Substrate/GLints/dict_16_192_64_0p5_0p02_0031_0014" 5805
"/Engine/EngineMaterials/Substrate/GLints/dict_16_192_64_0p5_0p02_0031_0013" 5806
"../../../Engine/Content/EngineMaterials/Substrate/GLints/dict_16_192_64_0p5_0p02_0033_0014.uasset" 5807
"../../../Engine/Content/EngineMaterials/Substrate/GLints/dict_16_192_64_0p5_0p02_0033_0015.uasset" 5808
"../../../Engine/Content/EngineMaterials/Substrate/GLints/dict_16_192_64_0p5_0p02_0034_0000.uasset" 5809
"../../../Engine/Content/EngineMaterials/Substrate/GLints/dict_16_192_64_0p5_0p02_0033_0013.uasset" 5810
"/Engine/EngineMaterials/Substrate/GLints/dict_16_192_64_0p5_0p02_0033_0012" 5811
"../../../Engine/Content/EngineMaterials/Substrate/GLints/dict_16_192_64_0p5_0p02_0034_0001.uasset" 5812
"../../../Engine/Content/EngineMaterials/Substrate/GLints/dict_16_192_64_0p5_0p02_0034_0002.uasset" 5813
"../../../Engine/Content/EngineMaterials/Substrate/GLints/dict_16_192_64_0p5_0p02_0034_0003.uasset" 5814
"../../../Engine/Content/EngineMaterials/Substrate/GLints/dict_16_192_64_0p5_0p02_0034_0004.uasset" 5815
"/Engine/EngineMaterials/Substrate/GLints/dict_16_192_64_0p5_0p02_0033_0011" 5816
"/Engine/EngineMaterials/Substrate/GLints/dict_16_192_64_0p5_0p02_0033_0010" 5817
"/Engine/EngineMaterials/Substrate/GLints/dict_16_192_64_0p5_0p02_0033_0009" 5818
"/Engine/EngineMaterials/Substrate/GLints/dict_16_192_64_0p5_0p02_0033_0008" 5819
"/Engine/EngineMaterials/Substrate/GLints/dict_16_192_64_0p5_0p02_0033_0007" 5820
"/Engine/EngineMaterials/Substrate/GLints/dict_16_192_64_0p5_0p02_0033_0006" 5821
"/Engine/EngineMaterials/Substrate/GLints/dict_16_192_64_0p5_0p02_0033_0005" 5822
"/Engine/EngineMaterials/Substrate/GLints/dict_16_192_64_0p5_0p02_0033_0004" 5823
"/Engine/EngineMaterials/Substrate/GLints/dict_16_192_64_0p5_0p02_0033_0003" 5824
"/Engine/EngineMaterials/Substrate/GLints/dict_16_192_64_0p5_0p02_0033_0002" 5825
"/Engine/EngineMaterials/Substrate/GLints/dict_16_192_64_0p5_0p02_0033_0001" 5826
"/Engine/EngineMaterials/Substrate/GLints/dict_16_192_64_0p5_0p02_0033_0000" 5827
"/Engine/EngineMaterials/Substrate/GLints/dict_16_192_64_0p5_0p02_0032_0015" 5828
"/Engine/EngineMaterials/Substrate/GLints/dict_16_192_64_0p5_0p02_0032_0014" 5829
"/Engine/EngineMaterials/Substrate/GLints/dict_16_192_64_0p5_0p02_0032_0013" 5830
"/Engine/EngineMaterials/Substrate/GLints/dict_16_192_64_0p5_0p02_0032_0012" 5831
"/Engine/EngineMaterials/Substrate/GLints/dict_16_192_64_0p5_0p02_0032_0011" 5832
"/Engine/EngineMaterials/Substrate/GLints/dict_16_192_64_0p5_0p02_0032_0010" 5833
"/Engine/EngineMaterials/Substrate/GLints/dict_16_192_64_0p5_0p02_0032_0009" 5834
"/Engine/EngineMaterials/Substrate/GLints/dict_16_192_64_0p5_0p02_0032_0008" 5835
"/Engine/EngineMaterials/Substrate/GLints/dict_16_192_64_0p5_0p02_0032_0007" 5836
"/Engine/EngineMaterials/Substrate/GLints/dict_16_192_64_0p5_0p02_0032_0006" 5837
"/Engine/EngineMaterials/Substrate/GLints/dict_16_192_64_0p5_0p02_0032_0005" 5838
"../../../Engine/Content/EngineMaterials/Substrate/GLints/dict_16_192_64_0p5_0p02_0034_0006.uasset" 5839
"../../../Engine/Content/EngineMaterials/Substrate/GLints/dict_16_192_64_0p5_0p02_0034_0007.uasset" 5840
"../../../Engine/Content/EngineMaterials/Substrate/GLints/dict_16_192_64_0p5_0p02_0034_0005.uasset" 5841
"/Engine/EngineMaterials/Substrate/GLints/dict_16_192_64_0p5_0p02_0034_0004" 5842
"../../../Engine/Content/EngineMaterials/Substrate/GLints/dict_16_192_64_0p5_0p02_0034_0008.uasset" 5843
"../../../Engine/Content/EngineMaterials/Substrate/GLints/dict_16_192_64_0p5_0p02_0034_0009.uasset" 5844
"../../../Engine/Content/EngineMaterials/Substrate/GLints/dict_16_192_64_0p5_0p02_0034_0010.uasset" 5845
"/Engine/EngineMaterials/Substrate/GLints/dict_16_192_64_0p5_0p02_0034_0003" 5846
"../../../Engine/Content/EngineMaterials/Substrate/GLints/dict_16_192_64_0p5_0p02_0034_0011.uasset" 5847
"../../../Engine/Content/EngineMaterials/Substrate/GLints/dict_16_192_64_0p5_0p02_0034_0012.uasset" 5848
"/Engine/EngineMaterials/Substrate/GLints/dict_16_192_64_0p5_0p02_0034_0002" 5849
"../../../Engine/Content/EngineMaterials/Substrate/GLints/dict_16_192_64_0p5_0p02_0034_0013.uasset" 5850
"../../../Engine/Content/EngineMaterials/Substrate/GLints/dict_16_192_64_0p5_0p02_0034_0014.uasset" 5851
"../../../Engine/Content/EngineMaterials/Substrate/GLints/dict_16_192_64_0p5_0p02_0034_0015.uasset" 5852
"/Engine/EngineMaterials/Substrate/GLints/dict_16_192_64_0p5_0p02_0034_0001" 5853
"../../../Engine/Content/EngineMaterials/Substrate/GLints/dict_16_192_64_0p5_0p02_0035_0000.uasset" 5854
"../../../Engine/Content/EngineMaterials/Substrate/GLints/dict_16_192_64_0p5_0p02_0035_0001.uasset" 5855
"../../../Engine/Content/EngineMaterials/Substrate/GLints/dict_16_192_64_0p5_0p02_0035_0002.uasset" 5856
"../../../Engine/Content/EngineMaterials/Substrate/GLints/dict_16_192_64_0p5_0p02_0035_0003.uasset" 5857
"/Engine/EngineMaterials/Substrate/GLints/dict_16_192_64_0p5_0p02_0034_0000" 5858
"../../../Engine/Content/EngineMaterials/Substrate/GLints/dict_16_192_64_0p5_0p02_0035_0004.uasset" 5859
"../../../Engine/Content/EngineMaterials/Substrate/GLints/dict_16_192_64_0p5_0p02_0035_0006.uasset" 5860
"../../../Engine/Content/EngineMaterials/Substrate/GLints/dict_16_192_64_0p5_0p02_0035_0005.uasset" 5861
"../../../Engine/Content/EngineMaterials/Substrate/GLints/dict_16_192_64_0p5_0p02_0035_0007.uasset" 5862
"../../../Engine/Content/EngineMaterials/Substrate/GLints/dict_16_192_64_0p5_0p02_0035_0008.uasset" 5863
"/Engine/EngineMaterials/Substrate/GLints/dict_16_192_64_0p5_0p02_0033_0015" 5864
"../../../Engine/Content/EngineMaterials/Substrate/GLints/dict_16_192_64_0p5_0p02_0035_0010.uasset" 5865
"../../../Engine/Content/EngineMaterials/Substrate/GLints/dict_16_192_64_0p5_0p02_0035_0011.uasset" 5866
"../../../Engine/Content/EngineMaterials/Substrate/GLints/dict_16_192_64_0p5_0p02_0035_0012.uasset" 5867
"../../../Engine/Content/EngineMaterials/Substrate/GLints/dict_16_192_64_0p5_0p02_0035_0009.uasset" 5868
"/Engine/EngineMaterials/Substrate/GLints/dict_16_192_64_0p5_0p02_0033_0014" 5869
"/Engine/EngineMaterials/Substrate/GLints/dict_16_192_64_0p5_0p02_0033_0013" 5870
"../../../Engine/Content/EngineMaterials/Substrate/GLints/dict_16_192_64_0p5_0p02_0035_0015.uasset" 5871
"../../../Engine/Content/EngineMaterials/Substrate/GLints/dict_16_192_64_0p5_0p02_0035_0014.uasset" 5872
"../../../Engine/Content/EngineMaterials/Substrate/GLints/dict_16_192_64_0p5_0p02_0035_0013.uasset" 5873
"/Engine/EngineMaterials/Substrate/GLints/dict_16_192_64_0p5_0p02_0035_0012" 5874
"../../../Engine/Content/EngineMaterials/Substrate/GLints/dict_16_192_64_0p5_0p02_0036_0000.uasset" 5875
"../../../Engine/Content/EngineMaterials/Substrate/GLints/dict_16_192_64_0p5_0p02_0036_0001.uasset" 5876
"../../../Engine/Content/EngineMaterials/Substrate/GLints/dict_16_192_64_0p5_0p02_0036_0002.uasset" 5877
"../../../Engine/Content/EngineMaterials/Substrate/GLints/dict_16_192_64_0p5_0p02_0036_0003.uasset" 5878
"../../../Engine/Content/EngineMaterials/Substrate/GLints/dict_16_192_64_0p5_0p02_0036_0004.uasset" 5879
"/Engine/EngineMaterials/Substrate/GLints/dict_16_192_64_0p5_0p02_0035_0011" 5880
"/Engine/EngineMaterials/Substrate/GLints/dict_16_192_64_0p5_0p02_0035_0010" 5881
"/Engine/EngineMaterials/Substrate/GLints/dict_16_192_64_0p5_0p02_0035_0009" 5882
"/Engine/EngineMaterials/Substrate/GLints/dict_16_192_64_0p5_0p02_0035_0008" 5883
"/Engine/EngineMaterials/Substrate/GLints/dict_16_192_64_0p5_0p02_0035_0007" 5884
"/Engine/EngineMaterials/Substrate/GLints/dict_16_192_64_0p5_0p02_0035_0006" 5885
"/Engine/EngineMaterials/Substrate/GLints/dict_16_192_64_0p5_0p02_0035_0005" 5886
"/Engine/EngineMaterials/Substrate/GLints/dict_16_192_64_0p5_0p02_0035_0004" 5887
"/Engine/EngineMaterials/Substrate/GLints/dict_16_192_64_0p5_0p02_0035_0003" 5888
"/Engine/EngineMaterials/Substrate/GLints/dict_16_192_64_0p5_0p02_0035_0002" 5889
"/Engine/EngineMaterials/Substrate/GLints/dict_16_192_64_0p5_0p02_0035_0001" 5890
"/Engine/EngineMaterials/Substrate/GLints/dict_16_192_64_0p5_0p02_0035_0000" 5891
"/Engine/EngineMaterials/Substrate/GLints/dict_16_192_64_0p5_0p02_0034_0015" 5892
"/Engine/EngineMaterials/Substrate/GLints/dict_16_192_64_0p5_0p02_0034_0014" 5893
"/Engine/EngineMaterials/Substrate/GLints/dict_16_192_64_0p5_0p02_0034_0013" 5894
"/Engine/EngineMaterials/Substrate/GLints/dict_16_192_64_0p5_0p02_0034_0012" 5895
"/Engine/EngineMaterials/Substrate/GLints/dict_16_192_64_0p5_0p02_0034_0011" 5896
"/Engine/EngineMaterials/Substrate/GLints/dict_16_192_64_0p5_0p02_0034_0010" 5897
"/Engine/EngineMaterials/Substrate/GLints/dict_16_192_64_0p5_0p02_0034_0009" 5898
"/Engine/EngineMaterials/Substrate/GLints/dict_16_192_64_0p5_0p02_0034_0008" 5899
"/Engine/EngineMaterials/Substrate/GLints/dict_16_192_64_0p5_0p02_0034_0007" 5900
"/Engine/EngineMaterials/Substrate/GLints/dict_16_192_64_0p5_0p02_0034_0006" 5901
"/Engine/EngineMaterials/Substrate/GLints/dict_16_192_64_0p5_0p02_0034_0005" 5902
"/Engine/EngineMaterials/Substrate/GLints/dict_16_192_64_0p5_0p02_0036_0004" 5903
"../../../Engine/Content/EngineMaterials/Substrate/GLints/dict_16_192_64_0p5_0p02_0036_0008.uasset" 5904
"../../../Engine/Content/EngineMaterials/Substrate/GLints/dict_16_192_64_0p5_0p02_0036_0006.uasset" 5905
"../../../Engine/Content/EngineMaterials/Substrate/GLints/dict_16_192_64_0p5_0p02_0036_0007.uasset" 5906
"../../../Engine/Content/EngineMaterials/Substrate/GLints/dict_16_192_64_0p5_0p02_0036_0005.uasset" 5907
"../../../Engine/Content/EngineMaterials/Substrate/GLints/dict_16_192_64_0p5_0p02_0036_0009.uasset" 5908
"../../../Engine/Content/EngineMaterials/Substrate/GLints/dict_16_192_64_0p5_0p02_0036_0010.uasset" 5909
"/Engine/EngineMaterials/Substrate/GLints/dict_16_192_64_0p5_0p02_0036_0003" 5910
"../../../Engine/Content/EngineMaterials/Substrate/GLints/dict_16_192_64_0p5_0p02_0036_0011.uasset" 5911
"../../../Engine/Content/EngineMaterials/Substrate/GLints/dict_16_192_64_0p5_0p02_0036_0012.uasset" 5912
"../../../Engine/Content/EngineMaterials/Substrate/GLints/dict_16_192_64_0p5_0p02_0036_0013.uasset" 5913
"../../../Engine/Content/EngineMaterials/Substrate/GLints/dict_16_192_64_0p5_0p02_0036_0015.uasset" 5914
"../../../Engine/Content/EngineMaterials/Substrate/GLints/dict_16_192_64_0p5_0p02_0036_0014.uasset" 5915
"../../../Engine/Content/EngineMaterials/Substrate/GLints/dict_16_192_64_0p5_0p02_0037_0000.uasset" 5916
"/Engine/EngineMaterials/Substrate/GLints/dict_16_192_64_0p5_0p02_0036_0002" 5917
"../../../Engine/Content/EngineMaterials/Substrate/GLints/dict_16_192_64_0p5_0p02_0037_0001.uasset" 5918
"../../../Engine/Content/EngineMaterials/Substrate/GLints/dict_16_192_64_0p5_0p02_0037_0002.uasset" 5919
"/Engine/EngineMaterials/Substrate/GLints/dict_16_192_64_0p5_0p02_0036_0001" 5920
"../../../Engine/Content/EngineMaterials/Substrate/GLints/dict_16_192_64_0p5_0p02_0037_0004.uasset" 5921
"../../../Engine/Content/EngineMaterials/Substrate/GLints/dict_16_192_64_0p5_0p02_0037_0005.uasset" 5922
"../../../Engine/Content/EngineMaterials/Substrate/GLints/dict_16_192_64_0p5_0p02_0037_0003.uasset" 5923
"../../../Engine/Content/EngineMaterials/Substrate/GLints/dict_16_192_64_0p5_0p02_0037_0006.uasset" 5924
"../../../Engine/Content/EngineMaterials/Substrate/GLints/dict_16_192_64_0p5_0p02_0037_0007.uasset" 5925
"../../../Engine/Content/EngineMaterials/Substrate/GLints/dict_16_192_64_0p5_0p02_0037_0008.uasset" 5926
"/Engine/EngineMaterials/Substrate/GLints/dict_16_192_64_0p5_0p02_0036_0000" 5927
"../../../Engine/Content/EngineMaterials/Substrate/GLints/dict_16_192_64_0p5_0p02_0037_0009.uasset" 5928
"../../../Engine/Content/EngineMaterials/Substrate/GLints/dict_16_192_64_0p5_0p02_0037_0010.uasset" 5929
"../../../Engine/Content/EngineMaterials/Substrate/GLints/dict_16_192_64_0p5_0p02_0037_0011.uasset" 5930
"../../../Engine/Content/EngineMaterials/Substrate/GLints/dict_16_192_64_0p5_0p02_0037_0012.uasset" 5931
"/Engine/EngineMaterials/Substrate/GLints/dict_16_192_64_0p5_0p02_0035_0015" 5932
"/Engine/EngineMaterials/Substrate/GLints/dict_16_192_64_0p5_0p02_0035_0014" 5933
"/Engine/EngineMaterials/Substrate/GLints/dict_16_192_64_0p5_0p02_0035_0013" 5934
"../../../Engine/Content/EngineMaterials/Substrate/GLints/dict_16_192_64_0p5_0p02_0037_0015.uasset" 5935
"../../../Engine/Content/EngineMaterials/Substrate/GLints/dict_16_192_64_0p5_0p02_0037_0013.uasset" 5936
"../../../Engine/Content/EngineMaterials/Substrate/GLints/dict_16_192_64_0p5_0p02_0037_0014.uasset" 5937
"/Engine/EngineMaterials/Substrate/GLints/dict_16_192_64_0p5_0p02_0037_0012" 5938
"../../../Engine/Content/EngineMaterials/Substrate/GLints/dict_16_192_64_0p5_0p02_0038_0001.uasset" 5939
"../../../Engine/Content/EngineMaterials/Substrate/GLints/dict_16_192_64_0p5_0p02_0038_0000.uasset" 5940
"../../../Engine/Content/EngineMaterials/Substrate/GLints/dict_16_192_64_0p5_0p02_0038_0002.uasset" 5941
"../../../Engine/Content/EngineMaterials/Substrate/GLints/dict_16_192_64_0p5_0p02_0038_0004.uasset" 5942
"../../../Engine/Content/EngineMaterials/Substrate/GLints/dict_16_192_64_0p5_0p02_0038_0003.uasset" 5943
"/Engine/EngineMaterials/Substrate/GLints/dict_16_192_64_0p5_0p02_0037_0011" 5944
"/Engine/EngineMaterials/Substrate/GLints/dict_16_192_64_0p5_0p02_0037_0010" 5945
"/Engine/EngineMaterials/Substrate/GLints/dict_16_192_64_0p5_0p02_0037_0009" 5946
"/Engine/EngineMaterials/Substrate/GLints/dict_16_192_64_0p5_0p02_0037_0008" 5947
"/Engine/EngineMaterials/Substrate/GLints/dict_16_192_64_0p5_0p02_0037_0007" 5948
"/Engine/EngineMaterials/Substrate/GLints/dict_16_192_64_0p5_0p02_0037_0006" 5949
"/Engine/EngineMaterials/Substrate/GLints/dict_16_192_64_0p5_0p02_0037_0005" 5950
"/Engine/EngineMaterials/Substrate/GLints/dict_16_192_64_0p5_0p02_0037_0004" 5951
"/Engine/EngineMaterials/Substrate/GLints/dict_16_192_64_0p5_0p02_0037_0003" 5952
"/Engine/EngineMaterials/Substrate/GLints/dict_16_192_64_0p5_0p02_0037_0002" 5953
"/Engine/EngineMaterials/Substrate/GLints/dict_16_192_64_0p5_0p02_0037_0001" 5954
"/Engine/EngineMaterials/Substrate/GLints/dict_16_192_64_0p5_0p02_0037_0000" 5955
"/Engine/EngineMaterials/Substrate/GLints/dict_16_192_64_0p5_0p02_0036_0015" 5956
"/Engine/EngineMaterials/Substrate/GLints/dict_16_192_64_0p5_0p02_0036_0014" 5957
"/Engine/EngineMaterials/Substrate/GLints/dict_16_192_64_0p5_0p02_0036_0013" 5958
"/Engine/EngineMaterials/Substrate/GLints/dict_16_192_64_0p5_0p02_0036_0012" 5959
"/Engine/EngineMaterials/Substrate/GLints/dict_16_192_64_0p5_0p02_0036_0011" 5960
"/Engine/EngineMaterials/Substrate/GLints/dict_16_192_64_0p5_0p02_0036_0010" 5961
"/Engine/EngineMaterials/Substrate/GLints/dict_16_192_64_0p5_0p02_0036_0009" 5962
"/Engine/EngineMaterials/Substrate/GLints/dict_16_192_64_0p5_0p02_0036_0008" 5963
"/Engine/EngineMaterials/Substrate/GLints/dict_16_192_64_0p5_0p02_0036_0007" 5964
"/Engine/EngineMaterials/Substrate/GLints/dict_16_192_64_0p5_0p02_0036_0006" 5965
"/Engine/EngineMaterials/Substrate/GLints/dict_16_192_64_0p5_0p02_0036_0005" 5966
"../../../Engine/Content/EngineMaterials/Substrate/GLints/dict_16_192_64_0p5_0p02_0038_0006.uasset" 5967
"/Engine/EngineMaterials/Substrate/GLints/dict_16_192_64_0p5_0p02_0038_0004" 5968
"../../../Engine/Content/EngineMaterials/Substrate/GLints/dict_16_192_64_0p5_0p02_0038_0005.uasset" 5969
"../../../Engine/Content/EngineMaterials/Substrate/GLints/dict_16_192_64_0p5_0p02_0038_0007.uasset" 5970
"../../../Engine/Content/EngineMaterials/Substrate/GLints/dict_16_192_64_0p5_0p02_0038_0008.uasset" 5971
"../../../Engine/Content/EngineMaterials/Substrate/GLints/dict_16_192_64_0p5_0p02_0038_0009.uasset" 5972
"../../../Engine/Content/EngineMaterials/Substrate/GLints/dict_16_192_64_0p5_0p02_0038_0010.uasset" 5973
"/Engine/EngineMaterials/Substrate/GLints/dict_16_192_64_0p5_0p02_0038_0003" 5974
"../../../Engine/Content/EngineMaterials/Substrate/GLints/dict_16_192_64_0p5_0p02_0038_0011.uasset" 5975
"../../../Engine/Content/EngineMaterials/Substrate/GLints/dict_16_192_64_0p5_0p02_0038_0012.uasset" 5976
"../../../Engine/Content/EngineMaterials/Substrate/GLints/dict_16_192_64_0p5_0p02_0038_0013.uasset" 5977
"/Engine/EngineMaterials/Substrate/GLints/dict_16_192_64_0p5_0p02_0038_0002" 5978
"../../../Engine/Content/EngineMaterials/Substrate/GLints/dict_16_192_64_0p5_0p02_0038_0014.uasset" 5979
"../../../Engine/Content/EngineMaterials/Substrate/GLints/dict_16_192_64_0p5_0p02_0038_0015.uasset" 5980
"../../../Engine/Content/EngineMaterials/Substrate/GLints/dict_16_192_64_0p5_0p02_0039_0000.uasset" 5981
"../../../Engine/Content/EngineMaterials/Substrate/GLints/dict_16_192_64_0p5_0p02_0039_0002.uasset" 5982
"../../../Engine/Content/EngineMaterials/Substrate/GLints/dict_16_192_64_0p5_0p02_0039_0001.uasset" 5983
"../../../Engine/Content/EngineMaterials/Substrate/GLints/dict_16_192_64_0p5_0p02_0039_0003.uasset" 5984
"/Engine/EngineMaterials/Substrate/GLints/dict_16_192_64_0p5_0p02_0038_0001" 5985
"../../../Engine/Content/EngineMaterials/Substrate/GLints/dict_16_192_64_0p5_0p02_0039_0004.uasset" 5986
"../../../Engine/Content/EngineMaterials/Substrate/GLints/dict_16_192_64_0p5_0p02_0039_0006.uasset" 5987
"/Engine/EngineMaterials/Substrate/GLints/dict_16_192_64_0p5_0p02_0038_0000" 5988
"../../../Engine/Content/EngineMaterials/Substrate/GLints/dict_16_192_64_0p5_0p02_0039_0005.uasset" 5989
"../../../Engine/Content/EngineMaterials/Substrate/GLints/dict_16_192_64_0p5_0p02_0039_0008.uasset" 5990
"../../../Engine/Content/EngineMaterials/Substrate/GLints/dict_16_192_64_0p5_0p02_0039_0007.uasset" 5991
"../../../Engine/Content/EngineMaterials/Substrate/GLints/dict_16_192_64_0p5_0p02_0039_0009.uasset" 5992
"/Engine/EngineMaterials/Substrate/GLints/dict_16_192_64_0p5_0p02_0037_0015" 5993
"../../../Engine/Content/EngineMaterials/Substrate/GLints/dict_16_192_64_0p5_0p02_0039_0010.uasset" 5994
"../../../Engine/Content/EngineMaterials/Substrate/GLints/dict_16_192_64_0p5_0p02_0039_0012.uasset" 5995
"../../../Engine/Content/EngineMaterials/Substrate/GLints/dict_16_192_64_0p5_0p02_0039_0011.uasset" 5996
"/Engine/EngineMaterials/Substrate/GLints/dict_16_192_64_0p5_0p02_0037_0014" 5997
"/Engine/EngineMaterials/Substrate/GLints/dict_16_192_64_0p5_0p02_0037_0013" 5998
"../../../Engine/Content/EngineMaterials/Substrate/GLints/dict_16_192_64_0p5_0p02_0039_0014.uasset" 5999
"../../../Engine/Content/EngineMaterials/Substrate/GLints/dict_16_192_64_0p5_0p02_0039_0013.uasset" 6000
"/Engine/EngineMaterials/Substrate/GLints/dict_16_192_64_0p5_0p02_0039_0012" 6001
"../../../Engine/Content/EngineMaterials/Substrate/GLints/dict_16_192_64_0p5_0p02_0039_0015.uasset" 6002
"../../../Engine/Content/EngineMaterials/Substrate/GLints/dict_16_192_64_0p5_0p02_0040_0000.uasset" 6003
"../../../Engine/Content/EngineMaterials/Substrate/GLints/dict_16_192_64_0p5_0p02_0040_0001.uasset" 6004
"../../../Engine/Content/EngineMaterials/Substrate/GLints/dict_16_192_64_0p5_0p02_0040_0003.uasset" 6005
"../../../Engine/Content/EngineMaterials/Substrate/GLints/dict_16_192_64_0p5_0p02_0040_0002.uasset" 6006
"../../../Engine/Content/EngineMaterials/Substrate/GLints/dict_16_192_64_0p5_0p02_0040_0004.uasset" 6007
"/Engine/EngineMaterials/Substrate/GLints/dict_16_192_64_0p5_0p02_0039_0011" 6008
"/Engine/EngineMaterials/Substrate/GLints/dict_16_192_64_0p5_0p02_0039_0010" 6009
"/Engine/EngineMaterials/Substrate/GLints/dict_16_192_64_0p5_0p02_0039_0009" 6010
"/Engine/EngineMaterials/Substrate/GLints/dict_16_192_64_0p5_0p02_0039_0008" 6011
"/Engine/EngineMaterials/Substrate/GLints/dict_16_192_64_0p5_0p02_0039_0007" 6012
"/Engine/EngineMaterials/Substrate/GLints/dict_16_192_64_0p5_0p02_0039_0006" 6013
"/Engine/EngineMaterials/Substrate/GLints/dict_16_192_64_0p5_0p02_0039_0005" 6014
"/Engine/EngineMaterials/Substrate/GLints/dict_16_192_64_0p5_0p02_0039_0004" 6015
"/Engine/EngineMaterials/Substrate/GLints/dict_16_192_64_0p5_0p02_0039_0003" 6016
"/Engine/EngineMaterials/Substrate/GLints/dict_16_192_64_0p5_0p02_0039_0002" 6017
"/Engine/EngineMaterials/Substrate/GLints/dict_16_192_64_0p5_0p02_0039_0001" 6018
"/Engine/EngineMaterials/Substrate/GLints/dict_16_192_64_0p5_0p02_0039_0000" 6019
"/Engine/EngineMaterials/Substrate/GLints/dict_16_192_64_0p5_0p02_0038_0015" 6020
"/Engine/EngineMaterials/Substrate/GLints/dict_16_192_64_0p5_0p02_0038_0014" 6021
"/Engine/EngineMaterials/Substrate/GLints/dict_16_192_64_0p5_0p02_0038_0013" 6022
"/Engine/EngineMaterials/Substrate/GLints/dict_16_192_64_0p5_0p02_0038_0012" 6023
"/Engine/EngineMaterials/Substrate/GLints/dict_16_192_64_0p5_0p02_0038_0011" 6024
"/Engine/EngineMaterials/Substrate/GLints/dict_16_192_64_0p5_0p02_0038_0010" 6025
"/Engine/EngineMaterials/Substrate/GLints/dict_16_192_64_0p5_0p02_0038_0009" 6026
"/Engine/EngineMaterials/Substrate/GLints/dict_16_192_64_0p5_0p02_0038_0008" 6027
"/Engine/EngineMaterials/Substrate/GLints/dict_16_192_64_0p5_0p02_0038_0007" 6028
"/Engine/EngineMaterials/Substrate/GLints/dict_16_192_64_0p5_0p02_0038_0006" 6029
"/Engine/EngineMaterials/Substrate/GLints/dict_16_192_64_0p5_0p02_0038_0005" 6030
"../../../Engine/Content/EngineMaterials/Substrate/GLints/dict_16_192_64_0p5_0p02_0040_0005.uasset" 6031
"/Engine/EngineMaterials/Substrate/GLints/dict_16_192_64_0p5_0p02_0040_0004" 6032
"../../../Engine/Content/EngineMaterials/Substrate/GLints/dict_16_192_64_0p5_0p02_0040_0006.uasset" 6033
"../../../Engine/Content/EngineMaterials/Substrate/GLints/dict_16_192_64_0p5_0p02_0040_0007.uasset" 6034
"../../../Engine/Content/EngineMaterials/Substrate/GLints/dict_16_192_64_0p5_0p02_0040_0008.uasset" 6035
"../../../Engine/Content/EngineMaterials/Substrate/GLints/dict_16_192_64_0p5_0p02_0040_0009.uasset" 6036
"/Engine/EngineMaterials/Substrate/GLints/dict_16_192_64_0p5_0p02_0040_0003" 6037
"../../../Engine/Content/EngineMaterials/Substrate/GLints/dict_16_192_64_0p5_0p02_0040_0010.uasset" 6038
"../../../Engine/Content/EngineMaterials/Substrate/GLints/dict_16_192_64_0p5_0p02_0040_0011.uasset" 6039
"../../../Engine/Content/EngineMaterials/Substrate/GLints/dict_16_192_64_0p5_0p02_0040_0012.uasset" 6040
"../../../Engine/Content/EngineMaterials/Substrate/GLints/dict_16_192_64_0p5_0p02_0040_0013.uasset" 6041
"/Engine/EngineMaterials/Substrate/GLints/dict_16_192_64_0p5_0p02_0040_0002" 6042
"../../../Engine/Content/EngineMaterials/Substrate/GLints/dict_16_192_64_0p5_0p02_0040_0014.uasset" 6043
"../../../Engine/Content/EngineMaterials/Substrate/GLints/dict_16_192_64_0p5_0p02_0040_0015.uasset" 6044
"/Engine/EngineMaterials/Substrate/GLints/dict_16_192_64_0p5_0p02_0040_0001" 6045
"../../../Engine/Content/EngineMaterials/Substrate/GLints/dict_16_192_64_0p5_0p02_0041_0000.uasset" 6046
"../../../Engine/Content/EngineMaterials/Substrate/GLints/dict_16_192_64_0p5_0p02_0041_0002.uasset" 6047
"../../../Engine/Content/EngineMaterials/Substrate/GLints/dict_16_192_64_0p5_0p02_0041_0001.uasset" 6048
"/Engine/EngineMaterials/Substrate/GLints/dict_16_192_64_0p5_0p02_0040_0000" 6049
"../../../Engine/Content/EngineMaterials/Substrate/GLints/dict_16_192_64_0p5_0p02_0041_0003.uasset" 6050
"../../../Engine/Content/EngineMaterials/Substrate/GLints/dict_16_192_64_0p5_0p02_0041_0004.uasset" 6051
"../../../Engine/Content/EngineMaterials/Substrate/GLints/dict_16_192_64_0p5_0p02_0041_0006.uasset" 6052
"../../../Engine/Content/EngineMaterials/Substrate/GLints/dict_16_192_64_0p5_0p02_0041_0005.uasset" 6053
"/Engine/EngineMaterials/Substrate/GLints/dict_16_192_64_0p5_0p02_0039_0015" 6054
"../../../Engine/Content/EngineMaterials/Substrate/GLints/dict_16_192_64_0p5_0p02_0041_0007.uasset" 6055
"../../../Engine/Content/EngineMaterials/Substrate/GLints/dict_16_192_64_0p5_0p02_0041_0008.uasset" 6056
"../../../Engine/Content/EngineMaterials/Substrate/GLints/dict_16_192_64_0p5_0p02_0041_0010.uasset" 6057
"../../../Engine/Content/EngineMaterials/Substrate/GLints/dict_16_192_64_0p5_0p02_0041_0011.uasset" 6058
"../../../Engine/Content/EngineMaterials/Substrate/GLints/dict_16_192_64_0p5_0p02_0041_0009.uasset" 6059
"../../../Engine/Content/EngineMaterials/Substrate/GLints/dict_16_192_64_0p5_0p02_0041_0012.uasset" 6060
"/Engine/EngineMaterials/Substrate/GLints/dict_16_192_64_0p5_0p02_0039_0014" 6061
"/Engine/EngineMaterials/Substrate/GLints/dict_16_192_64_0p5_0p02_0039_0013" 6062
"../../../Engine/Content/EngineMaterials/Substrate/GLints/dict_16_192_64_0p5_0p02_0041_0013.uasset" 6063
"../../../Engine/Content/EngineMaterials/Substrate/GLints/dict_16_192_64_0p5_0p02_0041_0014.uasset" 6064
"../../../Engine/Content/EngineMaterials/Substrate/GLints/dict_16_192_64_0p5_0p02_0041_0015.uasset" 6065
"../../../Engine/Content/EngineMaterials/Substrate/GLints/dict_16_192_64_0p5_0p02_0042_0000.uasset" 6066
"/Engine/EngineMaterials/Substrate/GLints/dict_16_192_64_0p5_0p02_0041_0012" 6067
"../../../Engine/Content/EngineMaterials/Substrate/GLints/dict_16_192_64_0p5_0p02_0042_0001.uasset" 6068
"../../../Engine/Content/EngineMaterials/Substrate/GLints/dict_16_192_64_0p5_0p02_0042_0002.uasset" 6069
"../../../Engine/Content/EngineMaterials/Substrate/GLints/dict_16_192_64_0p5_0p02_0042_0004.uasset" 6070
"../../../Engine/Content/EngineMaterials/Substrate/GLints/dict_16_192_64_0p5_0p02_0042_0003.uasset" 6071
"/Engine/EngineMaterials/Substrate/GLints/dict_16_192_64_0p5_0p02_0041_0011" 6072
"/Engine/EngineMaterials/Substrate/GLints/dict_16_192_64_0p5_0p02_0041_0010" 6073
"/Engine/EngineMaterials/Substrate/GLints/dict_16_192_64_0p5_0p02_0041_0009" 6074
"/Engine/EngineMaterials/Substrate/GLints/dict_16_192_64_0p5_0p02_0041_0008" 6075
"/Engine/EngineMaterials/Substrate/GLints/dict_16_192_64_0p5_0p02_0041_0007" 6076
"/Engine/EngineMaterials/Substrate/GLints/dict_16_192_64_0p5_0p02_0041_0006" 6077
"/Engine/EngineMaterials/Substrate/GLints/dict_16_192_64_0p5_0p02_0041_0005" 6078
"/Engine/EngineMaterials/Substrate/GLints/dict_16_192_64_0p5_0p02_0041_0004" 6079
"/Engine/EngineMaterials/Substrate/GLints/dict_16_192_64_0p5_0p02_0041_0003" 6080
"/Engine/EngineMaterials/Substrate/GLints/dict_16_192_64_0p5_0p02_0041_0002" 6081
"/Engine/EngineMaterials/Substrate/GLints/dict_16_192_64_0p5_0p02_0041_0001" 6082
"/Engine/EngineMaterials/Substrate/GLints/dict_16_192_64_0p5_0p02_0041_0000" 6083
"/Engine/EngineMaterials/Substrate/GLints/dict_16_192_64_0p5_0p02_0040_0015" 6084
"/Engine/EngineMaterials/Substrate/GLints/dict_16_192_64_0p5_0p02_0040_0014" 6085
"/Engine/EngineMaterials/Substrate/GLints/dict_16_192_64_0p5_0p02_0040_0013" 6086
"/Engine/EngineMaterials/Substrate/GLints/dict_16_192_64_0p5_0p02_0040_0012" 6087
"/Engine/EngineMaterials/Substrate/GLints/dict_16_192_64_0p5_0p02_0040_0011" 6088
"/Engine/EngineMaterials/Substrate/GLints/dict_16_192_64_0p5_0p02_0040_0010" 6089
"/Engine/EngineMaterials/Substrate/GLints/dict_16_192_64_0p5_0p02_0040_0009" 6090
"/Engine/EngineMaterials/Substrate/GLints/dict_16_192_64_0p5_0p02_0040_0008" 6091
"/Engine/EngineMaterials/Substrate/GLints/dict_16_192_64_0p5_0p02_0040_0007" 6092
"/Engine/EngineMaterials/Substrate/GLints/dict_16_192_64_0p5_0p02_0040_0006" 6093
"/Engine/EngineMaterials/Substrate/GLints/dict_16_192_64_0p5_0p02_0040_0005" 6094
"../../../Engine/Content/EngineMaterials/Substrate/GLints/dict_16_192_64_0p5_0p02_0042_0008.uasset" 6095
"/Engine/EngineMaterials/Substrate/GLints/dict_16_192_64_0p5_0p02_0042_0004" 6096
"../../../Engine/Content/EngineMaterials/Substrate/GLints/dict_16_192_64_0p5_0p02_0042_0006.uasset" 6097
"../../../Engine/Content/EngineMaterials/Substrate/GLints/dict_16_192_64_0p5_0p02_0042_0005.uasset" 6098
"/Engine/EngineMaterials/Substrate/GLints/dict_16_192_64_0p5_0p02_0042_0003" 6099
"../../../Engine/Content/EngineMaterials/Substrate/GLints/dict_16_192_64_0p5_0p02_0042_0011.uasset" 6100
"../../../Engine/Content/EngineMaterials/Substrate/GLints/dict_16_192_64_0p5_0p02_0042_0010.uasset" 6101
"../../../Engine/Content/EngineMaterials/Substrate/GLints/dict_16_192_64_0p5_0p02_0042_0012.uasset" 6102
"../../../Engine/Content/EngineMaterials/Substrate/GLints/dict_16_192_64_0p5_0p02_0042_0007.uasset" 6103
"../../../Engine/Content/EngineMaterials/Substrate/GLints/dict_16_192_64_0p5_0p02_0042_0009.uasset" 6104
"../../../Engine/Content/EngineMaterials/Substrate/GLints/dict_16_192_64_0p5_0p02_0042_0013.uasset" 6105
"/Engine/EngineMaterials/Substrate/GLints/dict_16_192_64_0p5_0p02_0042_0002" 6106
"../../../Engine/Content/EngineMaterials/Substrate/GLints/dict_16_192_64_0p5_0p02_0042_0014.uasset" 6107
"../../../Engine/Content/EngineMaterials/Substrate/GLints/dict_16_192_64_0p5_0p02_0042_0015.uasset" 6108
"../../../Engine/Content/EngineMaterials/Substrate/GLints/dict_16_192_64_0p5_0p02_0043_0000.uasset" 6109
"../../../Engine/Content/EngineMaterials/Substrate/GLints/dict_16_192_64_0p5_0p02_0043_0001.uasset" 6110
"../../../Engine/Content/EngineMaterials/Substrate/GLints/dict_16_192_64_0p5_0p02_0043_0002.uasset" 6111
"/Engine/EngineMaterials/Substrate/GLints/dict_16_192_64_0p5_0p02_0042_0001" 6112
"../../../Engine/Content/EngineMaterials/Substrate/GLints/dict_16_192_64_0p5_0p02_0043_0003.uasset" 6113
"/Engine/EngineMaterials/Substrate/GLints/dict_16_192_64_0p5_0p02_0042_0000" 6114
"../../../Engine/Content/EngineMaterials/Substrate/GLints/dict_16_192_64_0p5_0p02_0043_0004.uasset" 6115
"../../../Engine/Content/EngineMaterials/Substrate/GLints/dict_16_192_64_0p5_0p02_0043_0005.uasset" 6116
"/Engine/EngineMaterials/Substrate/GLints/dict_16_192_64_0p5_0p02_0041_0015" 6117
"../../../Engine/Content/EngineMaterials/Substrate/GLints/dict_16_192_64_0p5_0p02_0043_0006.uasset" 6118
"../../../Engine/Content/EngineMaterials/Substrate/GLints/dict_16_192_64_0p5_0p02_0043_0007.uasset" 6119
"../../../Engine/Content/EngineMaterials/Substrate/GLints/dict_16_192_64_0p5_0p02_0043_0009.uasset" 6120
"../../../Engine/Content/EngineMaterials/Substrate/GLints/dict_16_192_64_0p5_0p02_0043_0008.uasset" 6121
"/Engine/EngineMaterials/Substrate/GLints/dict_16_192_64_0p5_0p02_0041_0014" 6122
"../../../Engine/Content/EngineMaterials/Substrate/GLints/dict_16_192_64_0p5_0p02_0043_0012.uasset" 6123
"../../../Engine/Content/EngineMaterials/Substrate/GLints/dict_16_192_64_0p5_0p02_0043_0011.uasset" 6124
"../../../Engine/Content/EngineMaterials/Substrate/GLints/dict_16_192_64_0p5_0p02_0043_0010.uasset" 6125
"/Engine/EngineMaterials/Substrate/GLints/dict_16_192_64_0p5_0p02_0041_0013" 6126
"../../../Engine/Content/EngineMaterials/Substrate/GLints/dict_16_192_64_0p5_0p02_0043_0014.uasset" 6127
"../../../Engine/Content/EngineMaterials/Substrate/GLints/dict_16_192_64_0p5_0p02_0043_0015.uasset" 6128
"/Engine/EngineMaterials/Substrate/GLints/dict_16_192_64_0p5_0p02_0043_0012" 6129
"../../../Engine/Content/EngineMaterials/Substrate/GLints/dict_16_192_64_0p5_0p02_0043_0013.uasset" 6130
"../../../Engine/Content/EngineMaterials/Substrate/GLints/dict_16_192_64_0p5_0p02_0044_0000.uasset" 6131
"../../../Engine/Content/EngineMaterials/Substrate/GLints/dict_16_192_64_0p5_0p02_0044_0001.uasset" 6132
"../../../Engine/Content/EngineMaterials/Substrate/GLints/dict_16_192_64_0p5_0p02_0044_0002.uasset" 6133
"/Engine/EngineMaterials/Substrate/GLints/dict_16_192_64_0p5_0p02_0043_0011" 6134
"../../../Engine/Content/EngineMaterials/Substrate/GLints/dict_16_192_64_0p5_0p02_0044_0003.uasset" 6135
"../../../Engine/Content/EngineMaterials/Substrate/GLints/dict_16_192_64_0p5_0p02_0044_0004.uasset" 6136
"/Engine/EngineMaterials/Substrate/GLints/dict_16_192_64_0p5_0p02_0043_0010" 6137
"/Engine/EngineMaterials/Substrate/GLints/dict_16_192_64_0p5_0p02_0043_0009" 6138
"/Engine/EngineMaterials/Substrate/GLints/dict_16_192_64_0p5_0p02_0043_0008" 6139
"/Engine/EngineMaterials/Substrate/GLints/dict_16_192_64_0p5_0p02_0043_0007" 6140
"/Engine/EngineMaterials/Substrate/GLints/dict_16_192_64_0p5_0p02_0043_0006" 6141
"/Engine/EngineMaterials/Substrate/GLints/dict_16_192_64_0p5_0p02_0043_0005" 6142
"/Engine/EngineMaterials/Substrate/GLints/dict_16_192_64_0p5_0p02_0043_0004" 6143
"/Engine/EngineMaterials/Substrate/GLints/dict_16_192_64_0p5_0p02_0043_0003" 6144
"/Engine/EngineMaterials/Substrate/GLints/dict_16_192_64_0p5_0p02_0043_0002" 6145
"/Engine/EngineMaterials/Substrate/GLints/dict_16_192_64_0p5_0p02_0043_0001" 6146
"/Engine/EngineMaterials/Substrate/GLints/dict_16_192_64_0p5_0p02_0043_0000" 6147
"/Engine/EngineMaterials/Substrate/GLints/dict_16_192_64_0p5_0p02_0042_0015" 6148
"/Engine/EngineMaterials/Substrate/GLints/dict_16_192_64_0p5_0p02_0042_0014" 6149
"/Engine/EngineMaterials/Substrate/GLints/dict_16_192_64_0p5_0p02_0042_0013" 6150
"/Engine/EngineMaterials/Substrate/GLints/dict_16_192_64_0p5_0p02_0042_0012" 6151
"/Engine/EngineMaterials/Substrate/GLints/dict_16_192_64_0p5_0p02_0042_0011" 6152
"/Engine/EngineMaterials/Substrate/GLints/dict_16_192_64_0p5_0p02_0042_0010" 6153
"/Engine/EngineMaterials/Substrate/GLints/dict_16_192_64_0p5_0p02_0042_0009" 6154
"/Engine/EngineMaterials/Substrate/GLints/dict_16_192_64_0p5_0p02_0042_0008" 6155
"/Engine/EngineMaterials/Substrate/GLints/dict_16_192_64_0p5_0p02_0042_0007" 6156
"/Engine/EngineMaterials/Substrate/GLints/dict_16_192_64_0p5_0p02_0042_0006" 6157
"/Engine/EngineMaterials/Substrate/GLints/dict_16_192_64_0p5_0p02_0042_0005" 6158
"../../../Engine/Content/EngineMaterials/Substrate/GLints/dict_16_192_64_0p5_0p02_0044_0005.uasset" 6159
"/Engine/EngineMaterials/Substrate/GLints/dict_16_192_64_0p5_0p02_0044_0004" 6160
"../../../Engine/Content/EngineMaterials/Substrate/GLints/dict_16_192_64_0p5_0p02_0044_0008.uasset" 6161
"../../../Engine/Content/EngineMaterials/Substrate/GLints/dict_16_192_64_0p5_0p02_0044_0006.uasset" 6162
"../../../Engine/Content/EngineMaterials/Substrate/GLints/dict_16_192_64_0p5_0p02_0044_0009.uasset" 6163
"../../../Engine/Content/EngineMaterials/Substrate/GLints/dict_16_192_64_0p5_0p02_0044_0007.uasset" 6164
"../../../Engine/Content/EngineMaterials/Substrate/GLints/dict_16_192_64_0p5_0p02_0044_0010.uasset" 6165
"/Engine/EngineMaterials/Substrate/GLints/dict_16_192_64_0p5_0p02_0044_0003" 6166
"../../../Engine/Content/EngineMaterials/Substrate/GLints/dict_16_192_64_0p5_0p02_0044_0011.uasset" 6167
"../../../Engine/Content/EngineMaterials/Substrate/GLints/dict_16_192_64_0p5_0p02_0044_0012.uasset" 6168
"../../../Engine/Content/EngineMaterials/Substrate/GLints/dict_16_192_64_0p5_0p02_0044_0014.uasset" 6169
"../../../Engine/Content/EngineMaterials/Substrate/GLints/dict_16_192_64_0p5_0p02_0044_0013.uasset" 6170
"/Engine/EngineMaterials/Substrate/GLints/dict_16_192_64_0p5_0p02_0044_0002" 6171
"../../../Engine/Content/EngineMaterials/Substrate/GLints/dict_16_192_64_0p5_0p02_0044_0015.uasset" 6172
"../../../Engine/Content/EngineMaterials/Substrate/GLints/dict_16_192_64_0p5_0p02_0045_0000.uasset" 6173
"../../../Engine/Content/EngineMaterials/Substrate/GLints/dict_16_192_64_0p5_0p02_0045_0001.uasset" 6174
"/Engine/EngineMaterials/Substrate/GLints/dict_16_192_64_0p5_0p02_0044_0001" 6175
"../../../Engine/Content/EngineMaterials/Substrate/GLints/dict_16_192_64_0p5_0p02_0045_0003.uasset" 6176
"../../../Engine/Content/EngineMaterials/Substrate/GLints/dict_16_192_64_0p5_0p02_0045_0002.uasset" 6177
"../../../Engine/Content/EngineMaterials/Substrate/GLints/dict_16_192_64_0p5_0p02_0045_0004.uasset" 6178
"../../../Engine/Content/EngineMaterials/Substrate/GLints/dict_16_192_64_0p5_0p02_0045_0005.uasset" 6179
"../../../Engine/Content/EngineMaterials/Substrate/GLints/dict_16_192_64_0p5_0p02_0045_0006.uasset" 6180
"../../../Engine/Content/EngineMaterials/Substrate/GLints/dict_16_192_64_0p5_0p02_0045_0007.uasset" 6181
"/Engine/EngineMaterials/Substrate/GLints/dict_16_192_64_0p5_0p02_0044_0000" 6182
"../../../Engine/Content/EngineMaterials/Substrate/GLints/dict_16_192_64_0p5_0p02_0045_0008.uasset" 6183
"../../../Engine/Content/EngineMaterials/Substrate/GLints/dict_16_192_64_0p5_0p02_0045_0010.uasset" 6184
"../../../Engine/Content/EngineMaterials/Substrate/GLints/dict_16_192_64_0p5_0p02_0045_0009.uasset" 6185
"../../../Engine/Content/EngineMaterials/Substrate/GLints/dict_16_192_64_0p5_0p02_0045_0011.uasset" 6186
"/Engine/EngineMaterials/Substrate/GLints/dict_16_192_64_0p5_0p02_0043_0015" 6187
"../../../Engine/Content/EngineMaterials/Substrate/GLints/dict_16_192_64_0p5_0p02_0045_0012.uasset" 6188
"/Engine/EngineMaterials/Substrate/GLints/dict_16_192_64_0p5_0p02_0043_0014" 6189
"/Engine/EngineMaterials/Substrate/GLints/dict_16_192_64_0p5_0p02_0043_0013" 6190
"../../../Engine/Content/EngineMaterials/Substrate/GLints/dict_16_192_64_0p5_0p02_0045_0013.uasset" 6191
"../../../Engine/Content/EngineMaterials/Substrate/GLints/dict_16_192_64_0p5_0p02_0045_0014.uasset" 6192
"/Engine/EngineMaterials/Substrate/GLints/dict_16_192_64_0p5_0p02_0045_0012" 6193
"../../../Engine/Content/EngineMaterials/Substrate/GLints/dict_16_192_64_0p5_0p02_0045_0015.uasset" 6194
"../../../Engine/Content/EngineMaterials/Substrate/GLints/dict_16_192_64_0p5_0p02_0046_0001.uasset" 6195
"../../../Engine/Content/EngineMaterials/Substrate/GLints/dict_16_192_64_0p5_0p02_0046_0002.uasset" 6196
"../../../Engine/Content/EngineMaterials/Substrate/GLints/dict_16_192_64_0p5_0p02_0046_0000.uasset" 6197
"../../../Engine/Content/EngineMaterials/Substrate/GLints/dict_16_192_64_0p5_0p02_0046_0003.uasset" 6198
"/Engine/EngineMaterials/Substrate/GLints/dict_16_192_64_0p5_0p02_0045_0011" 6199
"../../../Engine/Content/EngineMaterials/Substrate/GLints/dict_16_192_64_0p5_0p02_0046_0004.uasset" 6200
"/Engine/EngineMaterials/Substrate/GLints/dict_16_192_64_0p5_0p02_0045_0010" 6201
"/Engine/EngineMaterials/Substrate/GLints/dict_16_192_64_0p5_0p02_0045_0009" 6202
"/Engine/EngineMaterials/Substrate/GLints/dict_16_192_64_0p5_0p02_0045_0008" 6203
"/Engine/EngineMaterials/Substrate/GLints/dict_16_192_64_0p5_0p02_0045_0007" 6204
"/Engine/EngineMaterials/Substrate/GLints/dict_16_192_64_0p5_0p02_0045_0006" 6205
"/Engine/EngineMaterials/Substrate/GLints/dict_16_192_64_0p5_0p02_0045_0005" 6206
"/Engine/EngineMaterials/Substrate/GLints/dict_16_192_64_0p5_0p02_0045_0004" 6207
"/Engine/EngineMaterials/Substrate/GLints/dict_16_192_64_0p5_0p02_0045_0003" 6208
"/Engine/EngineMaterials/Substrate/GLints/dict_16_192_64_0p5_0p02_0045_0002" 6209
"/Engine/EngineMaterials/Substrate/GLints/dict_16_192_64_0p5_0p02_0045_0001" 6210
"/Engine/EngineMaterials/Substrate/GLints/dict_16_192_64_0p5_0p02_0045_0000" 6211
"/Engine/EngineMaterials/Substrate/GLints/dict_16_192_64_0p5_0p02_0044_0015" 6212
"/Engine/EngineMaterials/Substrate/GLints/dict_16_192_64_0p5_0p02_0044_0014" 6213
"/Engine/EngineMaterials/Substrate/GLints/dict_16_192_64_0p5_0p02_0044_0013" 6214
"/Engine/EngineMaterials/Substrate/GLints/dict_16_192_64_0p5_0p02_0044_0012" 6215
"/Engine/EngineMaterials/Substrate/GLints/dict_16_192_64_0p5_0p02_0044_0011" 6216
"/Engine/EngineMaterials/Substrate/GLints/dict_16_192_64_0p5_0p02_0044_0010" 6217
"/Engine/EngineMaterials/Substrate/GLints/dict_16_192_64_0p5_0p02_0044_0009" 6218
"/Engine/EngineMaterials/Substrate/GLints/dict_16_192_64_0p5_0p02_0044_0008" 6219
"/Engine/EngineMaterials/Substrate/GLints/dict_16_192_64_0p5_0p02_0044_0007" 6220
"/Engine/EngineMaterials/Substrate/GLints/dict_16_192_64_0p5_0p02_0044_0006" 6221
"/Engine/EngineMaterials/Substrate/GLints/dict_16_192_64_0p5_0p02_0044_0005" 6222
"../../../Engine/Content/EngineMaterials/Substrate/GLints/dict_16_192_64_0p5_0p02_0046_0008.uasset" 6223
"../../../Engine/Content/EngineMaterials/Substrate/GLints/dict_16_192_64_0p5_0p02_0046_0006.uasset" 6224
"../../../Engine/Content/EngineMaterials/Substrate/GLints/dict_16_192_64_0p5_0p02_0046_0007.uasset" 6225
"../../../Engine/Content/EngineMaterials/Substrate/GLints/dict_16_192_64_0p5_0p02_0046_0005.uasset" 6226
"/Engine/EngineMaterials/Substrate/GLints/dict_16_192_64_0p5_0p02_0046_0004" 6227
"../../../Engine/Content/EngineMaterials/Substrate/GLints/dict_16_192_64_0p5_0p02_0046_0009.uasset" 6228
"/Engine/EngineMaterials/Substrate/GLints/dict_16_192_64_0p5_0p02_0046_0003" 6229
"../../../Engine/Content/EngineMaterials/Substrate/GLints/dict_16_192_64_0p5_0p02_0046_0011.uasset" 6230
"../../../Engine/Content/EngineMaterials/Substrate/GLints/dict_16_192_64_0p5_0p02_0046_0013.uasset" 6231
"../../../Engine/Content/EngineMaterials/Substrate/GLints/dict_16_192_64_0p5_0p02_0046_0012.uasset" 6232
"../../../Engine/Content/EngineMaterials/Substrate/GLints/dict_16_192_64_0p5_0p02_0046_0014.uasset" 6233
"../../../Engine/Content/EngineMaterials/Substrate/GLints/dict_16_192_64_0p5_0p02_0046_0010.uasset" 6234
"/Engine/EngineMaterials/Substrate/GLints/dict_16_192_64_0p5_0p02_0046_0002" 6235
"../../../Engine/Content/EngineMaterials/Substrate/GLints/dict_16_192_64_0p5_0p02_0047_0000.uasset" 6236
"../../../Engine/Content/EngineMaterials/Substrate/GLints/dict_16_192_64_0p5_0p02_0047_0001.uasset" 6237
"../../../Engine/Content/EngineMaterials/Substrate/GLints/dict_16_192_64_0p5_0p02_0046_0015.uasset" 6238
"/Engine/EngineMaterials/Substrate/GLints/dict_16_192_64_0p5_0p02_0046_0001" 6239
"../../../Engine/Content/EngineMaterials/Substrate/GLints/dict_16_192_64_0p5_0p02_0047_0002.uasset" 6240
"../../../Engine/Content/EngineMaterials/Substrate/GLints/dict_16_192_64_0p5_0p02_0047_0003.uasset" 6241
"/Engine/EngineMaterials/Substrate/GLints/dict_16_192_64_0p5_0p02_0046_0000" 6242
"../../../Engine/Content/EngineMaterials/Substrate/GLints/dict_16_192_64_0p5_0p02_0047_0004.uasset" 6243
"../../../Engine/Content/EngineMaterials/Substrate/GLints/dict_16_192_64_0p5_0p02_0047_0006.uasset" 6244
"../../../Engine/Content/EngineMaterials/Substrate/GLints/dict_16_192_64_0p5_0p02_0047_0005.uasset" 6245
"../../../Engine/Content/EngineMaterials/Substrate/GLints/dict_16_192_64_0p5_0p02_0047_0008.uasset" 6246
"../../../Engine/Content/EngineMaterials/Substrate/GLints/dict_16_192_64_0p5_0p02_0047_0009.uasset" 6247
"/Engine/EngineMaterials/Substrate/GLints/dict_16_192_64_0p5_0p02_0045_0015" 6248
"../../../Engine/Content/EngineMaterials/Substrate/GLints/dict_16_192_64_0p5_0p02_0047_0010.uasset" 6249
"../../../Engine/Content/EngineMaterials/Substrate/GLints/dict_16_192_64_0p5_0p02_0047_0007.uasset" 6250
"../../../Engine/Content/EngineMaterials/Substrate/GLints/dict_16_192_64_0p5_0p02_0047_0011.uasset" 6251
"../../../Engine/Content/EngineMaterials/Substrate/GLints/dict_16_192_64_0p5_0p02_0047_0012.uasset" 6252
"/Engine/EngineMaterials/Substrate/GLints/dict_16_192_64_0p5_0p02_0045_0014" 6253
"/Engine/EngineMaterials/Substrate/GLints/dict_16_192_64_0p5_0p02_0045_0013" 6254
"../../../Engine/Content/EngineMaterials/Substrate/GLints/dict_16_192_64_0p5_0p02_0047_0013.uasset" 6255
"../../../Engine/Content/EngineMaterials/Substrate/GLints/dict_16_192_64_0p5_0p02_0047_0015.uasset" 6256
"../../../Engine/Content/EngineMaterials/Substrate/GLints/dict_16_192_64_0p5_0p02_0047_0014.uasset" 6257
"/Engine/EngineMaterials/Substrate/GLints/dict_16_192_64_0p5_0p02_0047_0012" 6258
"../../../Engine/Content/EngineMaterials/Substrate/GLints/dict_16_192_64_0p5_0p02_0048_0000.uasset" 6259
"../../../Engine/Content/EngineMaterials/Substrate/GLints/dict_16_192_64_0p5_0p02_0048_0001.uasset" 6260
"../../../Engine/Content/EngineMaterials/Substrate/GLints/dict_16_192_64_0p5_0p02_0048_0002.uasset" 6261
"../../../Engine/Content/EngineMaterials/Substrate/GLints/dict_16_192_64_0p5_0p02_0048_0004.uasset" 6262
"../../../Engine/Content/EngineMaterials/Substrate/GLints/dict_16_192_64_0p5_0p02_0048_0003.uasset" 6263
"/Engine/EngineMaterials/Substrate/GLints/dict_16_192_64_0p5_0p02_0047_0011" 6264
"/Engine/EngineMaterials/Substrate/GLints/dict_16_192_64_0p5_0p02_0047_0010" 6265
"/Engine/EngineMaterials/Substrate/GLints/dict_16_192_64_0p5_0p02_0047_0009" 6266
"/Engine/EngineMaterials/Substrate/GLints/dict_16_192_64_0p5_0p02_0047_0008" 6267
"/Engine/EngineMaterials/Substrate/GLints/dict_16_192_64_0p5_0p02_0047_0007" 6268
"/Engine/EngineMaterials/Substrate/GLints/dict_16_192_64_0p5_0p02_0047_0006" 6269
"/Engine/EngineMaterials/Substrate/GLints/dict_16_192_64_0p5_0p02_0047_0005" 6270
"/Engine/EngineMaterials/Substrate/GLints/dict_16_192_64_0p5_0p02_0047_0004" 6271
"/Engine/EngineMaterials/Substrate/GLints/dict_16_192_64_0p5_0p02_0047_0003" 6272
"/Engine/EngineMaterials/Substrate/GLints/dict_16_192_64_0p5_0p02_0047_0002" 6273
"/Engine/EngineMaterials/Substrate/GLints/dict_16_192_64_0p5_0p02_0047_0001" 6274
"/Engine/EngineMaterials/Substrate/GLints/dict_16_192_64_0p5_0p02_0047_0000" 6275
"/Engine/EngineMaterials/Substrate/GLints/dict_16_192_64_0p5_0p02_0046_0015" 6276
"/Engine/EngineMaterials/Substrate/GLints/dict_16_192_64_0p5_0p02_0046_0014" 6277
"/Engine/EngineMaterials/Substrate/GLints/dict_16_192_64_0p5_0p02_0046_0013" 6278
"/Engine/EngineMaterials/Substrate/GLints/dict_16_192_64_0p5_0p02_0046_0012" 6279
"/Engine/EngineMaterials/Substrate/GLints/dict_16_192_64_0p5_0p02_0046_0011" 6280
"/Engine/EngineMaterials/Substrate/GLints/dict_16_192_64_0p5_0p02_0046_0010" 6281
"/Engine/EngineMaterials/Substrate/GLints/dict_16_192_64_0p5_0p02_0046_0009" 6282
"/Engine/EngineMaterials/Substrate/GLints/dict_16_192_64_0p5_0p02_0046_0008" 6283
"/Engine/EngineMaterials/Substrate/GLints/dict_16_192_64_0p5_0p02_0046_0007" 6284
"/Engine/EngineMaterials/Substrate/GLints/dict_16_192_64_0p5_0p02_0046_0006" 6285
"/Engine/EngineMaterials/Substrate/GLints/dict_16_192_64_0p5_0p02_0046_0005" 6286
"../../../Engine/Content/EngineMaterials/Substrate/GLints/dict_16_192_64_0p5_0p02_0048_0006.uasset" 6287
"/Engine/EngineMaterials/Substrate/GLints/dict_16_192_64_0p5_0p02_0048_0004" 6288
"../../../Engine/Content/EngineMaterials/Substrate/GLints/dict_16_192_64_0p5_0p02_0048_0007.uasset" 6289
"../../../Engine/Content/EngineMaterials/Substrate/GLints/dict_16_192_64_0p5_0p02_0048_0005.uasset" 6290
"../../../Engine/Content/EngineMaterials/Substrate/GLints/dict_16_192_64_0p5_0p02_0048_0008.uasset" 6291
"../../../Engine/Content/EngineMaterials/Substrate/GLints/dict_16_192_64_0p5_0p02_0048_0009.uasset" 6292
"/Engine/EngineMaterials/Substrate/GLints/dict_16_192_64_0p5_0p02_0048_0003" 6293
"../../../Engine/Content/EngineMaterials/Substrate/GLints/dict_16_192_64_0p5_0p02_0048_0011.uasset" 6294
"../../../Engine/Content/EngineMaterials/Substrate/GLints/dict_16_192_64_0p5_0p02_0048_0010.uasset" 6295
"../../../Engine/Content/EngineMaterials/Substrate/GLints/dict_16_192_64_0p5_0p02_0048_0012.uasset" 6296
"../../../Engine/Content/EngineMaterials/Substrate/GLints/dict_16_192_64_0p5_0p02_0048_0013.uasset" 6297
"/Engine/EngineMaterials/Substrate/GLints/dict_16_192_64_0p5_0p02_0048_0002" 6298
"../../../Engine/Content/EngineMaterials/Substrate/GLints/dict_16_192_64_0p5_0p02_0048_0014.uasset" 6299
"../../../Engine/Content/EngineMaterials/Substrate/GLints/dict_16_192_64_0p5_0p02_0048_0015.uasset" 6300
"../../../Engine/Content/EngineMaterials/Substrate/GLints/dict_16_192_64_0p5_0p02_0049_0000.uasset" 6301
"../../../Engine/Content/EngineMaterials/Substrate/GLints/dict_16_192_64_0p5_0p02_0049_0001.uasset" 6302
"/Engine/EngineMaterials/Substrate/GLints/dict_16_192_64_0p5_0p02_0048_0001" 6303
"../../../Engine/Content/EngineMaterials/Substrate/GLints/dict_16_192_64_0p5_0p02_0049_0002.uasset" 6304
"../../../Engine/Content/EngineMaterials/Substrate/GLints/dict_16_192_64_0p5_0p02_0049_0003.uasset" 6305
"../../../Engine/Content/EngineMaterials/Substrate/GLints/dict_16_192_64_0p5_0p02_0049_0004.uasset" 6306
"../../../Engine/Content/EngineMaterials/Substrate/GLints/dict_16_192_64_0p5_0p02_0049_0005.uasset" 6307
"/Engine/EngineMaterials/Substrate/GLints/dict_16_192_64_0p5_0p02_0048_0000" 6308
"../../../Engine/Content/EngineMaterials/Substrate/GLints/dict_16_192_64_0p5_0p02_0049_0006.uasset" 6309
"../../../Engine/Content/EngineMaterials/Substrate/GLints/dict_16_192_64_0p5_0p02_0049_0007.uasset" 6310
"../../../Engine/Content/EngineMaterials/Substrate/GLints/dict_16_192_64_0p5_0p02_0049_0008.uasset" 6311
"/Engine/EngineMaterials/Substrate/GLints/dict_16_192_64_0p5_0p02_0047_0015" 6312
"../../../Engine/Content/EngineMaterials/Substrate/GLints/dict_16_192_64_0p5_0p02_0049_0009.uasset" 6313
"../../../Engine/Content/EngineMaterials/Substrate/GLints/dict_16_192_64_0p5_0p02_0049_0011.uasset" 6314
"../../../Engine/Content/EngineMaterials/Substrate/GLints/dict_16_192_64_0p5_0p02_0049_0010.uasset" 6315
"../../../Engine/Content/EngineMaterials/Substrate/GLints/dict_16_192_64_0p5_0p02_0049_0012.uasset" 6316
"/Engine/EngineMaterials/Substrate/GLints/dict_16_192_64_0p5_0p02_0047_0014" 6317
"/Engine/EngineMaterials/Substrate/GLints/dict_16_192_64_0p5_0p02_0047_0013" 6318
"../../../Engine/Content/EngineMaterials/Substrate/GLints/dict_16_192_64_0p5_0p02_0049_0014.uasset" 6319
"../../../Engine/Content/EngineMaterials/Substrate/GLints/dict_16_192_64_0p5_0p02_0049_0015.uasset" 6320
"../../../Engine/Content/EngineMaterials/Substrate/GLints/dict_16_192_64_0p5_0p02_0050_0000.uasset" 6321
"/Engine/EngineMaterials/Substrate/GLints/dict_16_192_64_0p5_0p02_0049_0012" 6322
"../../../Engine/Content/EngineMaterials/Substrate/GLints/dict_16_192_64_0p5_0p02_0049_0013.uasset" 6323
"../../../Engine/Content/EngineMaterials/Substrate/GLints/dict_16_192_64_0p5_0p02_0050_0001.uasset" 6324
"../../../Engine/Content/EngineMaterials/Substrate/GLints/dict_16_192_64_0p5_0p02_0050_0002.uasset" 6325
"../../../Engine/Content/EngineMaterials/Substrate/GLints/dict_16_192_64_0p5_0p02_0050_0004.uasset" 6326
"../../../Engine/Content/EngineMaterials/Substrate/GLints/dict_16_192_64_0p5_0p02_0050_0003.uasset" 6327
"/Engine/EngineMaterials/Substrate/GLints/dict_16_192_64_0p5_0p02_0049_0011" 6328
"/Engine/EngineMaterials/Substrate/GLints/dict_16_192_64_0p5_0p02_0049_0010" 6329
"/Engine/EngineMaterials/Substrate/GLints/dict_16_192_64_0p5_0p02_0049_0009" 6330
"/Engine/EngineMaterials/Substrate/GLints/dict_16_192_64_0p5_0p02_0049_0008" 6331
"/Engine/EngineMaterials/Substrate/GLints/dict_16_192_64_0p5_0p02_0049_0007" 6332
"/Engine/EngineMaterials/Substrate/GLints/dict_16_192_64_0p5_0p02_0049_0006" 6333
"/Engine/EngineMaterials/Substrate/GLints/dict_16_192_64_0p5_0p02_0049_0005" 6334
"/Engine/EngineMaterials/Substrate/GLints/dict_16_192_64_0p5_0p02_0049_0004" 6335
"/Engine/EngineMaterials/Substrate/GLints/dict_16_192_64_0p5_0p02_0049_0003" 6336
"/Engine/EngineMaterials/Substrate/GLints/dict_16_192_64_0p5_0p02_0049_0002" 6337
"/Engine/EngineMaterials/Substrate/GLints/dict_16_192_64_0p5_0p02_0049_0001" 6338
"/Engine/EngineMaterials/Substrate/GLints/dict_16_192_64_0p5_0p02_0049_0000" 6339
"/Engine/EngineMaterials/Substrate/GLints/dict_16_192_64_0p5_0p02_0048_0015" 6340
"/Engine/EngineMaterials/Substrate/GLints/dict_16_192_64_0p5_0p02_0048_0014" 6341
"/Engine/EngineMaterials/Substrate/GLints/dict_16_192_64_0p5_0p02_0048_0013" 6342
"/Engine/EngineMaterials/Substrate/GLints/dict_16_192_64_0p5_0p02_0048_0012" 6343
"/Engine/EngineMaterials/Substrate/GLints/dict_16_192_64_0p5_0p02_0048_0011" 6344
"/Engine/EngineMaterials/Substrate/GLints/dict_16_192_64_0p5_0p02_0048_0010" 6345
"/Engine/EngineMaterials/Substrate/GLints/dict_16_192_64_0p5_0p02_0048_0009" 6346
"/Engine/EngineMaterials/Substrate/GLints/dict_16_192_64_0p5_0p02_0048_0008" 6347
"/Engine/EngineMaterials/Substrate/GLints/dict_16_192_64_0p5_0p02_0048_0007" 6348
"/Engine/EngineMaterials/Substrate/GLints/dict_16_192_64_0p5_0p02_0048_0006" 6349
"/Engine/EngineMaterials/Substrate/GLints/dict_16_192_64_0p5_0p02_0048_0005" 6350
"../../../Engine/Content/EngineMaterials/Substrate/GLints/dict_16_192_64_0p5_0p02_0050_0008.uasset" 6351
"../../../Engine/Content/EngineMaterials/Substrate/GLints/dict_16_192_64_0p5_0p02_0050_0005.uasset" 6352
"../../../Engine/Content/EngineMaterials/Substrate/GLints/dict_16_192_64_0p5_0p02_0050_0006.uasset" 6353
"../../../Engine/Content/EngineMaterials/Substrate/GLints/dict_16_192_64_0p5_0p02_0050_0007.uasset" 6354
"/Engine/EngineMaterials/Substrate/GLints/dict_16_192_64_0p5_0p02_0050_0004" 6355
"../../../Engine/Content/EngineMaterials/Substrate/GLints/dict_16_192_64_0p5_0p02_0050_0009.uasset" 6356
"../../../Engine/Content/EngineMaterials/Substrate/GLints/dict_16_192_64_0p5_0p02_0050_0010.uasset" 6357
"/Engine/EngineMaterials/Substrate/GLints/dict_16_192_64_0p5_0p02_0050_0003" 6358
"/Engine/EngineMaterials/Substrate/GLints/dict_16_192_64_0p5_0p02_0050_0002" 6359
"/Engine/EngineMaterials/Substrate/GLints/dict_16_192_64_0p5_0p02_0050_0001" 6360
"/Engine/EngineMaterials/Substrate/GLints/dict_16_192_64_0p5_0p02_0050_0000" 6361
"/Engine/EngineMaterials/Substrate/GLints/dict_16_192_64_0p5_0p02_0049_0015" 6362
"/Engine/EngineMaterials/Substrate/GLints/dict_16_192_64_0p5_0p02_0049_0014" 6363
"../../../Engine/Content/EngineMaterials/Substrate/GLints/dict_16_192_64_0p5_0p02_0050_0011.uasset" 6364
"/Engine/EngineMaterials/Substrate/GLints/dict_16_192_64_0p5_0p02_0049_0013" 6365
"../../../Engine/Content/EngineMaterials/Substrate/GLints/dict_16_192_64_0p5_0p02_0050_0012.uasset" 6366
"../../../Engine/Content/EngineMaterials/Substrate/GLints/dict_16_192_64_0p5_0p02_0050_0013.uasset" 6367
"../../../Engine/Content/EngineMaterials/Substrate/GLints/dict_16_192_64_0p5_0p02_0050_0015.uasset" 6368
"../../../Engine/Content/EngineMaterials/Substrate/GLints/dict_16_192_64_0p5_0p02_0051_0000.uasset" 6369
"../../../Engine/Content/EngineMaterials/Substrate/GLints/dict_16_192_64_0p5_0p02_0050_0014.uasset" 6370
"/Engine/EngineMaterials/Substrate/GLints/dict_16_192_64_0p5_0p02_0050_0011" 6371
"../../../Engine/Content/EngineMaterials/Substrate/GLints/dict_16_192_64_0p5_0p02_0051_0001.uasset" 6372
"../../../Engine/Content/EngineMaterials/Substrate/GLints/dict_16_192_64_0p5_0p02_0051_0002.uasset" 6373
"../../../Engine/Content/EngineMaterials/Substrate/GLints/dict_16_192_64_0p5_0p02_0051_0003.uasset" 6374
"../../../Engine/Content/EngineMaterials/Substrate/GLints/dict_16_192_64_0p5_0p02_0051_0004.uasset" 6375
"../../../Engine/Content/EngineMaterials/Substrate/GLints/dict_16_192_64_0p5_0p02_0051_0005.uasset" 6376
"../../../Engine/Content/EngineMaterials/Substrate/GLints/dict_16_192_64_0p5_0p02_0051_0006.uasset" 6377
"/Engine/EngineMaterials/Substrate/GLints/dict_16_192_64_0p5_0p02_0050_0010" 6378
"../../../Engine/Content/EngineMaterials/Substrate/GLints/dict_16_192_64_0p5_0p02_0051_0007.uasset" 6379
"../../../Engine/Content/EngineMaterials/Substrate/GLints/dict_16_192_64_0p5_0p02_0051_0009.uasset" 6380
"../../../Engine/Content/EngineMaterials/Substrate/GLints/dict_16_192_64_0p5_0p02_0051_0008.uasset" 6381
"../../../Engine/Content/EngineMaterials/Substrate/GLints/dict_16_192_64_0p5_0p02_0051_0011.uasset" 6382
"/Engine/EngineMaterials/Substrate/GLints/dict_16_192_64_0p5_0p02_0050_0009" 6383
"../../../Engine/Content/EngineMaterials/Substrate/GLints/dict_16_192_64_0p5_0p02_0051_0010.uasset" 6384
"../../../Engine/Content/EngineMaterials/Substrate/GLints/dict_16_192_64_0p5_0p02_0051_0013.uasset" 6385
"../../../Engine/Content/EngineMaterials/Substrate/GLints/dict_16_192_64_0p5_0p02_0051_0012.uasset" 6386
"../../../Engine/Content/EngineMaterials/Substrate/GLints/dict_16_192_64_0p5_0p02_0051_0014.uasset" 6387
"/Engine/EngineMaterials/Substrate/GLints/dict_16_192_64_0p5_0p02_0050_0008" 6388
"../../../Engine/Content/EngineMaterials/Substrate/GLints/dict_16_192_64_0p5_0p02_0052_0001.uasset" 6389
"../../../Engine/Content/EngineMaterials/Substrate/GLints/dict_16_192_64_0p5_0p02_0052_0002.uasset" 6390
"../../../Engine/Content/EngineMaterials/Substrate/GLints/dict_16_192_64_0p5_0p02_0052_0000.uasset" 6391
"../../../Engine/Content/EngineMaterials/Substrate/GLints/dict_16_192_64_0p5_0p02_0052_0003.uasset" 6392
"../../../Engine/Content/EngineMaterials/Substrate/GLints/dict_16_192_64_0p5_0p02_0051_0015.uasset" 6393
"/Engine/EngineMaterials/Substrate/GLints/dict_16_192_64_0p5_0p02_0050_0007" 6394
"../../../Engine/Content/EngineMaterials/Substrate/GLints/dict_16_192_64_0p5_0p02_0052_0004.uasset" 6395
"/Engine/EngineMaterials/Substrate/GLints/dict_16_192_64_0p5_0p02_0050_0006" 6396
"/Engine/EngineMaterials/Substrate/GLints/dict_16_192_64_0p5_0p02_0050_0005" 6397
"../../../Engine/Content/EngineMaterials/Substrate/GLints/dict_16_192_64_0p5_0p02_0052_0006.uasset" 6398
"../../../Engine/Content/EngineMaterials/Substrate/GLints/dict_16_192_64_0p5_0p02_0052_0008.uasset" 6399
"../../../Engine/Content/EngineMaterials/Substrate/GLints/dict_16_192_64_0p5_0p02_0052_0007.uasset" 6400
"../../../Engine/Content/EngineMaterials/Substrate/GLints/dict_16_192_64_0p5_0p02_0052_0005.uasset" 6401
"../../../Engine/Content/EngineMaterials/Substrate/GLints/dict_16_192_64_0p5_0p02_0052_0010.uasset" 6402
"/Engine/EngineMaterials/Substrate/GLints/dict_16_192_64_0p5_0p02_0052_0004" 6403
"../../../Engine/Content/EngineMaterials/Substrate/GLints/dict_16_192_64_0p5_0p02_0052_0009.uasset" 6404
"../../../Engine/Content/EngineMaterials/Substrate/GLints/dict_16_192_64_0p5_0p02_0052_0011.uasset" 6405
"/Engine/EngineMaterials/Substrate/GLints/dict_16_192_64_0p5_0p02_0052_0003" 6406
"/Engine/EngineMaterials/Substrate/GLints/dict_16_192_64_0p5_0p02_0051_0012" 6407
"/Engine/EngineMaterials/Substrate/GLints/dict_16_192_64_0p5_0p02_0051_0011" 6408
"/Engine/EngineMaterials/Substrate/GLints/dict_16_192_64_0p5_0p02_0051_0010" 6409
"/Engine/EngineMaterials/Substrate/GLints/dict_16_192_64_0p5_0p02_0051_0009" 6410
"/Engine/EngineMaterials/Substrate/GLints/dict_16_192_64_0p5_0p02_0051_0008" 6411
"/Engine/EngineMaterials/Substrate/GLints/dict_16_192_64_0p5_0p02_0051_0007" 6412
"/Engine/EngineMaterials/Substrate/GLints/dict_16_192_64_0p5_0p02_0051_0006" 6413
"/Engine/EngineMaterials/Substrate/GLints/dict_16_192_64_0p5_0p02_0051_0005" 6414
"/Engine/EngineMaterials/Substrate/GLints/dict_16_192_64_0p5_0p02_0051_0004" 6415
"/Engine/EngineMaterials/Substrate/GLints/dict_16_192_64_0p5_0p02_0051_0003" 6416
"/Engine/EngineMaterials/Substrate/GLints/dict_16_192_64_0p5_0p02_0051_0002" 6417
"/Engine/EngineMaterials/Substrate/GLints/dict_16_192_64_0p5_0p02_0051_0001" 6418
"/Engine/EngineMaterials/Substrate/GLints/dict_16_192_64_0p5_0p02_0051_0000" 6419
"/Engine/EngineMaterials/Substrate/GLints/dict_16_192_64_0p5_0p02_0050_0015" 6420
"/Engine/EngineMaterials/Substrate/GLints/dict_16_192_64_0p5_0p02_0050_0014" 6421
"/Engine/EngineMaterials/Substrate/GLints/dict_16_192_64_0p5_0p02_0050_0013" 6422
"/Engine/EngineMaterials/Substrate/GLints/dict_16_192_64_0p5_0p02_0050_0012" 6423
"/Engine/EngineMaterials/Substrate/GLints/dict_16_192_64_0p5_0p02_0052_0002" 6424
"/Engine/EngineMaterials/Substrate/GLints/dict_16_192_64_0p5_0p02_0052_0001" 6425
"/Engine/EngineMaterials/Substrate/GLints/dict_16_192_64_0p5_0p02_0052_0000" 6426
"/Engine/EngineMaterials/Substrate/GLints/dict_16_192_64_0p5_0p02_0051_0015" 6427
"/Engine/EngineMaterials/Substrate/GLints/dict_16_192_64_0p5_0p02_0051_0014" 6428
"/Engine/EngineMaterials/Substrate/GLints/dict_16_192_64_0p5_0p02_0051_0013" 6429
"../../../Engine/Content/EngineMaterials/Substrate/GLints/dict_16_192_64_0p5_0p02_0052_0014.uasset" 6430
"../../../Engine/Content/EngineMaterials/Substrate/GLints/dict_16_192_64_0p5_0p02_0052_0012.uasset" 6431
"../../../Engine/Content/EngineMaterials/Substrate/GLints/dict_16_192_64_0p5_0p02_0052_0013.uasset" 6432
"/Engine/EngineMaterials/Substrate/GLints/dict_16_192_64_0p5_0p02_0052_0011" 6433
"../../../Engine/Content/EngineMaterials/Substrate/GLints/dict_16_192_64_0p5_0p02_0053_0000.uasset" 6434
"../../../Engine/Content/EngineMaterials/Substrate/GLints/dict_16_192_64_0p5_0p02_0052_0015.uasset" 6435
"/Engine/EngineMaterials/Substrate/GLints/dict_16_192_64_0p5_0p02_0052_0010" 6436
"../../../Engine/Content/EngineMaterials/Substrate/GLints/dict_16_192_64_0p5_0p02_0053_0001.uasset" 6437
"../../../Engine/Content/EngineMaterials/Substrate/GLints/dict_16_192_64_0p5_0p02_0053_0002.uasset" 6438
"../../../Engine/Content/EngineMaterials/Substrate/GLints/dict_16_192_64_0p5_0p02_0053_0003.uasset" 6439
"/Engine/EngineMaterials/Substrate/GLints/dict_16_192_64_0p5_0p02_0052_0009" 6440
"../../../Engine/Content/EngineMaterials/Substrate/GLints/dict_16_192_64_0p5_0p02_0053_0004.uasset" 6441
"../../../Engine/Content/EngineMaterials/Substrate/GLints/dict_16_192_64_0p5_0p02_0053_0005.uasset" 6442
"../../../Engine/Content/EngineMaterials/Substrate/GLints/dict_16_192_64_0p5_0p02_0053_0006.uasset" 6443
"../../../Engine/Content/EngineMaterials/Substrate/GLints/dict_16_192_64_0p5_0p02_0053_0007.uasset" 6444
"../../../Engine/Content/EngineMaterials/Substrate/GLints/dict_16_192_64_0p5_0p02_0053_0008.uasset" 6445
"/Engine/EngineMaterials/Substrate/GLints/dict_16_192_64_0p5_0p02_0052_0008" 6446
"../../../Engine/Content/EngineMaterials/Substrate/GLints/dict_16_192_64_0p5_0p02_0053_0009.uasset" 6447
"../../../Engine/Content/EngineMaterials/Substrate/GLints/dict_16_192_64_0p5_0p02_0053_0010.uasset" 6448
"../../../Engine/Content/EngineMaterials/Substrate/GLints/dict_16_192_64_0p5_0p02_0053_0012.uasset" 6449
"../../../Engine/Content/EngineMaterials/Substrate/GLints/dict_16_192_64_0p5_0p02_0053_0011.uasset" 6450
"../../../Engine/Content/EngineMaterials/Substrate/GLints/dict_16_192_64_0p5_0p02_0053_0013.uasset" 6451
"../../../Engine/Content/EngineMaterials/Substrate/GLints/dict_16_192_64_0p5_0p02_0053_0014.uasset" 6452
"/Engine/EngineMaterials/Substrate/GLints/dict_16_192_64_0p5_0p02_0052_0007" 6453
"../../../Engine/Content/EngineMaterials/Substrate/GLints/dict_16_192_64_0p5_0p02_0053_0015.uasset" 6454
"../../../Engine/Content/EngineMaterials/Substrate/GLints/dict_16_192_64_0p5_0p02_0054_0000.uasset" 6455
"../../../Engine/Content/EngineMaterials/Substrate/GLints/dict_16_192_64_0p5_0p02_0054_0001.uasset" 6456
"../../../Engine/Content/EngineMaterials/Substrate/GLints/dict_16_192_64_0p5_0p02_0054_0002.uasset" 6457
"../../../Engine/Content/EngineMaterials/Substrate/GLints/dict_16_192_64_0p5_0p02_0054_0003.uasset" 6458
"../../../Engine/Content/EngineMaterials/Substrate/GLints/dict_16_192_64_0p5_0p02_0054_0004.uasset" 6459
"/Engine/EngineMaterials/Substrate/GLints/dict_16_192_64_0p5_0p02_0052_0006" 6460
"/Engine/EngineMaterials/Substrate/GLints/dict_16_192_64_0p5_0p02_0052_0005" 6461
"../../../Engine/Content/EngineMaterials/Substrate/GLints/dict_16_192_64_0p5_0p02_0054_0005.uasset" 6462
"../../../Engine/Content/EngineMaterials/Substrate/GLints/dict_16_192_64_0p5_0p02_0054_0008.uasset" 6463
"../../../Engine/Content/EngineMaterials/Substrate/GLints/dict_16_192_64_0p5_0p02_0054_0007.uasset" 6464
"../../../Engine/Content/EngineMaterials/Substrate/GLints/dict_16_192_64_0p5_0p02_0054_0006.uasset" 6465
"/Engine/EngineMaterials/Substrate/GLints/dict_16_192_64_0p5_0p02_0054_0004" 6466
"../../../Engine/Content/EngineMaterials/Substrate/GLints/dict_16_192_64_0p5_0p02_0054_0010.uasset" 6467
"../../../Engine/Content/EngineMaterials/Substrate/GLints/dict_16_192_64_0p5_0p02_0054_0009.uasset" 6468
"../../../Engine/Content/EngineMaterials/Substrate/GLints/dict_16_192_64_0p5_0p02_0054_0011.uasset" 6469
"/Engine/EngineMaterials/Substrate/GLints/dict_16_192_64_0p5_0p02_0054_0003" 6470
"/Engine/EngineMaterials/Substrate/GLints/dict_16_192_64_0p5_0p02_0054_0002" 6471
"/Engine/EngineMaterials/Substrate/GLints/dict_16_192_64_0p5_0p02_0054_0001" 6472
"/Engine/EngineMaterials/Substrate/GLints/dict_16_192_64_0p5_0p02_0054_0000" 6473
"/Engine/EngineMaterials/Substrate/GLints/dict_16_192_64_0p5_0p02_0053_0015" 6474
"/Engine/EngineMaterials/Substrate/GLints/dict_16_192_64_0p5_0p02_0053_0014" 6475
"/Engine/EngineMaterials/Substrate/GLints/dict_16_192_64_0p5_0p02_0053_0013" 6476
"/Engine/EngineMaterials/Substrate/GLints/dict_16_192_64_0p5_0p02_0053_0012" 6477
"/Engine/EngineMaterials/Substrate/GLints/dict_16_192_64_0p5_0p02_0053_0011" 6478
"/Engine/EngineMaterials/Substrate/GLints/dict_16_192_64_0p5_0p02_0053_0010" 6479
"/Engine/EngineMaterials/Substrate/GLints/dict_16_192_64_0p5_0p02_0053_0009" 6480
"/Engine/EngineMaterials/Substrate/GLints/dict_16_192_64_0p5_0p02_0053_0008" 6481
"/Engine/EngineMaterials/Substrate/GLints/dict_16_192_64_0p5_0p02_0053_0007" 6482
"/Engine/EngineMaterials/Substrate/GLints/dict_16_192_64_0p5_0p02_0053_0006" 6483
"/Engine/EngineMaterials/Substrate/GLints/dict_16_192_64_0p5_0p02_0053_0005" 6484
"/Engine/EngineMaterials/Substrate/GLints/dict_16_192_64_0p5_0p02_0053_0004" 6485
"/Engine/EngineMaterials/Substrate/GLints/dict_16_192_64_0p5_0p02_0053_0003" 6486
"/Engine/EngineMaterials/Substrate/GLints/dict_16_192_64_0p5_0p02_0053_0002" 6487
"/Engine/EngineMaterials/Substrate/GLints/dict_16_192_64_0p5_0p02_0053_0001" 6488
"/Engine/EngineMaterials/Substrate/GLints/dict_16_192_64_0p5_0p02_0053_0000" 6489
"/Engine/EngineMaterials/Substrate/GLints/dict_16_192_64_0p5_0p02_0052_0015" 6490
"/Engine/EngineMaterials/Substrate/GLints/dict_16_192_64_0p5_0p02_0052_0014" 6491
"/Engine/EngineMaterials/Substrate/GLints/dict_16_192_64_0p5_0p02_0052_0013" 6492
"/Engine/EngineMaterials/Substrate/GLints/dict_16_192_64_0p5_0p02_0052_0012" 6493
"/Engine/EngineMaterials/Substrate/GLints/dict_16_192_64_0p5_0p02_0054_0011" 6494
"../../../Engine/Content/EngineMaterials/Substrate/GLints/dict_16_192_64_0p5_0p02_0054_0012.uasset" 6495
"../../../Engine/Content/EngineMaterials/Substrate/GLints/dict_16_192_64_0p5_0p02_0055_0000.uasset" 6496
"../../../Engine/Content/EngineMaterials/Substrate/GLints/dict_16_192_64_0p5_0p02_0054_0014.uasset" 6497
"../../../Engine/Content/EngineMaterials/Substrate/GLints/dict_16_192_64_0p5_0p02_0054_0015.uasset" 6498
"../../../Engine/Content/EngineMaterials/Substrate/GLints/dict_16_192_64_0p5_0p02_0054_0013.uasset" 6499
"/Engine/EngineMaterials/Substrate/GLints/dict_16_192_64_0p5_0p02_0054_0010" 6500
"../../../Engine/Content/EngineMaterials/Substrate/GLints/dict_16_192_64_0p5_0p02_0055_0001.uasset" 6501
"../../../Engine/Content/EngineMaterials/Substrate/GLints/dict_16_192_64_0p5_0p02_0055_0002.uasset" 6502
"../../../Engine/Content/EngineMaterials/Substrate/GLints/dict_16_192_64_0p5_0p02_0055_0005.uasset" 6503
"../../../Engine/Content/EngineMaterials/Substrate/GLints/dict_16_192_64_0p5_0p02_0055_0004.uasset" 6504
"../../../Engine/Content/EngineMaterials/Substrate/GLints/dict_16_192_64_0p5_0p02_0055_0003.uasset" 6505
"/Engine/EngineMaterials/Substrate/GLints/dict_16_192_64_0p5_0p02_0054_0009" 6506
"../../../Engine/Content/EngineMaterials/Substrate/GLints/dict_16_192_64_0p5_0p02_0055_0006.uasset" 6507
"../../../Engine/Content/EngineMaterials/Substrate/GLints/dict_16_192_64_0p5_0p02_0055_0007.uasset" 6508
"../../../Engine/Content/EngineMaterials/Substrate/GLints/dict_16_192_64_0p5_0p02_0055_0008.uasset" 6509
"../../../Engine/Content/EngineMaterials/Substrate/GLints/dict_16_192_64_0p5_0p02_0055_0009.uasset" 6510
"../../../Engine/Content/EngineMaterials/Substrate/GLints/dict_16_192_64_0p5_0p02_0055_0010.uasset" 6511
"/Engine/EngineMaterials/Substrate/GLints/dict_16_192_64_0p5_0p02_0054_0008" 6512
"../../../Engine/Content/EngineMaterials/Substrate/GLints/dict_16_192_64_0p5_0p02_0055_0011.uasset" 6513
"../../../Engine/Content/EngineMaterials/Substrate/GLints/dict_16_192_64_0p5_0p02_0055_0012.uasset" 6514
"../../../Engine/Content/EngineMaterials/Substrate/GLints/dict_16_192_64_0p5_0p02_0055_0013.uasset" 6515
"../../../Engine/Content/EngineMaterials/Substrate/GLints/dict_16_192_64_0p5_0p02_0055_0014.uasset" 6516
"/Engine/EngineMaterials/Substrate/GLints/dict_16_192_64_0p5_0p02_0054_0007" 6517
"../../../Engine/Content/EngineMaterials/Substrate/GLints/dict_16_192_64_0p5_0p02_0055_0015.uasset" 6518
"../../../Engine/Content/EngineMaterials/Substrate/GLints/dict_16_192_64_0p5_0p02_0056_0000.uasset" 6519
"../../../Engine/Content/EngineMaterials/Substrate/GLints/dict_16_192_64_0p5_0p02_0056_0001.uasset" 6520
"../../../Engine/Content/EngineMaterials/Substrate/GLints/dict_16_192_64_0p5_0p02_0056_0002.uasset" 6521
"../../../Engine/Content/EngineMaterials/Substrate/GLints/dict_16_192_64_0p5_0p02_0056_0003.uasset" 6522
"/Engine/EngineMaterials/Substrate/GLints/dict_16_192_64_0p5_0p02_0054_0006" 6523
"../../../Engine/Content/EngineMaterials/Substrate/GLints/dict_16_192_64_0p5_0p02_0056_0004.uasset" 6524
"/Engine/EngineMaterials/Substrate/GLints/dict_16_192_64_0p5_0p02_0054_0005" 6525
"../../../Engine/Content/EngineMaterials/Substrate/GLints/dict_16_192_64_0p5_0p02_0056_0007.uasset" 6526
"../../../Engine/Content/EngineMaterials/Substrate/GLints/dict_16_192_64_0p5_0p02_0056_0005.uasset" 6527
"../../../Engine/Content/EngineMaterials/Substrate/GLints/dict_16_192_64_0p5_0p02_0056_0006.uasset" 6528
"../../../Engine/Content/EngineMaterials/Substrate/GLints/dict_16_192_64_0p5_0p02_0056_0008.uasset" 6529
"/Engine/EngineMaterials/Substrate/GLints/dict_16_192_64_0p5_0p02_0056_0004" 6530
"../../../Engine/Content/EngineMaterials/Substrate/GLints/dict_16_192_64_0p5_0p02_0056_0009.uasset" 6531
"../../../Engine/Content/EngineMaterials/Substrate/GLints/dict_16_192_64_0p5_0p02_0056_0010.uasset" 6532
"../../../Engine/Content/EngineMaterials/Substrate/GLints/dict_16_192_64_0p5_0p02_0056_0011.uasset" 6533
"/Engine/EngineMaterials/Substrate/GLints/dict_16_192_64_0p5_0p02_0056_0003" 6534
"/Engine/EngineMaterials/Substrate/GLints/dict_16_192_64_0p5_0p02_0056_0002" 6535
"/Engine/EngineMaterials/Substrate/GLints/dict_16_192_64_0p5_0p02_0056_0001" 6536
"/Engine/EngineMaterials/Substrate/GLints/dict_16_192_64_0p5_0p02_0056_0000" 6537
"/Engine/EngineMaterials/Substrate/GLints/dict_16_192_64_0p5_0p02_0055_0015" 6538
"/Engine/EngineMaterials/Substrate/GLints/dict_16_192_64_0p5_0p02_0055_0014" 6539
"/Engine/EngineMaterials/Substrate/GLints/dict_16_192_64_0p5_0p02_0055_0013" 6540
"/Engine/EngineMaterials/Substrate/GLints/dict_16_192_64_0p5_0p02_0055_0012" 6541
"/Engine/EngineMaterials/Substrate/GLints/dict_16_192_64_0p5_0p02_0055_0011" 6542
"/Engine/EngineMaterials/Substrate/GLints/dict_16_192_64_0p5_0p02_0055_0010" 6543
"/Engine/EngineMaterials/Substrate/GLints/dict_16_192_64_0p5_0p02_0055_0009" 6544
"/Engine/EngineMaterials/Substrate/GLints/dict_16_192_64_0p5_0p02_0055_0008" 6545
"/Engine/EngineMaterials/Substrate/GLints/dict_16_192_64_0p5_0p02_0055_0007" 6546
"/Engine/EngineMaterials/Substrate/GLints/dict_16_192_64_0p5_0p02_0055_0006" 6547
"/Engine/EngineMaterials/Substrate/GLints/dict_16_192_64_0p5_0p02_0055_0005" 6548
"/Engine/EngineMaterials/Substrate/GLints/dict_16_192_64_0p5_0p02_0055_0004" 6549
"/Engine/EngineMaterials/Substrate/GLints/dict_16_192_64_0p5_0p02_0055_0003" 6550
"/Engine/EngineMaterials/Substrate/GLints/dict_16_192_64_0p5_0p02_0055_0002" 6551
"/Engine/EngineMaterials/Substrate/GLints/dict_16_192_64_0p5_0p02_0055_0001" 6552
"/Engine/EngineMaterials/Substrate/GLints/dict_16_192_64_0p5_0p02_0055_0000" 6553
"/Engine/EngineMaterials/Substrate/GLints/dict_16_192_64_0p5_0p02_0054_0015" 6554
"/Engine/EngineMaterials/Substrate/GLints/dict_16_192_64_0p5_0p02_0054_0014" 6555
"/Engine/EngineMaterials/Substrate/GLints/dict_16_192_64_0p5_0p02_0054_0013" 6556
"/Engine/EngineMaterials/Substrate/GLints/dict_16_192_64_0p5_0p02_0054_0012" 6557
"../../../Engine/Content/EngineMaterials/Substrate/GLints/dict_16_192_64_0p5_0p02_0056_0014.uasset" 6558
"../../../Engine/Content/EngineMaterials/Substrate/GLints/dict_16_192_64_0p5_0p02_0056_0013.uasset" 6559
"../../../Engine/Content/EngineMaterials/Substrate/GLints/dict_16_192_64_0p5_0p02_0057_0000.uasset" 6560
"/Engine/EngineMaterials/Substrate/GLints/dict_16_192_64_0p5_0p02_0056_0011" 6561
"../../../Engine/Content/EngineMaterials/Substrate/GLints/dict_16_192_64_0p5_0p02_0056_0012.uasset" 6562
"../../../Engine/Content/EngineMaterials/Substrate/GLints/dict_16_192_64_0p5_0p02_0056_0015.uasset" 6563
"../../../Engine/Content/EngineMaterials/Substrate/GLints/dict_16_192_64_0p5_0p02_0057_0002.uasset" 6564
"../../../Engine/Content/EngineMaterials/Substrate/GLints/dict_16_192_64_0p5_0p02_0057_0005.uasset" 6565
"../../../Engine/Content/EngineMaterials/Substrate/GLints/dict_16_192_64_0p5_0p02_0057_0001.uasset" 6566
"../../../Engine/Content/EngineMaterials/Substrate/GLints/dict_16_192_64_0p5_0p02_0057_0004.uasset" 6567
"/Engine/EngineMaterials/Substrate/GLints/dict_16_192_64_0p5_0p02_0056_0010" 6568
"../../../Engine/Content/EngineMaterials/Substrate/GLints/dict_16_192_64_0p5_0p02_0057_0003.uasset" 6569
"../../../Engine/Content/EngineMaterials/Substrate/GLints/dict_16_192_64_0p5_0p02_0057_0006.uasset" 6570
"../../../Engine/Content/EngineMaterials/Substrate/GLints/dict_16_192_64_0p5_0p02_0057_0007.uasset" 6571
"../../../Engine/Content/EngineMaterials/Substrate/GLints/dict_16_192_64_0p5_0p02_0057_0008.uasset" 6572
"../../../Engine/Content/EngineMaterials/Substrate/GLints/dict_16_192_64_0p5_0p02_0057_0010.uasset" 6573
"../../../Engine/Content/EngineMaterials/Substrate/GLints/dict_16_192_64_0p5_0p02_0057_0009.uasset" 6574
"/Engine/EngineMaterials/Substrate/GLints/dict_16_192_64_0p5_0p02_0056_0009" 6575
"../../../Engine/Content/EngineMaterials/Substrate/GLints/dict_16_192_64_0p5_0p02_0057_0012.uasset" 6576
"../../../Engine/Content/EngineMaterials/Substrate/GLints/dict_16_192_64_0p5_0p02_0057_0011.uasset" 6577
"../../../Engine/Content/EngineMaterials/Substrate/GLints/dict_16_192_64_0p5_0p02_0057_0013.uasset" 6578
"../../../Engine/Content/EngineMaterials/Substrate/GLints/dict_16_192_64_0p5_0p02_0057_0014.uasset" 6579
"../../../Engine/Content/EngineMaterials/Substrate/GLints/dict_16_192_64_0p5_0p02_0057_0015.uasset" 6580
"/Engine/EngineMaterials/Substrate/GLints/dict_16_192_64_0p5_0p02_0056_0008" 6581
"../../../Engine/Content/EngineMaterials/Substrate/GLints/dict_16_192_64_0p5_0p02_0058_0000.uasset" 6582
"../../../Engine/Content/EngineMaterials/Substrate/GLints/dict_16_192_64_0p5_0p02_0058_0001.uasset" 6583
"../../../Engine/Content/EngineMaterials/Substrate/GLints/dict_16_192_64_0p5_0p02_0058_0002.uasset" 6584
"/Engine/EngineMaterials/Substrate/GLints/dict_16_192_64_0p5_0p02_0056_0007" 6585
"../../../Engine/Content/EngineMaterials/Substrate/GLints/dict_16_192_64_0p5_0p02_0058_0003.uasset" 6586
"/Engine/EngineMaterials/Substrate/GLints/dict_16_192_64_0p5_0p02_0056_0006" 6587
"../../../Engine/Content/EngineMaterials/Substrate/GLints/dict_16_192_64_0p5_0p02_0058_0004.uasset" 6588
"/Engine/EngineMaterials/Substrate/GLints/dict_16_192_64_0p5_0p02_0056_0005" 6589
"../../../Engine/Content/EngineMaterials/Substrate/GLints/dict_16_192_64_0p5_0p02_0058_0007.uasset" 6590
"../../../Engine/Content/EngineMaterials/Substrate/GLints/dict_16_192_64_0p5_0p02_0058_0006.uasset" 6591
"../../../Engine/Content/EngineMaterials/Substrate/GLints/dict_16_192_64_0p5_0p02_0058_0008.uasset" 6592
"../../../Engine/Content/EngineMaterials/Substrate/GLints/dict_16_192_64_0p5_0p02_0058_0005.uasset" 6593
"../../../Engine/Content/EngineMaterials/Substrate/GLints/dict_16_192_64_0p5_0p02_0058_0009.uasset" 6594
"../../../Engine/Content/EngineMaterials/Substrate/GLints/dict_16_192_64_0p5_0p02_0058_0010.uasset" 6595
"/Engine/EngineMaterials/Substrate/GLints/dict_16_192_64_0p5_0p02_0058_0004" 6596
"../../../Engine/Content/EngineMaterials/Substrate/GLints/dict_16_192_64_0p5_0p02_0058_0011.uasset" 6597
"/Engine/EngineMaterials/Substrate/GLints/dict_16_192_64_0p5_0p02_0058_0003" 6598
"/Engine/EngineMaterials/Substrate/GLints/dict_16_192_64_0p5_0p02_0058_0002" 6599
"/Engine/EngineMaterials/Substrate/GLints/dict_16_192_64_0p5_0p02_0058_0001" 6600
"/Engine/EngineMaterials/Substrate/GLints/dict_16_192_64_0p5_0p02_0058_0000" 6601
"/Engine/EngineMaterials/Substrate/GLints/dict_16_192_64_0p5_0p02_0057_0015" 6602
"/Engine/EngineMaterials/Substrate/GLints/dict_16_192_64_0p5_0p02_0057_0014" 6603
"/Engine/EngineMaterials/Substrate/GLints/dict_16_192_64_0p5_0p02_0057_0013" 6604
"/Engine/EngineMaterials/Substrate/GLints/dict_16_192_64_0p5_0p02_0057_0012" 6605
"/Engine/EngineMaterials/Substrate/GLints/dict_16_192_64_0p5_0p02_0057_0011" 6606
"/Engine/EngineMaterials/Substrate/GLints/dict_16_192_64_0p5_0p02_0057_0010" 6607
"/Engine/EngineMaterials/Substrate/GLints/dict_16_192_64_0p5_0p02_0057_0009" 6608
"/Engine/EngineMaterials/Substrate/GLints/dict_16_192_64_0p5_0p02_0057_0008" 6609
"/Engine/EngineMaterials/Substrate/GLints/dict_16_192_64_0p5_0p02_0057_0007" 6610
"/Engine/EngineMaterials/Substrate/GLints/dict_16_192_64_0p5_0p02_0057_0006" 6611
"/Engine/EngineMaterials/Substrate/GLints/dict_16_192_64_0p5_0p02_0057_0005" 6612
"/Engine/EngineMaterials/Substrate/GLints/dict_16_192_64_0p5_0p02_0057_0004" 6613
"/Engine/EngineMaterials/Substrate/GLints/dict_16_192_64_0p5_0p02_0057_0003" 6614
"/Engine/EngineMaterials/Substrate/GLints/dict_16_192_64_0p5_0p02_0057_0002" 6615
"/Engine/EngineMaterials/Substrate/GLints/dict_16_192_64_0p5_0p02_0057_0001" 6616
"/Engine/EngineMaterials/Substrate/GLints/dict_16_192_64_0p5_0p02_0057_0000" 6617
"/Engine/EngineMaterials/Substrate/GLints/dict_16_192_64_0p5_0p02_0056_0015" 6618
"/Engine/EngineMaterials/Substrate/GLints/dict_16_192_64_0p5_0p02_0056_0014" 6619
"/Engine/EngineMaterials/Substrate/GLints/dict_16_192_64_0p5_0p02_0056_0013" 6620
"/Engine/EngineMaterials/Substrate/GLints/dict_16_192_64_0p5_0p02_0056_0012" 6621
"/Engine/EngineMaterials/Substrate/GLints/dict_16_192_64_0p5_0p02_0058_0011" 6622
"../../../Engine/Content/EngineMaterials/Substrate/GLints/dict_16_192_64_0p5_0p02_0058_0013.uasset" 6623
"../../../Engine/Content/EngineMaterials/Substrate/GLints/dict_16_192_64_0p5_0p02_0058_0014.uasset" 6624
"../../../Engine/Content/EngineMaterials/Substrate/GLints/dict_16_192_64_0p5_0p02_0058_0012.uasset" 6625
"../../../Engine/Content/EngineMaterials/Substrate/GLints/dict_16_192_64_0p5_0p02_0058_0015.uasset" 6626
"../../../Engine/Content/EngineMaterials/Substrate/GLints/dict_16_192_64_0p5_0p02_0059_0000.uasset" 6627
"../../../Engine/Content/EngineMaterials/Substrate/GLints/dict_16_192_64_0p5_0p02_0059_0001.uasset" 6628
"../../../Engine/Content/EngineMaterials/Substrate/GLints/dict_16_192_64_0p5_0p02_0059_0002.uasset" 6629
"/Engine/EngineMaterials/Substrate/GLints/dict_16_192_64_0p5_0p02_0058_0010" 6630
"../../../Engine/Content/EngineMaterials/Substrate/GLints/dict_16_192_64_0p5_0p02_0059_0003.uasset" 6631
"../../../Engine/Content/EngineMaterials/Substrate/GLints/dict_16_192_64_0p5_0p02_0059_0004.uasset" 6632
"../../../Engine/Content/EngineMaterials/Substrate/GLints/dict_16_192_64_0p5_0p02_0059_0005.uasset" 6633
"/Engine/EngineMaterials/Substrate/GLints/dict_16_192_64_0p5_0p02_0058_0009" 6634
"../../../Engine/Content/EngineMaterials/Substrate/GLints/dict_16_192_64_0p5_0p02_0059_0006.uasset" 6635
"../../../Engine/Content/EngineMaterials/Substrate/GLints/dict_16_192_64_0p5_0p02_0059_0007.uasset" 6636
"../../../Engine/Content/EngineMaterials/Substrate/GLints/dict_16_192_64_0p5_0p02_0059_0008.uasset" 6637
"../../../Engine/Content/EngineMaterials/Substrate/GLints/dict_16_192_64_0p5_0p02_0059_0009.uasset" 6638
"../../../Engine/Content/EngineMaterials/Substrate/GLints/dict_16_192_64_0p5_0p02_0059_0010.uasset" 6639
"../../../Engine/Content/EngineMaterials/Substrate/GLints/dict_16_192_64_0p5_0p02_0059_0012.uasset" 6640
"/Engine/EngineMaterials/Substrate/GLints/dict_16_192_64_0p5_0p02_0058_0008" 6641
"../../../Engine/Content/EngineMaterials/Substrate/GLints/dict_16_192_64_0p5_0p02_0059_0011.uasset" 6642
"../../../Engine/Content/EngineMaterials/Substrate/GLints/dict_16_192_64_0p5_0p02_0059_0013.uasset" 6643
"../../../Engine/Content/EngineMaterials/Substrate/GLints/dict_16_192_64_0p5_0p02_0059_0014.uasset" 6644
"../../../Engine/Content/EngineMaterials/Substrate/GLints/dict_16_192_64_0p5_0p02_0059_0015.uasset" 6645
"../../../Engine/Content/EngineMaterials/Substrate/GLints/dict_16_192_64_0p5_0p02_0060_0000.uasset" 6646
"../../../Engine/Content/EngineMaterials/Substrate/GLints/dict_16_192_64_0p5_0p02_0060_0001.uasset" 6647
"/Engine/EngineMaterials/Substrate/GLints/dict_16_192_64_0p5_0p02_0058_0007" 6648
"../../../Engine/Content/EngineMaterials/Substrate/GLints/dict_16_192_64_0p5_0p02_0060_0003.uasset" 6649
"../../../Engine/Content/EngineMaterials/Substrate/GLints/dict_16_192_64_0p5_0p02_0060_0004.uasset" 6650
"../../../Engine/Content/EngineMaterials/Substrate/GLints/dict_16_192_64_0p5_0p02_0060_0002.uasset" 6651
"/Engine/EngineMaterials/Substrate/GLints/dict_16_192_64_0p5_0p02_0058_0006" 6652
"/Engine/EngineMaterials/Substrate/GLints/dict_16_192_64_0p5_0p02_0058_0005" 6653
"../../../Engine/Content/EngineMaterials/Substrate/GLints/dict_16_192_64_0p5_0p02_0060_0005.uasset" 6654
"../../../Engine/Content/EngineMaterials/Substrate/GLints/dict_16_192_64_0p5_0p02_0060_0007.uasset" 6655
"../../../Engine/Content/EngineMaterials/Substrate/GLints/dict_16_192_64_0p5_0p02_0060_0006.uasset" 6656
"/Engine/EngineMaterials/Substrate/GLints/dict_16_192_64_0p5_0p02_0060_0004" 6657
"../../../Engine/Content/EngineMaterials/Substrate/GLints/dict_16_192_64_0p5_0p02_0060_0008.uasset" 6658
"../../../Engine/Content/EngineMaterials/Substrate/GLints/dict_16_192_64_0p5_0p02_0060_0009.uasset" 6659
"../../../Engine/Content/EngineMaterials/Substrate/GLints/dict_16_192_64_0p5_0p02_0060_0010.uasset" 6660
"../../../Engine/Content/EngineMaterials/Substrate/GLints/dict_16_192_64_0p5_0p02_0060_0011.uasset" 6661
"/Engine/EngineMaterials/Substrate/GLints/dict_16_192_64_0p5_0p02_0060_0003" 6662
"/Engine/EngineMaterials/Substrate/GLints/dict_16_192_64_0p5_0p02_0060_0002" 6663
"/Engine/EngineMaterials/Substrate/GLints/dict_16_192_64_0p5_0p02_0060_0001" 6664
"/Engine/EngineMaterials/Substrate/GLints/dict_16_192_64_0p5_0p02_0060_0000" 6665
"/Engine/EngineMaterials/Substrate/GLints/dict_16_192_64_0p5_0p02_0059_0015" 6666
"/Engine/EngineMaterials/Substrate/GLints/dict_16_192_64_0p5_0p02_0059_0014" 6667
"/Engine/EngineMaterials/Substrate/GLints/dict_16_192_64_0p5_0p02_0059_0013" 6668
"/Engine/EngineMaterials/Substrate/GLints/dict_16_192_64_0p5_0p02_0059_0012" 6669
"/Engine/EngineMaterials/Substrate/GLints/dict_16_192_64_0p5_0p02_0059_0011" 6670
"/Engine/EngineMaterials/Substrate/GLints/dict_16_192_64_0p5_0p02_0059_0010" 6671
"/Engine/EngineMaterials/Substrate/GLints/dict_16_192_64_0p5_0p02_0059_0009" 6672
"/Engine/EngineMaterials/Substrate/GLints/dict_16_192_64_0p5_0p02_0059_0008" 6673
"/Engine/EngineMaterials/Substrate/GLints/dict_16_192_64_0p5_0p02_0059_0007" 6674
"/Engine/EngineMaterials/Substrate/GLints/dict_16_192_64_0p5_0p02_0059_0006" 6675
"/Engine/EngineMaterials/Substrate/GLints/dict_16_192_64_0p5_0p02_0059_0005" 6676
"/Engine/EngineMaterials/Substrate/GLints/dict_16_192_64_0p5_0p02_0059_0004" 6677
"/Engine/EngineMaterials/Substrate/GLints/dict_16_192_64_0p5_0p02_0059_0003" 6678
"/Engine/EngineMaterials/Substrate/GLints/dict_16_192_64_0p5_0p02_0059_0002" 6679
"/Engine/EngineMaterials/Substrate/GLints/dict_16_192_64_0p5_0p02_0059_0001" 6680
"/Engine/EngineMaterials/Substrate/GLints/dict_16_192_64_0p5_0p02_0059_0000" 6681
"/Engine/EngineMaterials/Substrate/GLints/dict_16_192_64_0p5_0p02_0058_0015" 6682
"/Engine/EngineMaterials/Substrate/GLints/dict_16_192_64_0p5_0p02_0058_0014" 6683
"/Engine/EngineMaterials/Substrate/GLints/dict_16_192_64_0p5_0p02_0058_0013" 6684
"/Engine/EngineMaterials/Substrate/GLints/dict_16_192_64_0p5_0p02_0058_0012" 6685
"../../../Engine/Content/EngineMaterials/Substrate/GLints/dict_16_192_64_0p5_0p02_0060_0014.uasset" 6686
"../../../Engine/Content/EngineMaterials/Substrate/GLints/dict_16_192_64_0p5_0p02_0060_0015.uasset" 6687
"../../../Engine/Content/EngineMaterials/Substrate/GLints/dict_16_192_64_0p5_0p02_0060_0013.uasset" 6688
"../../../Engine/Content/EngineMaterials/Substrate/GLints/dict_16_192_64_0p5_0p02_0060_0012.uasset" 6689
"../../../Engine/Content/EngineMaterials/Substrate/GLints/dict_16_192_64_0p5_0p02_0061_0000.uasset" 6690
"/Engine/EngineMaterials/Substrate/GLints/dict_16_192_64_0p5_0p02_0060_0011" 6691
"../../../Engine/Content/EngineMaterials/Substrate/GLints/dict_16_192_64_0p5_0p02_0061_0004.uasset" 6692
"../../../Engine/Content/EngineMaterials/Substrate/GLints/dict_16_192_64_0p5_0p02_0061_0005.uasset" 6693
"../../../Engine/Content/EngineMaterials/Substrate/GLints/dict_16_192_64_0p5_0p02_0061_0002.uasset" 6694
"../../../Engine/Content/EngineMaterials/Substrate/GLints/dict_16_192_64_0p5_0p02_0061_0001.uasset" 6695
"/Engine/EngineMaterials/Substrate/GLints/dict_16_192_64_0p5_0p02_0060_0010" 6696
"../../../Engine/Content/EngineMaterials/Substrate/GLints/dict_16_192_64_0p5_0p02_0061_0003.uasset" 6697
"../../../Engine/Content/EngineMaterials/Substrate/GLints/dict_16_192_64_0p5_0p02_0061_0006.uasset" 6698
"../../../Engine/Content/EngineMaterials/Substrate/GLints/dict_16_192_64_0p5_0p02_0061_0007.uasset" 6699
"/Engine/EngineMaterials/Substrate/GLints/dict_16_192_64_0p5_0p02_0060_0009" 6700
"../../../Engine/Content/EngineMaterials/Substrate/GLints/dict_16_192_64_0p5_0p02_0061_0008.uasset" 6701
"../../../Engine/Content/EngineMaterials/Substrate/GLints/dict_16_192_64_0p5_0p02_0061_0009.uasset" 6702
"../../../Engine/Content/EngineMaterials/Substrate/GLints/dict_16_192_64_0p5_0p02_0061_0010.uasset" 6703
"../../../Engine/Content/EngineMaterials/Substrate/GLints/dict_16_192_64_0p5_0p02_0061_0011.uasset" 6704
"../../../Engine/Content/EngineMaterials/Substrate/GLints/dict_16_192_64_0p5_0p02_0061_0012.uasset" 6705
"/Engine/EngineMaterials/Substrate/GLints/dict_16_192_64_0p5_0p02_0060_0008" 6706
"../../../Engine/Content/EngineMaterials/Substrate/GLints/dict_16_192_64_0p5_0p02_0061_0013.uasset" 6707
"../../../Engine/Content/EngineMaterials/Substrate/GLints/dict_16_192_64_0p5_0p02_0061_0014.uasset" 6708
"../../../Engine/Content/EngineMaterials/Substrate/GLints/dict_16_192_64_0p5_0p02_0062_0000.uasset" 6709
"../../../Engine/Content/EngineMaterials/Substrate/GLints/dict_16_192_64_0p5_0p02_0062_0001.uasset" 6710
"../../../Engine/Content/EngineMaterials/Substrate/GLints/dict_16_192_64_0p5_0p02_0061_0015.uasset" 6711
"../../../Engine/Content/EngineMaterials/Substrate/GLints/dict_16_192_64_0p5_0p02_0062_0002.uasset" 6712
"/Engine/EngineMaterials/Substrate/GLints/dict_16_192_64_0p5_0p02_0060_0007" 6713
"../../../Engine/Content/EngineMaterials/Substrate/GLints/dict_16_192_64_0p5_0p02_0062_0003.uasset" 6714
"/Engine/EngineMaterials/Substrate/GLints/dict_16_192_64_0p5_0p02_0060_0006" 6715
"../../../Engine/Content/EngineMaterials/Substrate/GLints/dict_16_192_64_0p5_0p02_0062_0004.uasset" 6716
"/Engine/EngineMaterials/Substrate/GLints/dict_16_192_64_0p5_0p02_0060_0005" 6717
"../../../Engine/Content/EngineMaterials/Substrate/GLints/dict_16_192_64_0p5_0p02_0062_0007.uasset" 6718
"../../../Engine/Content/EngineMaterials/Substrate/GLints/dict_16_192_64_0p5_0p02_0062_0005.uasset" 6719
"../../../Engine/Content/EngineMaterials/Substrate/GLints/dict_16_192_64_0p5_0p02_0062_0006.uasset" 6720
"../../../Engine/Content/EngineMaterials/Substrate/GLints/dict_16_192_64_0p5_0p02_0062_0008.uasset" 6721
"/Engine/EngineMaterials/Substrate/GLints/dict_16_192_64_0p5_0p02_0062_0004" 6722
"../../../Engine/Content/EngineMaterials/Substrate/GLints/dict_16_192_64_0p5_0p02_0062_0009.uasset" 6723
"../../../Engine/Content/EngineMaterials/Substrate/GLints/dict_16_192_64_0p5_0p02_0062_0010.uasset" 6724
"../../../Engine/Content/EngineMaterials/Substrate/GLints/dict_16_192_64_0p5_0p02_0062_0011.uasset" 6725
"/Engine/EngineMaterials/Substrate/GLints/dict_16_192_64_0p5_0p02_0062_0003" 6726
"/Engine/EngineMaterials/Substrate/GLints/dict_16_192_64_0p5_0p02_0062_0002" 6727
"/Engine/EngineMaterials/Substrate/GLints/dict_16_192_64_0p5_0p02_0062_0001" 6728
"/Engine/EngineMaterials/Substrate/GLints/dict_16_192_64_0p5_0p02_0062_0000" 6729
"/Engine/EngineMaterials/Substrate/GLints/dict_16_192_64_0p5_0p02_0061_0015" 6730
"/Engine/EngineMaterials/Substrate/GLints/dict_16_192_64_0p5_0p02_0061_0014" 6731
"/Engine/EngineMaterials/Substrate/GLints/dict_16_192_64_0p5_0p02_0061_0013" 6732
"/Engine/EngineMaterials/Substrate/GLints/dict_16_192_64_0p5_0p02_0061_0012" 6733
"/Engine/EngineMaterials/Substrate/GLints/dict_16_192_64_0p5_0p02_0061_0011" 6734
"/Engine/EngineMaterials/Substrate/GLints/dict_16_192_64_0p5_0p02_0061_0010" 6735
"/Engine/EngineMaterials/Substrate/GLints/dict_16_192_64_0p5_0p02_0061_0009" 6736
"/Engine/EngineMaterials/Substrate/GLints/dict_16_192_64_0p5_0p02_0061_0008" 6737
"/Engine/EngineMaterials/Substrate/GLints/dict_16_192_64_0p5_0p02_0061_0007" 6738
"/Engine/EngineMaterials/Substrate/GLints/dict_16_192_64_0p5_0p02_0061_0006" 6739
"/Engine/EngineMaterials/Substrate/GLints/dict_16_192_64_0p5_0p02_0061_0005" 6740
"/Engine/EngineMaterials/Substrate/GLints/dict_16_192_64_0p5_0p02_0061_0004" 6741
"/Engine/EngineMaterials/Substrate/GLints/dict_16_192_64_0p5_0p02_0061_0003" 6742
"/Engine/EngineMaterials/Substrate/GLints/dict_16_192_64_0p5_0p02_0061_0002" 6743
"/Engine/EngineMaterials/Substrate/GLints/dict_16_192_64_0p5_0p02_0061_0001" 6744
"/Engine/EngineMaterials/Substrate/GLints/dict_16_192_64_0p5_0p02_0061_0000" 6745
"/Engine/EngineMaterials/Substrate/GLints/dict_16_192_64_0p5_0p02_0060_0015" 6746
"/Engine/EngineMaterials/Substrate/GLints/dict_16_192_64_0p5_0p02_0060_0014" 6747
"/Engine/EngineMaterials/Substrate/GLints/dict_16_192_64_0p5_0p02_0060_0013" 6748
"/Engine/EngineMaterials/Substrate/GLints/dict_16_192_64_0p5_0p02_0060_0012" 6749
"../../../Engine/Content/EngineMaterials/Substrate/GLints/dict_16_192_64_0p5_0p02_0062_0012.uasset" 6750
"/Engine/EngineMaterials/Substrate/GLints/dict_16_192_64_0p5_0p02_0062_0011" 6751
"../../../Engine/Content/EngineMaterials/Substrate/GLints/dict_16_192_64_0p5_0p02_0063_0000.uasset" 6752
"../../../Engine/Content/EngineMaterials/Substrate/GLints/dict_16_192_64_0p5_0p02_0062_0015.uasset" 6753
"../../../Engine/Content/EngineMaterials/Substrate/GLints/dict_16_192_64_0p5_0p02_0062_0013.uasset" 6754
"../../../Engine/Content/EngineMaterials/Substrate/GLints/dict_16_192_64_0p5_0p02_0062_0014.uasset" 6755
"/Engine/EngineMaterials/Substrate/GLints/dict_16_192_64_0p5_0p02_0062_0010" 6756
"../../../Engine/Content/EngineMaterials/Substrate/GLints/dict_16_192_64_0p5_0p02_0063_0001.uasset" 6757
"../../../Engine/Content/EngineMaterials/Substrate/GLints/dict_16_192_64_0p5_0p02_0063_0002.uasset" 6758
"../../../Engine/Content/EngineMaterials/Substrate/GLints/dict_16_192_64_0p5_0p02_0063_0003.uasset" 6759
"../../../Engine/Content/EngineMaterials/Substrate/GLints/dict_16_192_64_0p5_0p02_0063_0004.uasset" 6760
"../../../Engine/Content/EngineMaterials/Substrate/GLints/dict_16_192_64_0p5_0p02_0063_0005.uasset" 6761
"../../../Engine/Content/EngineMaterials/Substrate/GLints/dict_16_192_64_0p5_0p02_0063_0006.uasset" 6762
"../../../Engine/Content/EngineMaterials/Substrate/GLints/dict_16_192_64_0p5_0p02_0063_0007.uasset" 6763
"/Engine/EngineMaterials/Substrate/GLints/dict_16_192_64_0p5_0p02_0062_0009" 6764
"../../../Engine/Content/EngineMaterials/Substrate/GLints/dict_16_192_64_0p5_0p02_0063_0008.uasset" 6765
"../../../Engine/Content/EngineMaterials/Substrate/GLints/dict_16_192_64_0p5_0p02_0063_0009.uasset" 6766
"../../../Engine/Content/EngineMaterials/Substrate/GLints/dict_16_192_64_0p5_0p02_0063_0010.uasset" 6767
"../../../Engine/Content/EngineMaterials/Substrate/GLints/dict_16_192_64_0p5_0p02_0063_0011.uasset" 6768
"../../../Engine/Content/EngineMaterials/Substrate/GLints/dict_16_192_64_0p5_0p02_0063_0012.uasset" 6769
"/Engine/EngineMaterials/Substrate/GLints/dict_16_192_64_0p5_0p02_0062_0008" 6770
"../../../Engine/Content/EngineMaterials/Substrate/GLints/dict_16_192_64_0p5_0p02_0063_0013.uasset" 6771
"../../../Engine/Content/EngineMaterials/Substrate/GLints/dict_16_192_64_0p5_0p02_0063_0014.uasset" 6772
"../../../Engine/Content/EngineMaterials/Substrate/GLints/dict_16_192_64_0p5_0p02_0063_0015.uasset" 6773
"/Engine/EngineMaterials/Substrate/GLints/dict_16_192_64_0p5_0p02_0062_0007" 6774
"../../../Engine/Content/EngineMaterials/Substrate/Glints2/dict_0000_0000.uasset" 6775
"../../../Engine/Content/EngineMaterials/Substrate/GLints/AGlintTex2dArray.uasset" 6776
"../../../Engine/Content/EngineMaterials/Substrate/Glints2/dict_0000_0001.uasset" 6777
"/Engine/EngineMaterials/Substrate/GLints/dict_16_192_64_0p5_0p02_0062_0006" 6778
"../../../Engine/Content/EngineMaterials/Substrate/Glints2/dict_0000_0002.uasset" 6779
"../../../Engine/Content/EngineMaterials/Substrate/Glints2/dict_0000_0003.uasset" 6780
"/Engine/EngineMaterials/Substrate/GLints/dict_16_192_64_0p5_0p02_0062_0005" 6781
"../../../Engine/Content/EngineMaterials/Substrate/Glints2/dict_0000_0005.uasset" 6782
"../../../Engine/Content/EngineMaterials/Substrate/Glints2/dict_0000_0007.uasset" 6783
"../../../Engine/Content/EngineMaterials/Substrate/Glints2/dict_0000_0008.uasset" 6784
"../../../Engine/Content/EngineMaterials/Substrate/Glints2/dict_0000_0006.uasset" 6785
"../../../Engine/Content/EngineMaterials/Substrate/Glints2/dict_0000_0004.uasset" 6786
"/Engine/EngineMaterials/Substrate/Glints2/dict_0000_0003" 6787
"../../../Engine/Content/EngineMaterials/Substrate/Glints2/dict_0000_0009.uasset" 6788
"../../../Engine/Content/EngineMaterials/Substrate/Glints2/dict_0000_0010.uasset" 6789
"/Engine/EngineMaterials/Substrate/Glints2/dict_0000_0002" 6790
"/Engine/EngineMaterials/Substrate/Glints2/dict_0000_0001" 6791
"/Engine/EngineMaterials/Substrate/Glints2/dict_0000_0000" 6792
"/Engine/EngineMaterials/Substrate/GLints/AGlintTex2dArray" 6793
"../../../Engine/Content/EngineMaterials/Substrate/Glints2/dict_0000_0011.uasset" 6794
"../../../Engine/Content/EngineMaterials/Substrate/Glints2/dict_0000_0012.uasset" 6795
"/Engine/EngineMaterials/Substrate/Glints2/dict_0000_0010" 6796
"../../../Engine/Content/EngineMaterials/Substrate/Glints2/dict_0000_0013.uasset" 6797
"/Engine/EngineMaterials/Substrate/Glints2/dict_0000_0009" 6798
"../../../Engine/Content/EngineMaterials/Substrate/Glints2/dict_0000_0014.uasset" 6799
"/Engine/EngineMaterials/Substrate/Glints2/dict_0000_0008" 6800
"../../../Engine/Content/EngineMaterials/Substrate/Glints2/dict_0000_0015.uasset" 6801
"/Engine/EngineMaterials/Substrate/Glints2/dict_0000_0007" 6802
"../../../Engine/Content/EngineMaterials/Substrate/Glints2/dict_0000_0016.uasset" 6803
"../../../Engine/Content/EngineMaterials/Substrate/Glints2/dict_0000_0017.uasset" 6804
"/Engine/EngineMaterials/Substrate/Glints2/dict_0000_0006" 6805
"../../../Engine/Content/EngineMaterials/Substrate/Glints2/dict_0000_0018.uasset" 6806
"../../../Engine/Content/EngineMaterials/Substrate/Glints2/dict_0000_0019.uasset" 6807
"/Engine/EngineMaterials/Substrate/Glints2/dict_0000_0005" 6808
"../../../Engine/Content/EngineMaterials/Substrate/Glints2/dict_0000_0020.uasset" 6809
"../../../Engine/Content/EngineMaterials/Substrate/Glints2/dict_0000_0021.uasset" 6810
"/Engine/EngineMaterials/Substrate/Glints2/dict_0000_0004" 6811
"../../../Engine/Content/EngineMaterials/Substrate/Glints2/dict_0000_0022.uasset" 6812
"../../../Engine/Content/EngineMaterials/Substrate/Glints2/dict_0000_0023.uasset" 6813
"/Engine/EngineMaterials/Substrate/Glints2/dict_0000_0021" 6814
"../../../Engine/Content/EngineMaterials/Substrate/Glints2/dict_0000_0024.uasset" 6815
"../../../Engine/Content/EngineMaterials/Substrate/Glints2/dict_0000_0025.uasset" 6816
"../../../Engine/Content/EngineMaterials/Substrate/Glints2/dict_0000_0026.uasset" 6817
"/Engine/EngineMaterials/Substrate/Glints2/dict_0000_0020" 6818
"../../../Engine/Content/EngineMaterials/Substrate/Glints2/dict_0000_0027.uasset" 6819
"../../../Engine/Content/EngineMaterials/Substrate/Glints2/dict_0000_0028.uasset" 6820
"../../../Engine/Content/EngineMaterials/Substrate/Glints2/dict_0000_0029.uasset" 6821
"../../../Engine/Content/EngineMaterials/Substrate/Glints2/dict_0000_0031.uasset" 6822
"../../../Engine/Content/EngineMaterials/Substrate/Glints2/dict_0000_0030.uasset" 6823
"/Engine/EngineMaterials/Substrate/Glints2/dict_0000_0019" 6824
"../../../Engine/Content/EngineMaterials/Substrate/Glints2/dict_0000_0033.uasset" 6825
"../../../Engine/Content/EngineMaterials/Substrate/Glints2/dict_0000_0032.uasset" 6826
"../../../Engine/Content/EngineMaterials/Substrate/Glints2/dict_0000_0035.uasset" 6827
"../../../Engine/Content/EngineMaterials/Substrate/Glints2/dict_0000_0036.uasset" 6828
"../../../Engine/Content/EngineMaterials/Substrate/Glints2/dict_0000_0034.uasset" 6829
"/Engine/EngineMaterials/Substrate/Glints2/dict_0000_0018" 6830
"../../../Engine/Content/EngineMaterials/Substrate/Glints2/dict_0000_0037.uasset" 6831
"../../../Engine/Content/EngineMaterials/Substrate/Glints2/dict_0000_0038.uasset" 6832
"../../../Engine/Content/EngineMaterials/Substrate/Glints2/dict_0000_0039.uasset" 6833
"../../../Engine/Content/EngineMaterials/Substrate/Glints2/dict_0000_0040.uasset" 6834
"../../../Engine/Content/EngineMaterials/Substrate/Glints2/dict_0000_0041.uasset" 6835
"/Engine/EngineMaterials/Substrate/Glints2/dict_0000_0017" 6836
"../../../Engine/Content/EngineMaterials/Substrate/Glints2/dict_0000_0042.uasset" 6837
"/Engine/EngineMaterials/Substrate/Glints2/dict_0000_0016" 6838
"/Engine/EngineMaterials/Substrate/Glints2/dict_0000_0015" 6839
"/Engine/EngineMaterials/Substrate/Glints2/dict_0000_0014" 6840
"/Engine/EngineMaterials/Substrate/Glints2/dict_0000_0013" 6841
"/Engine/EngineMaterials/Substrate/Glints2/dict_0000_0012" 6842
"/Engine/EngineMaterials/Substrate/Glints2/dict_0000_0011" 6843
"../../../Engine/Content/EngineMaterials/Substrate/Glints2/dict_0000_0045.uasset" 6844
"../../../Engine/Content/EngineMaterials/Substrate/Glints2/dict_0000_0044.uasset" 6845
"../../../Engine/Content/EngineMaterials/Substrate/Glints2/dict_0000_0043.uasset" 6846
"../../../Engine/Content/EngineMaterials/Substrate/Glints2/dict_0000_0046.uasset" 6847
"../../../Engine/Content/EngineMaterials/Substrate/Glints2/dict_0000_0047.uasset" 6848
"/Engine/EngineMaterials/Substrate/Glints2/dict_0000_0035" 6849
"../../../Engine/Content/EngineMaterials/Substrate/Glints2/dict_0000_0048.uasset" 6850
"../../../Engine/Content/EngineMaterials/Substrate/Glints2/dict_0000_0049.uasset" 6851
"/Engine/EngineMaterials/Substrate/Glints2/dict_0000_0034" 6852
"../../../Engine/Content/EngineMaterials/Substrate/Glints2/dict_0000_0050.uasset" 6853
"../../../Engine/Content/EngineMaterials/Substrate/Glints2/dict_0000_0052.uasset" 6854
"../../../Engine/Content/EngineMaterials/Substrate/Glints2/dict_0000_0053.uasset" 6855
"../../../Engine/Content/EngineMaterials/Substrate/Glints2/dict_0000_0051.uasset" 6856
"/Engine/EngineMaterials/Substrate/Glints2/dict_0000_0033" 6857
"/Engine/EngineMaterials/Substrate/Glints2/dict_0000_0032" 6858
"/Engine/EngineMaterials/Substrate/Glints2/dict_0000_0031" 6859
"/Engine/EngineMaterials/Substrate/Glints2/dict_0000_0030" 6860
"/Engine/EngineMaterials/Substrate/Glints2/dict_0000_0029" 6861
"/Engine/EngineMaterials/Substrate/Glints2/dict_0000_0028" 6862
"/Engine/EngineMaterials/Substrate/Glints2/dict_0000_0027" 6863
"/Engine/EngineMaterials/Substrate/Glints2/dict_0000_0026" 6864
"/Engine/EngineMaterials/Substrate/Glints2/dict_0000_0025" 6865
"/Engine/EngineMaterials/Substrate/Glints2/dict_0000_0024" 6866
"/Engine/EngineMaterials/Substrate/Glints2/dict_0000_0023" 6867
"/Engine/EngineMaterials/Substrate/Glints2/dict_0000_0022" 6868
"/Engine/EngineMaterials/Substrate/Glints2/dict_0000_0042" 6869
"/Engine/EngineMaterials/Substrate/Glints2/dict_0000_0041" 6870
"/Engine/EngineMaterials/Substrate/Glints2/dict_0000_0040" 6871
"/Engine/EngineMaterials/Substrate/Glints2/dict_0000_0039" 6872
"/Engine/EngineMaterials/Substrate/Glints2/dict_0000_0038" 6873
"/Engine/EngineMaterials/Substrate/Glints2/dict_0000_0037" 6874
"/Engine/EngineMaterials/Substrate/Glints2/dict_0000_0036" 6875
"../../../Engine/Content/EngineMaterials/Substrate/Glints2/dict_0000_0056.uasset" 6876
"../../../Engine/Content/EngineMaterials/Substrate/Glints2/dict_0000_0055.uasset" 6877
"../../../Engine/Content/EngineMaterials/Substrate/Glints2/dict_0000_0054.uasset" 6878
"../../../Engine/Content/EngineMaterials/Substrate/Glints2/dict_0000_0058.uasset" 6879
"../../../Engine/Content/EngineMaterials/Substrate/Glints2/dict_0000_0057.uasset" 6880
"/Engine/EngineMaterials/Substrate/Glints2/dict_0000_0053" 6881
"../../../Engine/Content/EngineMaterials/Substrate/Glints2/dict_0000_0059.uasset" 6882
"../../../Engine/Content/EngineMaterials/Substrate/Glints2/dict_0000_0060.uasset" 6883
"../../../Engine/Content/EngineMaterials/Substrate/Glints2/dict_0000_0061.uasset" 6884
"/Engine/EngineMaterials/Substrate/Glints2/dict_0000_0052" 6885
"../../../Engine/Content/EngineMaterials/Substrate/Glints2/dict_0000_0062.uasset" 6886
"../../../Engine/Content/EngineMaterials/Substrate/Glints2/dict_0000_0063.uasset" 6887
"../../../Engine/Content/EngineMaterials/Substrate/Glints2/dict_0000_0064.uasset" 6888
"../../../Engine/Content/EngineMaterials/Substrate/Glints2/dict_0000_0065.uasset" 6889
"/Engine/EngineMaterials/Substrate/Glints2/dict_0000_0051" 6890
"../../../Engine/Content/EngineMaterials/Substrate/Glints2/dict_0000_0067.uasset" 6891
"../../../Engine/Content/EngineMaterials/Substrate/Glints2/dict_0000_0066.uasset" 6892
"../../../Engine/Content/EngineMaterials/Substrate/Glints2/dict_0000_0068.uasset" 6893
"../../../Engine/Content/EngineMaterials/Substrate/Glints2/dict_0000_0069.uasset" 6894
"../../../Engine/Content/EngineMaterials/Substrate/Glints2/dict_0000_0070.uasset" 6895
"/Engine/EngineMaterials/Substrate/Glints2/dict_0000_0050" 6896
"../../../Engine/Content/EngineMaterials/Substrate/Glints2/dict_0000_0071.uasset" 6897
"../../../Engine/Content/EngineMaterials/Substrate/Glints2/dict_0000_0072.uasset" 6898
"../../../Engine/Content/EngineMaterials/Substrate/Glints2/dict_0000_0074.uasset" 6899
"../../../Engine/Content/EngineMaterials/Substrate/Glints2/dict_0000_0073.uasset" 6900
"/Engine/EngineMaterials/Substrate/Glints2/dict_0000_0049" 6901
"/Engine/EngineMaterials/Substrate/Glints2/dict_0000_0048" 6902
"/Engine/EngineMaterials/Substrate/Glints2/dict_0000_0047" 6903
"/Engine/EngineMaterials/Substrate/Glints2/dict_0000_0046" 6904
"/Engine/EngineMaterials/Substrate/Glints2/dict_0000_0045" 6905
"/Engine/EngineMaterials/Substrate/Glints2/dict_0000_0044" 6906
"/Engine/EngineMaterials/Substrate/Glints2/dict_0000_0043" 6907
"../../../Engine/Content/EngineMaterials/Substrate/Glints2/dict_0000_0075.uasset" 6908
"../../../Engine/Content/EngineMaterials/Substrate/Glints2/dict_0000_0076.uasset" 6909
"../../../Engine/Content/EngineMaterials/Substrate/Glints2/dict_0000_0078.uasset" 6910
"../../../Engine/Content/EngineMaterials/Substrate/Glints2/dict_0000_0079.uasset" 6911
"../../../Engine/Content/EngineMaterials/Substrate/Glints2/dict_0000_0080.uasset" 6912
"../../../Engine/Content/EngineMaterials/Substrate/Glints2/dict_0000_0077.uasset" 6913
"../../../Engine/Content/EngineMaterials/Substrate/Glints2/dict_0000_0081.uasset" 6914
"../../../Engine/Content/EngineMaterials/Substrate/Glints2/dict_0000_0082.uasset" 6915
"../../../Engine/Content/EngineMaterials/Substrate/Glints2/dict_0000_0083.uasset" 6916
"../../../Engine/Content/EngineMaterials/Substrate/Glints2/dict_0000_0085.uasset" 6917
"../../../Engine/Content/EngineMaterials/Substrate/Glints2/dict_0000_0084.uasset" 6918
"/Engine/EngineMaterials/Substrate/Glints2/dict_0000_0074" 6919
"/Engine/EngineMaterials/Substrate/Glints2/dict_0000_0073" 6920
"/Engine/EngineMaterials/Substrate/Glints2/dict_0000_0072" 6921
"/Engine/EngineMaterials/Substrate/Glints2/dict_0000_0071" 6922
"/Engine/EngineMaterials/Substrate/Glints2/dict_0000_0070" 6923
"/Engine/EngineMaterials/Substrate/Glints2/dict_0000_0069" 6924
"/Engine/EngineMaterials/Substrate/Glints2/dict_0000_0068" 6925
"/Engine/EngineMaterials/Substrate/Glints2/dict_0000_0067" 6926
"/Engine/EngineMaterials/Substrate/Glints2/dict_0000_0066" 6927
"/Engine/EngineMaterials/Substrate/Glints2/dict_0000_0065" 6928
"/Engine/EngineMaterials/Substrate/Glints2/dict_0000_0064" 6929
"/Engine/EngineMaterials/Substrate/Glints2/dict_0000_0063" 6930
"/Engine/EngineMaterials/Substrate/Glints2/dict_0000_0062" 6931
"/Engine/EngineMaterials/Substrate/Glints2/dict_0000_0061" 6932
"/Engine/EngineMaterials/Substrate/Glints2/dict_0000_0060" 6933
"/Engine/EngineMaterials/Substrate/Glints2/dict_0000_0059" 6934
"/Engine/EngineMaterials/Substrate/Glints2/dict_0000_0058" 6935
"/Engine/EngineMaterials/Substrate/Glints2/dict_0000_0057" 6936
"/Engine/EngineMaterials/Substrate/Glints2/dict_0000_0056" 6937
"/Engine/EngineMaterials/Substrate/Glints2/dict_0000_0055" 6938
"/Engine/EngineMaterials/Substrate/Glints2/dict_0000_0054" 6939
"../../../Engine/Content/EngineMaterials/Substrate/Glints2/dict_0000_0088.uasset" 6940
"../../../Engine/Content/EngineMaterials/Substrate/Glints2/dict_0000_0087.uasset" 6941
"../../../Engine/Content/EngineMaterials/Substrate/Glints2/dict_0000_0090.uasset" 6942
"../../../Engine/Content/EngineMaterials/Substrate/Glints2/dict_0000_0086.uasset" 6943
"../../../Engine/Content/EngineMaterials/Substrate/Glints2/dict_0000_0089.uasset" 6944
"../../../Engine/Content/EngineMaterials/Substrate/Glints2/dict_0000_0091.uasset" 6945
"/Engine/EngineMaterials/Substrate/Glints2/dict_0000_0085" 6946
"../../../Engine/Content/EngineMaterials/Substrate/Glints2/dict_0000_0092.uasset" 6947
"../../../Engine/Content/EngineMaterials/Substrate/Glints2/dict_0000_0093.uasset" 6948
"../../../Engine/Content/EngineMaterials/Substrate/Glints2/dict_0000_0094.uasset" 6949
"../../../Engine/Content/EngineMaterials/Substrate/Glints2/dict_0000_0096.uasset" 6950
"../../../Engine/Content/EngineMaterials/Substrate/Glints2/dict_0000_0095.uasset" 6951
"../../../Engine/Content/EngineMaterials/Substrate/Glints2/dict_0000_0097.uasset" 6952
"../../../Engine/Content/EngineMaterials/Substrate/Glints2/dict_0000_0099.uasset" 6953
"/Engine/EngineMaterials/Substrate/Glints2/dict_0000_0084" 6954
"../../../Engine/Content/EngineMaterials/Substrate/Glints2/dict_0000_0098.uasset" 6955
"../../../Engine/Content/EngineMaterials/Substrate/Glints2/dict_0000_0100.uasset" 6956
"../../../Engine/Content/EngineMaterials/Substrate/Glints2/dict_0000_0101.uasset" 6957
"../../../Engine/Content/EngineMaterials/Substrate/Glints2/dict_0000_0102.uasset" 6958
"../../../Engine/Content/EngineMaterials/Substrate/Glints2/dict_0000_0103.uasset" 6959
"../../../Engine/Content/EngineMaterials/Substrate/Glints2/dict_0000_0105.uasset" 6960
"../../../Engine/Content/EngineMaterials/Substrate/Glints2/dict_0000_0104.uasset" 6961
"/Engine/EngineMaterials/Substrate/Glints2/dict_0000_0083" 6962
"../../../Engine/Content/EngineMaterials/Substrate/Glints2/dict_0000_0106.uasset" 6963
"/Engine/EngineMaterials/Substrate/Glints2/dict_0000_0082" 6964
"/Engine/EngineMaterials/Substrate/Glints2/dict_0000_0081" 6965
"/Engine/EngineMaterials/Substrate/Glints2/dict_0000_0080" 6966
"/Engine/EngineMaterials/Substrate/Glints2/dict_0000_0079" 6967
"/Engine/EngineMaterials/Substrate/Glints2/dict_0000_0078" 6968
"/Engine/EngineMaterials/Substrate/Glints2/dict_0000_0077" 6969
"/Engine/EngineMaterials/Substrate/Glints2/dict_0000_0076" 6970
"/Engine/EngineMaterials/Substrate/Glints2/dict_0000_0075" 6971
"../../../Engine/Content/EngineMaterials/Substrate/Glints2/dict_0000_0110.uasset" 6972
"../../../Engine/Content/EngineMaterials/Substrate/Glints2/dict_0000_0109.uasset" 6973
"../../../Engine/Content/EngineMaterials/Substrate/Glints2/dict_0000_0107.uasset" 6974
"../../../Engine/Content/EngineMaterials/Substrate/Glints2/dict_0000_0108.uasset" 6975
"../../../Engine/Content/EngineMaterials/Substrate/Glints2/dict_0000_0111.uasset" 6976
"../../../Engine/Content/EngineMaterials/Substrate/Glints2/dict_0000_0112.uasset" 6977
"/Engine/EngineMaterials/Substrate/Glints2/dict_0000_0106" 6978
"../../../Engine/Content/EngineMaterials/Substrate/Glints2/dict_0000_0114.uasset" 6979
"../../../Engine/Content/EngineMaterials/Substrate/Glints2/dict_0000_0115.uasset" 6980
"../../../Engine/Content/EngineMaterials/Substrate/Glints2/dict_0000_0113.uasset" 6981
"../../../Engine/Content/EngineMaterials/Substrate/Glints2/dict_0000_0116.uasset" 6982
"../../../Engine/Content/EngineMaterials/Substrate/Glints2/dict_0000_0117.uasset" 6983
"/Engine/EngineMaterials/Substrate/Glints2/dict_0000_0105" 6984
"/Engine/EngineMaterials/Substrate/Glints2/dict_0000_0104" 6985
"/Engine/EngineMaterials/Substrate/Glints2/dict_0000_0103" 6986
"/Engine/EngineMaterials/Substrate/Glints2/dict_0000_0102" 6987
"/Engine/EngineMaterials/Substrate/Glints2/dict_0000_0101" 6988
"/Engine/EngineMaterials/Substrate/Glints2/dict_0000_0100" 6989
"/Engine/EngineMaterials/Substrate/Glints2/dict_0000_0099" 6990
"/Engine/EngineMaterials/Substrate/Glints2/dict_0000_0098" 6991
"/Engine/EngineMaterials/Substrate/Glints2/dict_0000_0097" 6992
"/Engine/EngineMaterials/Substrate/Glints2/dict_0000_0096" 6993
"/Engine/EngineMaterials/Substrate/Glints2/dict_0000_0095" 6994
"/Engine/EngineMaterials/Substrate/Glints2/dict_0000_0094" 6995
"/Engine/EngineMaterials/Substrate/Glints2/dict_0000_0093" 6996
"/Engine/EngineMaterials/Substrate/Glints2/dict_0000_0092" 6997
"/Engine/EngineMaterials/Substrate/Glints2/dict_0000_0091" 6998
"/Engine/EngineMaterials/Substrate/Glints2/dict_0000_0090" 6999
"/Engine/EngineMaterials/Substrate/Glints2/dict_0000_0089" 7000
"/Engine/EngineMaterials/Substrate/Glints2/dict_0000_0088" 7001
"/Engine/EngineMaterials/Substrate/Glints2/dict_0000_0087" 7002
"/Engine/EngineMaterials/Substrate/Glints2/dict_0000_0086" 7003
"/Engine/EngineMaterials/Substrate/Glints2/dict_0000_0117" 7004
"../../../Engine/Content/EngineMaterials/Substrate/Glints2/dict_0000_0119.uasset" 7005
"../../../Engine/Content/EngineMaterials/Substrate/Glints2/dict_0000_0122.uasset" 7006
"../../../Engine/Content/EngineMaterials/Substrate/Glints2/dict_0000_0118.uasset" 7007
"../../../Engine/Content/EngineMaterials/Substrate/Glints2/dict_0000_0121.uasset" 7008
"../../../Engine/Content/EngineMaterials/Substrate/Glints2/dict_0000_0120.uasset" 7009
"../../../Engine/Content/EngineMaterials/Substrate/Glints2/dict_0000_0123.uasset" 7010
"/Engine/EngineMaterials/Substrate/Glints2/dict_0000_0116" 7011
"../../../Engine/Content/EngineMaterials/Substrate/Glints2/dict_0000_0124.uasset" 7012
"../../../Engine/Content/EngineMaterials/Substrate/Glints2/dict_0000_0125.uasset" 7013
"../../../Engine/Content/EngineMaterials/Substrate/Glints2/dict_0000_0126.uasset" 7014
"../../../Engine/Content/EngineMaterials/Substrate/Glints2/dict_0000_0127.uasset" 7015
"/Engine/EngineMaterials/Substrate/Glints2/dict_0000_0115" 7016
"../../../Engine/Content/EngineMaterials/Substrate/Glints2/dict_0000_0128.uasset" 7017
"../../../Engine/Content/EngineMaterials/Substrate/Glints2/dict_0000_0129.uasset" 7018
"../../../Engine/Content/EngineMaterials/Substrate/Glints2/dict_0000_0130.uasset" 7019
"../../../Engine/Content/EngineMaterials/Substrate/Glints2/dict_0000_0132.uasset" 7020
"../../../Engine/Content/EngineMaterials/Substrate/Glints2/dict_0000_0131.uasset" 7021
"../../../Engine/Content/EngineMaterials/Substrate/Glints2/dict_0000_0133.uasset" 7022
"/Engine/EngineMaterials/Substrate/Glints2/dict_0000_0114" 7023
"../../../Engine/Content/EngineMaterials/Substrate/Glints2/dict_0000_0134.uasset" 7024
"../../../Engine/Content/EngineMaterials/Substrate/Glints2/dict_0000_0135.uasset" 7025
"../../../Engine/Content/EngineMaterials/Substrate/Glints2/dict_0000_0136.uasset" 7026
"../../../Engine/Content/EngineMaterials/Substrate/Glints2/dict_0000_0137.uasset" 7027
"../../../Engine/Content/EngineMaterials/Substrate/Glints2/dict_0000_0138.uasset" 7028
"/Engine/EngineMaterials/Substrate/Glints2/dict_0000_0113" 7029
"/Engine/EngineMaterials/Substrate/Glints2/dict_0000_0112" 7030
"/Engine/EngineMaterials/Substrate/Glints2/dict_0000_0111" 7031
"/Engine/EngineMaterials/Substrate/Glints2/dict_0000_0110" 7032
"/Engine/EngineMaterials/Substrate/Glints2/dict_0000_0109" 7033
"/Engine/EngineMaterials/Substrate/Glints2/dict_0000_0108" 7034
"/Engine/EngineMaterials/Substrate/Glints2/dict_0000_0107" 7035
"../../../Engine/Content/EngineMaterials/Substrate/Glints2/dict_0000_0139.uasset" 7036
"../../../Engine/Content/EngineMaterials/Substrate/Glints2/dict_0000_0141.uasset" 7037
"../../../Engine/Content/EngineMaterials/Substrate/Glints2/dict_0000_0140.uasset" 7038
"/Engine/EngineMaterials/Substrate/Glints2/dict_0000_0138" 7039
"../../../Engine/Content/EngineMaterials/Substrate/Glints2/dict_0000_0143.uasset" 7040
"../../../Engine/Content/EngineMaterials/Substrate/Glints2/dict_0000_0142.uasset" 7041
"../../../Engine/Content/EngineMaterials/Substrate/Glints2/dict_0000_0145.uasset" 7042
"../../../Engine/Content/EngineMaterials/Substrate/Glints2/dict_0000_0144.uasset" 7043
"../../../Engine/Content/EngineMaterials/Substrate/Glints2/dict_0000_0146.uasset" 7044
"/Engine/EngineMaterials/Substrate/Glints2/dict_0000_0137" 7045
"../../../Engine/Content/EngineMaterials/Substrate/Glints2/dict_0000_0147.uasset" 7046
"../../../Engine/Content/EngineMaterials/Substrate/Glints2/dict_0000_0149.uasset" 7047
"../../../Engine/Content/EngineMaterials/Substrate/Glints2/dict_0000_0148.uasset" 7048
"/Engine/EngineMaterials/Substrate/Glints2/dict_0000_0136" 7049
"/Engine/EngineMaterials/Substrate/Glints2/dict_0000_0135" 7050
"/Engine/EngineMaterials/Substrate/Glints2/dict_0000_0134" 7051
"/Engine/EngineMaterials/Substrate/Glints2/dict_0000_0133" 7052
"/Engine/EngineMaterials/Substrate/Glints2/dict_0000_0132" 7053
"/Engine/EngineMaterials/Substrate/Glints2/dict_0000_0131" 7054
"/Engine/EngineMaterials/Substrate/Glints2/dict_0000_0130" 7055
"/Engine/EngineMaterials/Substrate/Glints2/dict_0000_0129" 7056
"/Engine/EngineMaterials/Substrate/Glints2/dict_0000_0128" 7057
"/Engine/EngineMaterials/Substrate/Glints2/dict_0000_0127" 7058
"/Engine/EngineMaterials/Substrate/Glints2/dict_0000_0126" 7059
"/Engine/EngineMaterials/Substrate/Glints2/dict_0000_0125" 7060
"/Engine/EngineMaterials/Substrate/Glints2/dict_0000_0124" 7061
"/Engine/EngineMaterials/Substrate/Glints2/dict_0000_0123" 7062
"/Engine/EngineMaterials/Substrate/Glints2/dict_0000_0122" 7063
"/Engine/EngineMaterials/Substrate/Glints2/dict_0000_0121" 7064
"/Engine/EngineMaterials/Substrate/Glints2/dict_0000_0120" 7065
"/Engine/EngineMaterials/Substrate/Glints2/dict_0000_0119" 7066
"/Engine/EngineMaterials/Substrate/Glints2/dict_0000_0118" 7067
"/Engine/EngineMaterials/Substrate/Glints2/dict_0000_0149" 7068
"../../../Engine/Content/EngineMaterials/Substrate/Glints2/dict_0000_0150.uasset" 7069
"../../../Engine/Content/EngineMaterials/Substrate/Glints2/dict_0000_0153.uasset" 7070
"../../../Engine/Content/EngineMaterials/Substrate/Glints2/dict_0000_0152.uasset" 7071
"../../../Engine/Content/EngineMaterials/Substrate/Glints2/dict_0000_0151.uasset" 7072
"../../../Engine/Content/EngineMaterials/Substrate/Glints2/dict_0000_0154.uasset" 7073
"../../../Engine/Content/EngineMaterials/Substrate/Glints2/dict_0000_0155.uasset" 7074
"/Engine/EngineMaterials/Substrate/Glints2/dict_0000_0148" 7075
"../../../Engine/Content/EngineMaterials/Substrate/Glints2/dict_0000_0156.uasset" 7076
"../../../Engine/Content/EngineMaterials/Substrate/Glints2/dict_0000_0157.uasset" 7077
"../../../Engine/Content/EngineMaterials/Substrate/Glints2/dict_0000_0160.uasset" 7078
"../../../Engine/Content/EngineMaterials/Substrate/Glints2/dict_0000_0158.uasset" 7079
"../../../Engine/Content/EngineMaterials/Substrate/Glints2/dict_0000_0159.uasset" 7080
"/Engine/EngineMaterials/Substrate/Glints2/dict_0000_0147" 7081
"../../../Engine/Content/EngineMaterials/Substrate/Glints2/dict_0000_0162.uasset" 7082
"../../../Engine/Content/EngineMaterials/Substrate/Glints2/dict_0000_0161.uasset" 7083
"../../../Engine/Content/EngineMaterials/Substrate/Glints2/dict_0000_0163.uasset" 7084
"../../../Engine/Content/EngineMaterials/Substrate/Glints2/dict_0000_0164.uasset" 7085
"/Engine/EngineMaterials/Substrate/Glints2/dict_0000_0146" 7086
"../../../Engine/Content/EngineMaterials/Substrate/Glints2/dict_0000_0165.uasset" 7087
"../../../Engine/Content/EngineMaterials/Substrate/Glints2/dict_0000_0166.uasset" 7088
"../../../Engine/Content/EngineMaterials/Substrate/Glints2/dict_0000_0167.uasset" 7089
"../../../Engine/Content/EngineMaterials/Substrate/Glints2/dict_0000_0168.uasset" 7090
"../../../Engine/Content/EngineMaterials/Substrate/Glints2/dict_0000_0169.uasset" 7091
"/Engine/EngineMaterials/Substrate/Glints2/dict_0000_0145" 7092
"../../../Engine/Content/EngineMaterials/Substrate/Glints2/dict_0000_0170.uasset" 7093
"/Engine/EngineMaterials/Substrate/Glints2/dict_0000_0144" 7094
"/Engine/EngineMaterials/Substrate/Glints2/dict_0000_0143" 7095
"/Engine/EngineMaterials/Substrate/Glints2/dict_0000_0142" 7096
"/Engine/EngineMaterials/Substrate/Glints2/dict_0000_0141" 7097
"/Engine/EngineMaterials/Substrate/Glints2/dict_0000_0140" 7098
"/Engine/EngineMaterials/Substrate/Glints2/dict_0000_0139" 7099
"../../../Engine/Content/EngineMaterials/Substrate/Glints2/dict_0000_0172.uasset" 7100
"../../../Engine/Content/EngineMaterials/Substrate/Glints2/dict_0000_0171.uasset" 7101
"../../../Engine/Content/EngineMaterials/Substrate/Glints2/dict_0000_0174.uasset" 7102
"../../../Engine/Content/EngineMaterials/Substrate/Glints2/dict_0000_0173.uasset" 7103
"/Engine/EngineMaterials/Substrate/Glints2/dict_0000_0170" 7104
"../../../Engine/Content/EngineMaterials/Substrate/Glints2/dict_0000_0175.uasset" 7105
"/Engine/EngineMaterials/Substrate/Glints2/dict_0000_0169" 7106
"../../../Engine/Content/EngineMaterials/Substrate/Glints2/dict_0000_0176.uasset" 7107
"../../../Engine/Content/EngineMaterials/Substrate/Glints2/dict_0000_0177.uasset" 7108
"../../../Engine/Content/EngineMaterials/Substrate/Glints2/dict_0000_0179.uasset" 7109
"../../../Engine/Content/EngineMaterials/Substrate/Glints2/dict_0000_0178.uasset" 7110
"/Engine/EngineMaterials/Substrate/Glints2/dict_0000_0168" 7111
"../../../Engine/Content/EngineMaterials/Substrate/Glints2/dict_0000_0180.uasset" 7112
"../../../Engine/Content/EngineMaterials/Substrate/Glints2/dict_0000_0181.uasset" 7113
"/Engine/EngineMaterials/Substrate/Glints2/dict_0000_0167" 7114
"/Engine/EngineMaterials/Substrate/Glints2/dict_0000_0166" 7115
"/Engine/EngineMaterials/Substrate/Glints2/dict_0000_0165" 7116
"/Engine/EngineMaterials/Substrate/Glints2/dict_0000_0164" 7117
"/Engine/EngineMaterials/Substrate/Glints2/dict_0000_0163" 7118
"/Engine/EngineMaterials/Substrate/Glints2/dict_0000_0162" 7119
"/Engine/EngineMaterials/Substrate/Glints2/dict_0000_0161" 7120
"/Engine/EngineMaterials/Substrate/Glints2/dict_0000_0160" 7121
"/Engine/EngineMaterials/Substrate/Glints2/dict_0000_0159" 7122
"/Engine/EngineMaterials/Substrate/Glints2/dict_0000_0158" 7123
"/Engine/EngineMaterials/Substrate/Glints2/dict_0000_0157" 7124
"/Engine/EngineMaterials/Substrate/Glints2/dict_0000_0156" 7125
"/Engine/EngineMaterials/Substrate/Glints2/dict_0000_0155" 7126
"/Engine/EngineMaterials/Substrate/Glints2/dict_0000_0154" 7127
"/Engine/EngineMaterials/Substrate/Glints2/dict_0000_0153" 7128
"/Engine/EngineMaterials/Substrate/Glints2/dict_0000_0152" 7129
"/Engine/EngineMaterials/Substrate/Glints2/dict_0000_0151" 7130
"/Engine/EngineMaterials/Substrate/Glints2/dict_0000_0150" 7131
"../../../Engine/Content/EngineMaterials/Substrate/Glints2/dict_0000_0185.uasset" 7132
"../../../Engine/Content/EngineMaterials/Substrate/Glints2/dict_0000_0183.uasset" 7133
"../../../Engine/Content/EngineMaterials/Substrate/Glints2/dict_0000_0184.uasset" 7134
"../../../Engine/Content/EngineMaterials/Substrate/Glints2/dict_0000_0182.uasset" 7135
"/Engine/EngineMaterials/Substrate/Glints2/dict_0000_0181" 7136
"../../../Engine/Content/EngineMaterials/Substrate/Glints2/dict_0000_0187.uasset" 7137
"../../../Engine/Content/EngineMaterials/Substrate/Glints2/dict_0000_0186.uasset" 7138
"/Engine/EngineMaterials/Substrate/Glints2/dict_0000_0180" 7139
"../../../Engine/Content/EngineMaterials/Substrate/Glints2/dict_0000_0188.uasset" 7140
"../../../Engine/Content/EngineMaterials/Substrate/Glints2/dict_0000_0189.uasset" 7141
"../../../Engine/Content/EngineMaterials/Substrate/Glints2/dict_0000_0190.uasset" 7142
"../../../Engine/Content/EngineMaterials/Substrate/Glints2/dict_0000_0191.uasset" 7143
"../../../Engine/Content/EngineMaterials/Substrate/Glints2/dict_0000_0192.uasset" 7144
"/Engine/EngineMaterials/Substrate/Glints2/dict_0000_0179" 7145
"../../../Engine/Content/EngineMaterials/Substrate/Glints2/dict_0000_0193.uasset" 7146
"../../../Engine/Content/EngineMaterials/Substrate/Glints2/dict_0000_0194.uasset" 7147
"../../../Engine/Content/EngineMaterials/Substrate/Glints2/dict_0000_0195.uasset" 7148
"/Engine/EngineMaterials/Substrate/Glints2/dict_0000_0178" 7149
"../../../Engine/Content/EngineMaterials/Substrate/Glints2/dict_0000_0197.uasset" 7150
"../../../Engine/Content/EngineMaterials/Substrate/Glints2/dict_0000_0196.uasset" 7151
"../../../Engine/Content/EngineMaterials/Substrate/Glints2/dict_0000_0198.uasset" 7152
"../../../Engine/Content/EngineMaterials/Substrate/Glints2/dict_0000_0199.uasset" 7153
"/Engine/EngineMaterials/Substrate/Glints2/dict_0000_0177" 7154
"../../../Engine/Content/EngineMaterials/Substrate/Glints2/dict_0000_0200.uasset" 7155
"../../../Engine/Content/EngineMaterials/Substrate/Glints2/dict_0000_0201.uasset" 7156
"../../../Engine/Content/EngineMaterials/Substrate/Glints2/dict_0000_0202.uasset" 7157
"/Engine/EngineMaterials/Substrate/Glints2/dict_0000_0176" 7158
"/Engine/EngineMaterials/Substrate/Glints2/dict_0000_0175" 7159
"/Engine/EngineMaterials/Substrate/Glints2/dict_0000_0174" 7160
"/Engine/EngineMaterials/Substrate/Glints2/dict_0000_0173" 7161
"/Engine/EngineMaterials/Substrate/Glints2/dict_0000_0172" 7162
"/Engine/EngineMaterials/Substrate/Glints2/dict_0000_0171" 7163
"../../../Engine/Content/EngineMaterials/Substrate/Glints2/dict_0000_0205.uasset" 7164
"../../../Engine/Content/EngineMaterials/Substrate/Glints2/dict_0000_0204.uasset" 7165
"/Engine/EngineMaterials/Substrate/Glints2/dict_0000_0202" 7166
"../../../Engine/Content/EngineMaterials/Substrate/Glints2/dict_0000_0203.uasset" 7167
"../../../Engine/Content/EngineMaterials/Substrate/Glints2/dict_0000_0206.uasset" 7168
"/Engine/EngineMaterials/Substrate/Glints2/dict_0000_0201" 7169
"../../../Engine/Content/EngineMaterials/Substrate/Glints2/dict_0000_0207.uasset" 7170
"../../../Engine/Content/EngineMaterials/Substrate/Glints2/dict_0000_0208.uasset" 7171
"../../../Engine/Content/EngineMaterials/Substrate/Glints2/dict_0000_0209.uasset" 7172
"/Engine/EngineMaterials/Substrate/Glints2/dict_0000_0200" 7173
"../../../Engine/Content/EngineMaterials/Substrate/Glints2/dict_0000_0210.uasset" 7174
"../../../Engine/Content/EngineMaterials/Substrate/Glints2/dict_0000_0211.uasset" 7175
"../../../Engine/Content/EngineMaterials/Substrate/Glints2/dict_0000_0212.uasset" 7176
"../../../Engine/Content/EngineMaterials/Substrate/Glints2/dict_0000_0213.uasset" 7177
"/Engine/EngineMaterials/Substrate/Glints2/dict_0000_0199" 7178
"/Engine/EngineMaterials/Substrate/Glints2/dict_0000_0198" 7179
"/Engine/EngineMaterials/Substrate/Glints2/dict_0000_0197" 7180
"/Engine/EngineMaterials/Substrate/Glints2/dict_0000_0196" 7181
"/Engine/EngineMaterials/Substrate/Glints2/dict_0000_0195" 7182
"/Engine/EngineMaterials/Substrate/Glints2/dict_0000_0194" 7183
"/Engine/EngineMaterials/Substrate/Glints2/dict_0000_0193" 7184
"/Engine/EngineMaterials/Substrate/Glints2/dict_0000_0192" 7185
"/Engine/EngineMaterials/Substrate/Glints2/dict_0000_0191" 7186
"/Engine/EngineMaterials/Substrate/Glints2/dict_0000_0190" 7187
"/Engine/EngineMaterials/Substrate/Glints2/dict_0000_0189" 7188
"/Engine/EngineMaterials/Substrate/Glints2/dict_0000_0188" 7189
"/Engine/EngineMaterials/Substrate/Glints2/dict_0000_0187" 7190
"/Engine/EngineMaterials/Substrate/Glints2/dict_0000_0186" 7191
"/Engine/EngineMaterials/Substrate/Glints2/dict_0000_0185" 7192
"/Engine/EngineMaterials/Substrate/Glints2/dict_0000_0184" 7193
"/Engine/EngineMaterials/Substrate/Glints2/dict_0000_0183" 7194
"/Engine/EngineMaterials/Substrate/Glints2/dict_0000_0182" 7195
"../../../Engine/Content/EngineMaterials/Substrate/Glints2/dict_0000_0215.uasset" 7196
"../../../Engine/Content/EngineMaterials/Substrate/Glints2/dict_0000_0218.uasset" 7197
"../../../Engine/Content/EngineMaterials/Substrate/Glints2/dict_0000_0214.uasset" 7198
"../../../Engine/Content/EngineMaterials/Substrate/Glints2/dict_0000_0216.uasset" 7199
"../../../Engine/Content/EngineMaterials/Substrate/Glints2/dict_0000_0217.uasset" 7200
"/Engine/EngineMaterials/Substrate/Glints2/dict_0000_0213" 7201
"../../../Engine/Content/EngineMaterials/Substrate/Glints2/dict_0000_0219.uasset" 7202
"/Engine/EngineMaterials/Substrate/Glints2/dict_0000_0212" 7203
"../../../Engine/Content/EngineMaterials/Substrate/Glints2/dict_0000_0220.uasset" 7204
"../../../Engine/Content/EngineMaterials/Substrate/Glints2/dict_0000_0221.uasset" 7205
"../../../Engine/Content/EngineMaterials/Substrate/Glints2/dict_0000_0223.uasset" 7206
"../../../Engine/Content/EngineMaterials/Substrate/Glints2/dict_0000_0222.uasset" 7207
"../../../Engine/Content/EngineMaterials/Substrate/Glints2/dict_0000_0224.uasset" 7208
"../../../Engine/Content/EngineMaterials/Substrate/Glints2/dict_0000_0225.uasset" 7209
"/Engine/EngineMaterials/Substrate/Glints2/dict_0000_0211" 7210
"../../../Engine/Content/EngineMaterials/Substrate/Glints2/dict_0000_0227.uasset" 7211
"../../../Engine/Content/EngineMaterials/Substrate/Glints2/dict_0000_0226.uasset" 7212
"../../../Engine/Content/EngineMaterials/Substrate/Glints2/dict_0000_0228.uasset" 7213
"../../../Engine/Content/EngineMaterials/Substrate/Glints2/dict_0000_0229.uasset" 7214
"/Engine/EngineMaterials/Substrate/Glints2/dict_0000_0210" 7215
"../../../Engine/Content/EngineMaterials/Substrate/Glints2/dict_0000_0230.uasset" 7216
"../../../Engine/Content/EngineMaterials/Substrate/Glints2/dict_0000_0231.uasset" 7217
"/Engine/EngineMaterials/Substrate/Glints2/dict_0000_0209" 7218
"../../../Engine/Content/EngineMaterials/Substrate/Glints2/dict_0000_0233.uasset" 7219
"../../../Engine/Content/EngineMaterials/Substrate/Glints2/dict_0000_0234.uasset" 7220
"../../../Engine/Content/EngineMaterials/Substrate/Glints2/dict_0000_0232.uasset" 7221
"/Engine/EngineMaterials/Substrate/Glints2/dict_0000_0208" 7222
"/Engine/EngineMaterials/Substrate/Glints2/dict_0000_0207" 7223
"/Engine/EngineMaterials/Substrate/Glints2/dict_0000_0206" 7224
"/Engine/EngineMaterials/Substrate/Glints2/dict_0000_0205" 7225
"/Engine/EngineMaterials/Substrate/Glints2/dict_0000_0204" 7226
"/Engine/EngineMaterials/Substrate/Glints2/dict_0000_0203" 7227
"../../../Engine/Content/EngineMaterials/Substrate/Glints2/dict_0000_0237.uasset" 7228
"../../../Engine/Content/EngineMaterials/Substrate/Glints2/dict_0000_0238.uasset" 7229
"../../../Engine/Content/EngineMaterials/Substrate/Glints2/dict_0000_0236.uasset" 7230
"../../../Engine/Content/EngineMaterials/Substrate/Glints2/dict_0000_0235.uasset" 7231
"/Engine/EngineMaterials/Substrate/Glints2/dict_0000_0234" 7232
"../../../Engine/Content/EngineMaterials/Substrate/Glints2/dict_0000_0239.uasset" 7233
"../../../Engine/Content/EngineMaterials/Substrate/Glints2/dict_0000_0241.uasset" 7234
"../../../Engine/Content/EngineMaterials/Substrate/Glints2/dict_0000_0240.uasset" 7235
"../../../Engine/Content/EngineMaterials/Substrate/Glints2/dict_0000_0242.uasset" 7236
"../../../Engine/Content/EngineMaterials/Substrate/Glints2/dict_0000_0243.uasset" 7237
"/Engine/EngineMaterials/Substrate/Glints2/dict_0000_0233" 7238
"../../../Engine/Content/EngineMaterials/Substrate/Glints2/dict_0000_0244.uasset" 7239
"../../../Engine/Content/EngineMaterials/Substrate/Glints2/dict_0000_0245.uasset" 7240
"/Engine/EngineMaterials/Substrate/Glints2/dict_0000_0232" 7241
"/Engine/EngineMaterials/Substrate/Glints2/dict_0000_0231" 7242
"/Engine/EngineMaterials/Substrate/Glints2/dict_0000_0230" 7243
"/Engine/EngineMaterials/Substrate/Glints2/dict_0000_0229" 7244
"/Engine/EngineMaterials/Substrate/Glints2/dict_0000_0228" 7245
"/Engine/EngineMaterials/Substrate/Glints2/dict_0000_0227" 7246
"/Engine/EngineMaterials/Substrate/Glints2/dict_0000_0226" 7247
"/Engine/EngineMaterials/Substrate/Glints2/dict_0000_0225" 7248
"/Engine/EngineMaterials/Substrate/Glints2/dict_0000_0224" 7249
"/Engine/EngineMaterials/Substrate/Glints2/dict_0000_0223" 7250
"/Engine/EngineMaterials/Substrate/Glints2/dict_0000_0222" 7251
"/Engine/EngineMaterials/Substrate/Glints2/dict_0000_0221" 7252
"/Engine/EngineMaterials/Substrate/Glints2/dict_0000_0220" 7253
"/Engine/EngineMaterials/Substrate/Glints2/dict_0000_0219" 7254
"/Engine/EngineMaterials/Substrate/Glints2/dict_0000_0218" 7255
"/Engine/EngineMaterials/Substrate/Glints2/dict_0000_0217" 7256
"/Engine/EngineMaterials/Substrate/Glints2/dict_0000_0216" 7257
"/Engine/EngineMaterials/Substrate/Glints2/dict_0000_0215" 7258
"/Engine/EngineMaterials/Substrate/Glints2/dict_0000_0214" 7259
"../../../Engine/Content/EngineMaterials/Substrate/Glints2/dict_0000_0249.uasset" 7260
"../../../Engine/Content/EngineMaterials/Substrate/Glints2/dict_0000_0247.uasset" 7261
"../../../Engine/Content/EngineMaterials/Substrate/Glints2/dict_0000_0246.uasset" 7262
"../../../Engine/Content/EngineMaterials/Substrate/Glints2/dict_0000_0248.uasset" 7263
"/Engine/EngineMaterials/Substrate/Glints2/dict_0000_0245" 7264
"../../../Engine/Content/EngineMaterials/Substrate/Glints2/dict_0000_0250.uasset" 7265
"../../../Engine/Content/EngineMaterials/Substrate/Glints2/dict_0000_0252.uasset" 7266
"/Engine/EngineMaterials/Substrate/Glints2/dict_0000_0244" 7267
"../../../Engine/Content/EngineMaterials/Substrate/Glints2/dict_0000_0254.uasset" 7268
"../../../Engine/Content/EngineMaterials/Substrate/Glints2/dict_0000_0251.uasset" 7269
"../../../Engine/Content/EngineMaterials/Substrate/Glints2/dict_0000_0253.uasset" 7270
"../../../Engine/Content/EngineMaterials/Substrate/Glints2/dict_0000_0255.uasset" 7271
"/Engine/EngineMaterials/Substrate/Glints2/dict_0000_0243" 7272
"../../../Engine/Content/EngineMaterials/Substrate/Glints2/dict_0001_0002.uasset" 7273
"../../../Engine/Content/EngineMaterials/Substrate/Glints2/dict_0001_0001.uasset" 7274
"../../../Engine/Content/EngineMaterials/Substrate/Glints2/dict_0001_0003.uasset" 7275
"../../../Engine/Content/EngineMaterials/Substrate/Glints2/dict_0001_0000.uasset" 7276
"/Engine/EngineMaterials/Substrate/Glints2/dict_0000_0242" 7277
"../../../Engine/Content/EngineMaterials/Substrate/Glints2/dict_0001_0005.uasset" 7278
"../../../Engine/Content/EngineMaterials/Substrate/Glints2/dict_0001_0004.uasset" 7279
"../../../Engine/Content/EngineMaterials/Substrate/Glints2/dict_0001_0006.uasset" 7280
"../../../Engine/Content/EngineMaterials/Substrate/Glints2/dict_0001_0007.uasset" 7281
"../../../Engine/Content/EngineMaterials/Substrate/Glints2/dict_0001_0008.uasset" 7282
"/Engine/EngineMaterials/Substrate/Glints2/dict_0000_0241" 7283
"../../../Engine/Content/EngineMaterials/Substrate/Glints2/dict_0001_0009.uasset" 7284
"../../../Engine/Content/EngineMaterials/Substrate/Glints2/dict_0001_0010.uasset" 7285
"/Engine/EngineMaterials/Substrate/Glints2/dict_0000_0240" 7286
"/Engine/EngineMaterials/Substrate/Glints2/dict_0000_0239" 7287
"/Engine/EngineMaterials/Substrate/Glints2/dict_0000_0238" 7288
"/Engine/EngineMaterials/Substrate/Glints2/dict_0000_0237" 7289
"/Engine/EngineMaterials/Substrate/Glints2/dict_0000_0236" 7290
"/Engine/EngineMaterials/Substrate/Glints2/dict_0000_0235" 7291
"../../../Engine/Content/EngineMaterials/Substrate/Glints2/dict_0001_0012.uasset" 7292
"../../../Engine/Content/EngineMaterials/Substrate/Glints2/dict_0001_0011.uasset" 7293
"../../../Engine/Content/EngineMaterials/Substrate/Glints2/dict_0001_0014.uasset" 7294
"../../../Engine/Content/EngineMaterials/Substrate/Glints2/dict_0001_0016.uasset" 7295
"../../../Engine/Content/EngineMaterials/Substrate/Glints2/dict_0001_0015.uasset" 7296
"../../../Engine/Content/EngineMaterials/Substrate/Glints2/dict_0001_0013.uasset" 7297
"/Engine/EngineMaterials/Substrate/Glints2/dict_0001_0010" 7298
"../../../Engine/Content/EngineMaterials/Substrate/Glints2/dict_0001_0018.uasset" 7299
"../../../Engine/Content/EngineMaterials/Substrate/Glints2/dict_0001_0019.uasset" 7300
"../../../Engine/Content/EngineMaterials/Substrate/Glints2/dict_0001_0017.uasset" 7301
"../../../Engine/Content/EngineMaterials/Substrate/Glints2/dict_0001_0020.uasset" 7302
"../../../Engine/Content/EngineMaterials/Substrate/Glints2/dict_0001_0021.uasset" 7303
"/Engine/EngineMaterials/Substrate/Glints2/dict_0001_0009" 7304
"/Engine/EngineMaterials/Substrate/Glints2/dict_0001_0008" 7305
"/Engine/EngineMaterials/Substrate/Glints2/dict_0001_0007" 7306
"/Engine/EngineMaterials/Substrate/Glints2/dict_0001_0006" 7307
"/Engine/EngineMaterials/Substrate/Glints2/dict_0001_0005" 7308
"/Engine/EngineMaterials/Substrate/Glints2/dict_0001_0004" 7309
"/Engine/EngineMaterials/Substrate/Glints2/dict_0001_0003" 7310
"/Engine/EngineMaterials/Substrate/Glints2/dict_0001_0002" 7311
"/Engine/EngineMaterials/Substrate/Glints2/dict_0001_0001" 7312
"/Engine/EngineMaterials/Substrate/Glints2/dict_0001_0000" 7313
"/Engine/EngineMaterials/Substrate/Glints2/dict_0000_0255" 7314
"/Engine/EngineMaterials/Substrate/Glints2/dict_0000_0254" 7315
"/Engine/EngineMaterials/Substrate/Glints2/dict_0000_0253" 7316
"/Engine/EngineMaterials/Substrate/Glints2/dict_0000_0252" 7317
"/Engine/EngineMaterials/Substrate/Glints2/dict_0000_0251" 7318
"/Engine/EngineMaterials/Substrate/Glints2/dict_0000_0250" 7319
"/Engine/EngineMaterials/Substrate/Glints2/dict_0000_0249" 7320
"/Engine/EngineMaterials/Substrate/Glints2/dict_0000_0248" 7321
"/Engine/EngineMaterials/Substrate/Glints2/dict_0000_0247" 7322
"/Engine/EngineMaterials/Substrate/Glints2/dict_0000_0246" 7323
"../../../Engine/Content/EngineMaterials/Substrate/Glints2/dict_0001_0027.uasset" 7324
"../../../Engine/Content/EngineMaterials/Substrate/Glints2/dict_0001_0026.uasset" 7325
"../../../Engine/Content/EngineMaterials/Substrate/Glints2/dict_0001_0025.uasset" 7326
"../../../Engine/Content/EngineMaterials/Substrate/Glints2/dict_0001_0022.uasset" 7327
"/Engine/EngineMaterials/Substrate/Glints2/dict_0001_0021" 7328
"../../../Engine/Content/EngineMaterials/Substrate/Glints2/dict_0001_0023.uasset" 7329
"../../../Engine/Content/EngineMaterials/Substrate/Glints2/dict_0001_0024.uasset" 7330
"/Engine/EngineMaterials/Substrate/Glints2/dict_0001_0020" 7331
"../../../Engine/Content/EngineMaterials/Substrate/Glints2/dict_0001_0028.uasset" 7332
"../../../Engine/Content/EngineMaterials/Substrate/Glints2/dict_0001_0030.uasset" 7333
"../../../Engine/Content/EngineMaterials/Substrate/Glints2/dict_0001_0031.uasset" 7334
"../../../Engine/Content/EngineMaterials/Substrate/Glints2/dict_0001_0033.uasset" 7335
"../../../Engine/Content/EngineMaterials/Substrate/Glints2/dict_0001_0032.uasset" 7336
"../../../Engine/Content/EngineMaterials/Substrate/Glints2/dict_0001_0029.uasset" 7337
"../../../Engine/Content/EngineMaterials/Substrate/Glints2/dict_0001_0034.uasset" 7338
"/Engine/EngineMaterials/Substrate/Glints2/dict_0001_0019" 7339
"../../../Engine/Content/EngineMaterials/Substrate/Glints2/dict_0001_0035.uasset" 7340
"../../../Engine/Content/EngineMaterials/Substrate/Glints2/dict_0001_0036.uasset" 7341
"../../../Engine/Content/EngineMaterials/Substrate/Glints2/dict_0001_0038.uasset" 7342
"../../../Engine/Content/EngineMaterials/Substrate/Glints2/dict_0001_0039.uasset" 7343
"../../../Engine/Content/EngineMaterials/Substrate/Glints2/dict_0001_0037.uasset" 7344
"../../../Engine/Content/EngineMaterials/Substrate/Glints2/dict_0001_0040.uasset" 7345
"../../../Engine/Content/EngineMaterials/Substrate/Glints2/dict_0001_0041.uasset" 7346
"../../../Engine/Content/EngineMaterials/Substrate/Glints2/dict_0001_0042.uasset" 7347
"/Engine/EngineMaterials/Substrate/Glints2/dict_0001_0018" 7348
"/Engine/EngineMaterials/Substrate/Glints2/dict_0001_0017" 7349
"/Engine/EngineMaterials/Substrate/Glints2/dict_0001_0016" 7350
"/Engine/EngineMaterials/Substrate/Glints2/dict_0001_0015" 7351
"/Engine/EngineMaterials/Substrate/Glints2/dict_0001_0014" 7352
"/Engine/EngineMaterials/Substrate/Glints2/dict_0001_0013" 7353
"/Engine/EngineMaterials/Substrate/Glints2/dict_0001_0012" 7354
"/Engine/EngineMaterials/Substrate/Glints2/dict_0001_0011" 7355
"../../../Engine/Content/EngineMaterials/Substrate/Glints2/dict_0001_0043.uasset" 7356
"../../../Engine/Content/EngineMaterials/Substrate/Glints2/dict_0001_0045.uasset" 7357
"../../../Engine/Content/EngineMaterials/Substrate/Glints2/dict_0001_0046.uasset" 7358
"../../../Engine/Content/EngineMaterials/Substrate/Glints2/dict_0001_0047.uasset" 7359
"/Engine/EngineMaterials/Substrate/Glints2/dict_0001_0042" 7360
"../../../Engine/Content/EngineMaterials/Substrate/Glints2/dict_0001_0048.uasset" 7361
"../../../Engine/Content/EngineMaterials/Substrate/Glints2/dict_0001_0044.uasset" 7362
"../../../Engine/Content/EngineMaterials/Substrate/Glints2/dict_0001_0049.uasset" 7363
"../../../Engine/Content/EngineMaterials/Substrate/Glints2/dict_0001_0050.uasset" 7364
"/Engine/EngineMaterials/Substrate/Glints2/dict_0001_0041" 7365
"../../../Engine/Content/EngineMaterials/Substrate/Glints2/dict_0001_0052.uasset" 7366
"../../../Engine/Content/EngineMaterials/Substrate/Glints2/dict_0001_0051.uasset" 7367
"../../../Engine/Content/EngineMaterials/Substrate/Glints2/dict_0001_0053.uasset" 7368
"/Engine/EngineMaterials/Substrate/Glints2/dict_0001_0040" 7369
"/Engine/EngineMaterials/Substrate/Glints2/dict_0001_0039" 7370
"/Engine/EngineMaterials/Substrate/Glints2/dict_0001_0038" 7371
"/Engine/EngineMaterials/Substrate/Glints2/dict_0001_0037" 7372
"/Engine/EngineMaterials/Substrate/Glints2/dict_0001_0036" 7373
"/Engine/EngineMaterials/Substrate/Glints2/dict_0001_0035" 7374
"/Engine/EngineMaterials/Substrate/Glints2/dict_0001_0034" 7375
"/Engine/EngineMaterials/Substrate/Glints2/dict_0001_0033" 7376
"/Engine/EngineMaterials/Substrate/Glints2/dict_0001_0032" 7377
"/Engine/EngineMaterials/Substrate/Glints2/dict_0001_0031" 7378
"/Engine/EngineMaterials/Substrate/Glints2/dict_0001_0030" 7379
"/Engine/EngineMaterials/Substrate/Glints2/dict_0001_0029" 7380
"/Engine/EngineMaterials/Substrate/Glints2/dict_0001_0028" 7381
"/Engine/EngineMaterials/Substrate/Glints2/dict_0001_0027" 7382
"/Engine/EngineMaterials/Substrate/Glints2/dict_0001_0026" 7383
"/Engine/EngineMaterials/Substrate/Glints2/dict_0001_0025" 7384
"/Engine/EngineMaterials/Substrate/Glints2/dict_0001_0024" 7385
"/Engine/EngineMaterials/Substrate/Glints2/dict_0001_0023" 7386
"/Engine/EngineMaterials/Substrate/Glints2/dict_0001_0022" 7387
"../../../Engine/Content/EngineMaterials/Substrate/Glints2/dict_0001_0056.uasset" 7388
"../../../Engine/Content/EngineMaterials/Substrate/Glints2/dict_0001_0058.uasset" 7389
"../../../Engine/Content/EngineMaterials/Substrate/Glints2/dict_0001_0054.uasset" 7390
"../../../Engine/Content/EngineMaterials/Substrate/Glints2/dict_0001_0055.uasset" 7391
"/Engine/EngineMaterials/Substrate/Glints2/dict_0001_0053" 7392
"../../../Engine/Content/EngineMaterials/Substrate/Glints2/dict_0001_0057.uasset" 7393
"../../../Engine/Content/EngineMaterials/Substrate/Glints2/dict_0001_0059.uasset" 7394
"../../../Engine/Content/EngineMaterials/Substrate/Glints2/dict_0001_0063.uasset" 7395
"../../../Engine/Content/EngineMaterials/Substrate/Glints2/dict_0001_0061.uasset" 7396
"../../../Engine/Content/EngineMaterials/Substrate/Glints2/dict_0001_0060.uasset" 7397
"../../../Engine/Content/EngineMaterials/Substrate/Glints2/dict_0001_0064.uasset" 7398
"../../../Engine/Content/EngineMaterials/Substrate/Glints2/dict_0001_0065.uasset" 7399
"/Engine/EngineMaterials/Substrate/Glints2/dict_0001_0052" 7400
"../../../Engine/Content/EngineMaterials/Substrate/Glints2/dict_0001_0062.uasset" 7401
"../../../Engine/Content/EngineMaterials/Substrate/Glints2/dict_0001_0066.uasset" 7402
"../../../Engine/Content/EngineMaterials/Substrate/Glints2/dict_0001_0069.uasset" 7403
"../../../Engine/Content/EngineMaterials/Substrate/Glints2/dict_0001_0067.uasset" 7404
"../../../Engine/Content/EngineMaterials/Substrate/Glints2/dict_0001_0068.uasset" 7405
"../../../Engine/Content/EngineMaterials/Substrate/Glints2/dict_0001_0070.uasset" 7406
"/Engine/EngineMaterials/Substrate/Glints2/dict_0001_0051" 7407
"../../../Engine/Content/EngineMaterials/Substrate/Glints2/dict_0001_0071.uasset" 7408
"../../../Engine/Content/EngineMaterials/Substrate/Glints2/dict_0001_0072.uasset" 7409
"../../../Engine/Content/EngineMaterials/Substrate/Glints2/dict_0001_0074.uasset" 7410
"../../../Engine/Content/EngineMaterials/Substrate/Glints2/dict_0001_0073.uasset" 7411
"/Engine/EngineMaterials/Substrate/Glints2/dict_0001_0050" 7412
"/Engine/EngineMaterials/Substrate/Glints2/dict_0001_0049" 7413
"/Engine/EngineMaterials/Substrate/Glints2/dict_0001_0048" 7414
"/Engine/EngineMaterials/Substrate/Glints2/dict_0001_0047" 7415
"/Engine/EngineMaterials/Substrate/Glints2/dict_0001_0046" 7416
"/Engine/EngineMaterials/Substrate/Glints2/dict_0001_0045" 7417
"/Engine/EngineMaterials/Substrate/Glints2/dict_0001_0044" 7418
"/Engine/EngineMaterials/Substrate/Glints2/dict_0001_0043" 7419
"../../../Engine/Content/EngineMaterials/Substrate/Glints2/dict_0001_0075.uasset" 7420
"../../../Engine/Content/EngineMaterials/Substrate/Glints2/dict_0001_0079.uasset" 7421
"../../../Engine/Content/EngineMaterials/Substrate/Glints2/dict_0001_0077.uasset" 7422
"../../../Engine/Content/EngineMaterials/Substrate/Glints2/dict_0001_0076.uasset" 7423
"../../../Engine/Content/EngineMaterials/Substrate/Glints2/dict_0001_0078.uasset" 7424
"/Engine/EngineMaterials/Substrate/Glints2/dict_0001_0074" 7425
"../../../Engine/Content/EngineMaterials/Substrate/Glints2/dict_0001_0080.uasset" 7426
"../../../Engine/Content/EngineMaterials/Substrate/Glints2/dict_0001_0081.uasset" 7427
"../../../Engine/Content/EngineMaterials/Substrate/Glints2/dict_0001_0082.uasset" 7428
"/Engine/EngineMaterials/Substrate/Glints2/dict_0001_0073" 7429
"../../../Engine/Content/EngineMaterials/Substrate/Glints2/dict_0001_0083.uasset" 7430
"../../../Engine/Content/EngineMaterials/Substrate/Glints2/dict_0001_0084.uasset" 7431
"../../../Engine/Content/EngineMaterials/Substrate/Glints2/dict_0001_0085.uasset" 7432
"/Engine/EngineMaterials/Substrate/Glints2/dict_0001_0072" 7433
"/Engine/EngineMaterials/Substrate/Glints2/dict_0001_0071" 7434
"/Engine/EngineMaterials/Substrate/Glints2/dict_0001_0070" 7435
"/Engine/EngineMaterials/Substrate/Glints2/dict_0001_0069" 7436
"/Engine/EngineMaterials/Substrate/Glints2/dict_0001_0068" 7437
"/Engine/EngineMaterials/Substrate/Glints2/dict_0001_0067" 7438
"/Engine/EngineMaterials/Substrate/Glints2/dict_0001_0066" 7439
"/Engine/EngineMaterials/Substrate/Glints2/dict_0001_0065" 7440
"/Engine/EngineMaterials/Substrate/Glints2/dict_0001_0064" 7441
"/Engine/EngineMaterials/Substrate/Glints2/dict_0001_0063" 7442
"/Engine/EngineMaterials/Substrate/Glints2/dict_0001_0062" 7443
"/Engine/EngineMaterials/Substrate/Glints2/dict_0001_0061" 7444
"/Engine/EngineMaterials/Substrate/Glints2/dict_0001_0060" 7445
"/Engine/EngineMaterials/Substrate/Glints2/dict_0001_0059" 7446
"/Engine/EngineMaterials/Substrate/Glints2/dict_0001_0058" 7447
"/Engine/EngineMaterials/Substrate/Glints2/dict_0001_0057" 7448
"/Engine/EngineMaterials/Substrate/Glints2/dict_0001_0056" 7449
"/Engine/EngineMaterials/Substrate/Glints2/dict_0001_0055" 7450
"/Engine/EngineMaterials/Substrate/Glints2/dict_0001_0054" 7451
"../../../Engine/Content/EngineMaterials/Substrate/Glints2/dict_0001_0091.uasset" 7452
"../../../Engine/Content/EngineMaterials/Substrate/Glints2/dict_0001_0090.uasset" 7453
"../../../Engine/Content/EngineMaterials/Substrate/Glints2/dict_0001_0087.uasset" 7454
"/Engine/EngineMaterials/Substrate/Glints2/dict_0001_0085" 7455
"../../../Engine/Content/EngineMaterials/Substrate/Glints2/dict_0001_0088.uasset" 7456
"../../../Engine/Content/EngineMaterials/Substrate/Glints2/dict_0001_0086.uasset" 7457
"../../../Engine/Content/EngineMaterials/Substrate/Glints2/dict_0001_0089.uasset" 7458
"/Engine/EngineMaterials/Substrate/Glints2/dict_0001_0084" 7459
"../../../Engine/Content/EngineMaterials/Substrate/Glints2/dict_0001_0093.uasset" 7460
"../../../Engine/Content/EngineMaterials/Substrate/Glints2/dict_0001_0094.uasset" 7461
"../../../Engine/Content/EngineMaterials/Substrate/Glints2/dict_0001_0096.uasset" 7462
"../../../Engine/Content/EngineMaterials/Substrate/Glints2/dict_0001_0092.uasset" 7463
"../../../Engine/Content/EngineMaterials/Substrate/Glints2/dict_0001_0095.uasset" 7464
"../../../Engine/Content/EngineMaterials/Substrate/Glints2/dict_0001_0097.uasset" 7465
"/Engine/EngineMaterials/Substrate/Glints2/dict_0001_0083" 7466
"../../../Engine/Content/EngineMaterials/Substrate/Glints2/dict_0001_0099.uasset" 7467
"../../../Engine/Content/EngineMaterials/Substrate/Glints2/dict_0001_0103.uasset" 7468
"../../../Engine/Content/EngineMaterials/Substrate/Glints2/dict_0001_0100.uasset" 7469
"../../../Engine/Content/EngineMaterials/Substrate/Glints2/dict_0001_0102.uasset" 7470
"../../../Engine/Content/EngineMaterials/Substrate/Glints2/dict_0001_0098.uasset" 7471
"../../../Engine/Content/EngineMaterials/Substrate/Glints2/dict_0001_0101.uasset" 7472
"/Engine/EngineMaterials/Substrate/Glints2/dict_0001_0082" 7473
"../../../Engine/Content/EngineMaterials/Substrate/Glints2/dict_0001_0104.uasset" 7474
"../../../Engine/Content/EngineMaterials/Substrate/Glints2/dict_0001_0105.uasset" 7475
"../../../Engine/Content/EngineMaterials/Substrate/Glints2/dict_0001_0106.uasset" 7476
"/Engine/EngineMaterials/Substrate/Glints2/dict_0001_0081" 7477
"/Engine/EngineMaterials/Substrate/Glints2/dict_0001_0080" 7478
"/Engine/EngineMaterials/Substrate/Glints2/dict_0001_0079" 7479
"/Engine/EngineMaterials/Substrate/Glints2/dict_0001_0078" 7480
"/Engine/EngineMaterials/Substrate/Glints2/dict_0001_0077" 7481
"/Engine/EngineMaterials/Substrate/Glints2/dict_0001_0076" 7482
"/Engine/EngineMaterials/Substrate/Glints2/dict_0001_0075" 7483
"../../../Engine/Content/EngineMaterials/Substrate/Glints2/dict_0001_0108.uasset" 7484
"../../../Engine/Content/EngineMaterials/Substrate/Glints2/dict_0001_0110.uasset" 7485
"../../../Engine/Content/EngineMaterials/Substrate/Glints2/dict_0001_0107.uasset" 7486
"../../../Engine/Content/EngineMaterials/Substrate/Glints2/dict_0001_0109.uasset" 7487
"../../../Engine/Content/EngineMaterials/Substrate/Glints2/dict_0001_0112.uasset" 7488
"../../../Engine/Content/EngineMaterials/Substrate/Glints2/dict_0001_0111.uasset" 7489
"/Engine/EngineMaterials/Substrate/Glints2/dict_0001_0106" 7490
"../../../Engine/Content/EngineMaterials/Substrate/Glints2/dict_0001_0113.uasset" 7491
"../../../Engine/Content/EngineMaterials/Substrate/Glints2/dict_0001_0114.uasset" 7492
"../../../Engine/Content/EngineMaterials/Substrate/Glints2/dict_0001_0115.uasset" 7493
"../../../Engine/Content/EngineMaterials/Substrate/Glints2/dict_0001_0116.uasset" 7494
"/Engine/EngineMaterials/Substrate/Glints2/dict_0001_0105" 7495
"../../../Engine/Content/EngineMaterials/Substrate/Glints2/dict_0001_0117.uasset" 7496
"/Engine/EngineMaterials/Substrate/Glints2/dict_0001_0104" 7497
"/Engine/EngineMaterials/Substrate/Glints2/dict_0001_0103" 7498
"/Engine/EngineMaterials/Substrate/Glints2/dict_0001_0102" 7499
"/Engine/EngineMaterials/Substrate/Glints2/dict_0001_0101" 7500
"/Engine/EngineMaterials/Substrate/Glints2/dict_0001_0100" 7501
"/Engine/EngineMaterials/Substrate/Glints2/dict_0001_0099" 7502
"/Engine/EngineMaterials/Substrate/Glints2/dict_0001_0098" 7503
"/Engine/EngineMaterials/Substrate/Glints2/dict_0001_0097" 7504
"/Engine/EngineMaterials/Substrate/Glints2/dict_0001_0096" 7505
"/Engine/EngineMaterials/Substrate/Glints2/dict_0001_0095" 7506
"/Engine/EngineMaterials/Substrate/Glints2/dict_0001_0094" 7507
"/Engine/EngineMaterials/Substrate/Glints2/dict_0001_0093" 7508
"/Engine/EngineMaterials/Substrate/Glints2/dict_0001_0092" 7509
"/Engine/EngineMaterials/Substrate/Glints2/dict_0001_0091" 7510
"/Engine/EngineMaterials/Substrate/Glints2/dict_0001_0090" 7511
"/Engine/EngineMaterials/Substrate/Glints2/dict_0001_0089" 7512
"/Engine/EngineMaterials/Substrate/Glints2/dict_0001_0088" 7513
"/Engine/EngineMaterials/Substrate/Glints2/dict_0001_0087" 7514
"/Engine/EngineMaterials/Substrate/Glints2/dict_0001_0086" 7515
"../../../Engine/Content/EngineMaterials/Substrate/Glints2/dict_0001_0119.uasset" 7516
"../../../Engine/Content/EngineMaterials/Substrate/Glints2/dict_0001_0118.uasset" 7517
"/Engine/EngineMaterials/Substrate/Glints2/dict_0001_0117" 7518
"../../../Engine/Content/EngineMaterials/Substrate/Glints2/dict_0001_0123.uasset" 7519
"../../../Engine/Content/EngineMaterials/Substrate/Glints2/dict_0001_0122.uasset" 7520
"../../../Engine/Content/EngineMaterials/Substrate/Glints2/dict_0001_0121.uasset" 7521
"../../../Engine/Content/EngineMaterials/Substrate/Glints2/dict_0001_0120.uasset" 7522
"../../../Engine/Content/EngineMaterials/Substrate/Glints2/dict_0001_0124.uasset" 7523
"../../../Engine/Content/EngineMaterials/Substrate/Glints2/dict_0001_0126.uasset" 7524
"/Engine/EngineMaterials/Substrate/Glints2/dict_0001_0116" 7525
"../../../Engine/Content/EngineMaterials/Substrate/Glints2/dict_0001_0125.uasset" 7526
"../../../Engine/Content/EngineMaterials/Substrate/Glints2/dict_0001_0127.uasset" 7527
"../../../Engine/Content/EngineMaterials/Substrate/Glints2/dict_0001_0128.uasset" 7528
"../../../Engine/Content/EngineMaterials/Substrate/Glints2/dict_0001_0129.uasset" 7529
"../../../Engine/Content/EngineMaterials/Substrate/Glints2/dict_0001_0130.uasset" 7530
"../../../Engine/Content/EngineMaterials/Substrate/Glints2/dict_0001_0131.uasset" 7531
"../../../Engine/Content/EngineMaterials/Substrate/Glints2/dict_0001_0133.uasset" 7532
"../../../Engine/Content/EngineMaterials/Substrate/Glints2/dict_0001_0132.uasset" 7533
"/Engine/EngineMaterials/Substrate/Glints2/dict_0001_0115" 7534
"../../../Engine/Content/EngineMaterials/Substrate/Glints2/dict_0001_0134.uasset" 7535
"../../../Engine/Content/EngineMaterials/Substrate/Glints2/dict_0001_0135.uasset" 7536
"../../../Engine/Content/EngineMaterials/Substrate/Glints2/dict_0001_0138.uasset" 7537
"/Engine/EngineMaterials/Substrate/Glints2/dict_0001_0114" 7538
"../../../Engine/Content/EngineMaterials/Substrate/Glints2/dict_0001_0136.uasset" 7539
"../../../Engine/Content/EngineMaterials/Substrate/Glints2/dict_0001_0137.uasset" 7540
"/Engine/EngineMaterials/Substrate/Glints2/dict_0001_0113" 7541
"/Engine/EngineMaterials/Substrate/Glints2/dict_0001_0112" 7542
"/Engine/EngineMaterials/Substrate/Glints2/dict_0001_0111" 7543
"/Engine/EngineMaterials/Substrate/Glints2/dict_0001_0110" 7544
"/Engine/EngineMaterials/Substrate/Glints2/dict_0001_0109" 7545
"/Engine/EngineMaterials/Substrate/Glints2/dict_0001_0108" 7546
"/Engine/EngineMaterials/Substrate/Glints2/dict_0001_0107" 7547
"../../../Engine/Content/EngineMaterials/Substrate/Glints2/dict_0001_0139.uasset" 7548
"../../../Engine/Content/EngineMaterials/Substrate/Glints2/dict_0001_0141.uasset" 7549
"../../../Engine/Content/EngineMaterials/Substrate/Glints2/dict_0001_0142.uasset" 7550
"../../../Engine/Content/EngineMaterials/Substrate/Glints2/dict_0001_0144.uasset" 7551
"../../../Engine/Content/EngineMaterials/Substrate/Glints2/dict_0001_0140.uasset" 7552
"/Engine/EngineMaterials/Substrate/Glints2/dict_0001_0138" 7553
"../../../Engine/Content/EngineMaterials/Substrate/Glints2/dict_0001_0143.uasset" 7554
"/Engine/EngineMaterials/Substrate/Glints2/dict_0001_0137" 7555
"../../../Engine/Content/EngineMaterials/Substrate/Glints2/dict_0001_0146.uasset" 7556
"../../../Engine/Content/EngineMaterials/Substrate/Glints2/dict_0001_0145.uasset" 7557
"../../../Engine/Content/EngineMaterials/Substrate/Glints2/dict_0001_0147.uasset" 7558
"../../../Engine/Content/EngineMaterials/Substrate/Glints2/dict_0001_0148.uasset" 7559
"../../../Engine/Content/EngineMaterials/Substrate/Glints2/dict_0001_0149.uasset" 7560
"/Engine/EngineMaterials/Substrate/Glints2/dict_0001_0136" 7561
"/Engine/EngineMaterials/Substrate/Glints2/dict_0001_0135" 7562
"/Engine/EngineMaterials/Substrate/Glints2/dict_0001_0134" 7563
"/Engine/EngineMaterials/Substrate/Glints2/dict_0001_0133" 7564
"/Engine/EngineMaterials/Substrate/Glints2/dict_0001_0132" 7565
"/Engine/EngineMaterials/Substrate/Glints2/dict_0001_0131" 7566
"/Engine/EngineMaterials/Substrate/Glints2/dict_0001_0130" 7567
"/Engine/EngineMaterials/Substrate/Glints2/dict_0001_0129" 7568
"/Engine/EngineMaterials/Substrate/Glints2/dict_0001_0128" 7569
"/Engine/EngineMaterials/Substrate/Glints2/dict_0001_0127" 7570
"/Engine/EngineMaterials/Substrate/Glints2/dict_0001_0126" 7571
"/Engine/EngineMaterials/Substrate/Glints2/dict_0001_0125" 7572
"/Engine/EngineMaterials/Substrate/Glints2/dict_0001_0124" 7573
"/Engine/EngineMaterials/Substrate/Glints2/dict_0001_0123" 7574
"/Engine/EngineMaterials/Substrate/Glints2/dict_0001_0122" 7575
"/Engine/EngineMaterials/Substrate/Glints2/dict_0001_0121" 7576
"/Engine/EngineMaterials/Substrate/Glints2/dict_0001_0120" 7577
"/Engine/EngineMaterials/Substrate/Glints2/dict_0001_0119" 7578
"/Engine/EngineMaterials/Substrate/Glints2/dict_0001_0118" 7579
"../../../Engine/Content/EngineMaterials/Substrate/Glints2/dict_0001_0154.uasset" 7580
"../../../Engine/Content/EngineMaterials/Substrate/Glints2/dict_0001_0151.uasset" 7581
"../../../Engine/Content/EngineMaterials/Substrate/Glints2/dict_0001_0155.uasset" 7582
"/Engine/EngineMaterials/Substrate/Glints2/dict_0001_0149" 7583
"../../../Engine/Content/EngineMaterials/Substrate/Glints2/dict_0001_0150.uasset" 7584
"../../../Engine/Content/EngineMaterials/Substrate/Glints2/dict_0001_0153.uasset" 7585
"../../../Engine/Content/EngineMaterials/Substrate/Glints2/dict_0001_0152.uasset" 7586
"../../../Engine/Content/EngineMaterials/Substrate/Glints2/dict_0001_0156.uasset" 7587
"/Engine/EngineMaterials/Substrate/Glints2/dict_0001_0148" 7588
"../../../Engine/Content/EngineMaterials/Substrate/Glints2/dict_0001_0157.uasset" 7589
"../../../Engine/Content/EngineMaterials/Substrate/Glints2/dict_0001_0160.uasset" 7590
"../../../Engine/Content/EngineMaterials/Substrate/Glints2/dict_0001_0158.uasset" 7591
"../../../Engine/Content/EngineMaterials/Substrate/Glints2/dict_0001_0159.uasset" 7592
"../../../Engine/Content/EngineMaterials/Substrate/Glints2/dict_0001_0161.uasset" 7593
"../../../Engine/Content/EngineMaterials/Substrate/Glints2/dict_0001_0162.uasset" 7594
"/Engine/EngineMaterials/Substrate/Glints2/dict_0001_0147" 7595
"../../../Engine/Content/EngineMaterials/Substrate/Glints2/dict_0001_0163.uasset" 7596
"../../../Engine/Content/EngineMaterials/Substrate/Glints2/dict_0001_0165.uasset" 7597
"../../../Engine/Content/EngineMaterials/Substrate/Glints2/dict_0001_0166.uasset" 7598
"../../../Engine/Content/EngineMaterials/Substrate/Glints2/dict_0001_0167.uasset" 7599
"../../../Engine/Content/EngineMaterials/Substrate/Glints2/dict_0001_0164.uasset" 7600
"../../../Engine/Content/EngineMaterials/Substrate/Glints2/dict_0001_0168.uasset" 7601
"../../../Engine/Content/EngineMaterials/Substrate/Glints2/dict_0001_0169.uasset" 7602
"../../../Engine/Content/EngineMaterials/Substrate/Glints2/dict_0001_0170.uasset" 7603
"/Engine/EngineMaterials/Substrate/Glints2/dict_0001_0146" 7604
"/Engine/EngineMaterials/Substrate/Glints2/dict_0001_0145" 7605
"/Engine/EngineMaterials/Substrate/Glints2/dict_0001_0144" 7606
"/Engine/EngineMaterials/Substrate/Glints2/dict_0001_0143" 7607
"/Engine/EngineMaterials/Substrate/Glints2/dict_0001_0142" 7608
"/Engine/EngineMaterials/Substrate/Glints2/dict_0001_0141" 7609
"/Engine/EngineMaterials/Substrate/Glints2/dict_0001_0140" 7610
"/Engine/EngineMaterials/Substrate/Glints2/dict_0001_0139" 7611
"../../../Engine/Content/EngineMaterials/Substrate/Glints2/dict_0001_0174.uasset" 7612
"../../../Engine/Content/EngineMaterials/Substrate/Glints2/dict_0001_0172.uasset" 7613
"../../../Engine/Content/EngineMaterials/Substrate/Glints2/dict_0001_0171.uasset" 7614
"../../../Engine/Content/EngineMaterials/Substrate/Glints2/dict_0001_0173.uasset" 7615
"../../../Engine/Content/EngineMaterials/Substrate/Glints2/dict_0001_0175.uasset" 7616
"/Engine/EngineMaterials/Substrate/Glints2/dict_0001_0170" 7617
"../../../Engine/Content/EngineMaterials/Substrate/Glints2/dict_0001_0176.uasset" 7618
"../../../Engine/Content/EngineMaterials/Substrate/Glints2/dict_0001_0177.uasset" 7619
"../../../Engine/Content/EngineMaterials/Substrate/Glints2/dict_0001_0179.uasset" 7620
"../../../Engine/Content/EngineMaterials/Substrate/Glints2/dict_0001_0181.uasset" 7621
"/Engine/EngineMaterials/Substrate/Glints2/dict_0001_0169" 7622
"../../../Engine/Content/EngineMaterials/Substrate/Glints2/dict_0001_0178.uasset" 7623
"../../../Engine/Content/EngineMaterials/Substrate/Glints2/dict_0001_0180.uasset" 7624
"/Engine/EngineMaterials/Substrate/Glints2/dict_0001_0168" 7625
"/Engine/EngineMaterials/Substrate/Glints2/dict_0001_0167" 7626
"/Engine/EngineMaterials/Substrate/Glints2/dict_0001_0166" 7627
"/Engine/EngineMaterials/Substrate/Glints2/dict_0001_0165" 7628
"/Engine/EngineMaterials/Substrate/Glints2/dict_0001_0164" 7629
"/Engine/EngineMaterials/Substrate/Glints2/dict_0001_0163" 7630
"/Engine/EngineMaterials/Substrate/Glints2/dict_0001_0162" 7631
"/Engine/EngineMaterials/Substrate/Glints2/dict_0001_0161" 7632
"/Engine/EngineMaterials/Substrate/Glints2/dict_0001_0160" 7633
"/Engine/EngineMaterials/Substrate/Glints2/dict_0001_0159" 7634
"/Engine/EngineMaterials/Substrate/Glints2/dict_0001_0158" 7635
"/Engine/EngineMaterials/Substrate/Glints2/dict_0001_0157" 7636
"/Engine/EngineMaterials/Substrate/Glints2/dict_0001_0156" 7637
"/Engine/EngineMaterials/Substrate/Glints2/dict_0001_0155" 7638
"/Engine/EngineMaterials/Substrate/Glints2/dict_0001_0154" 7639
"/Engine/EngineMaterials/Substrate/Glints2/dict_0001_0153" 7640
"/Engine/EngineMaterials/Substrate/Glints2/dict_0001_0152" 7641
"/Engine/EngineMaterials/Substrate/Glints2/dict_0001_0151" 7642
"/Engine/EngineMaterials/Substrate/Glints2/dict_0001_0150" 7643
"../../../Engine/Content/EngineMaterials/Substrate/Glints2/dict_0001_0183.uasset" 7644
"/Engine/EngineMaterials/Substrate/Glints2/dict_0001_0181" 7645
"../../../Engine/Content/EngineMaterials/Substrate/Glints2/dict_0001_0186.uasset" 7646
"../../../Engine/Content/EngineMaterials/Substrate/Glints2/dict_0001_0185.uasset" 7647
"../../../Engine/Content/EngineMaterials/Substrate/Glints2/dict_0001_0184.uasset" 7648
"../../../Engine/Content/EngineMaterials/Substrate/Glints2/dict_0001_0187.uasset" 7649
"../../../Engine/Content/EngineMaterials/Substrate/Glints2/dict_0001_0182.uasset" 7650
"/Engine/EngineMaterials/Substrate/Glints2/dict_0001_0180" 7651
"../../../Engine/Content/EngineMaterials/Substrate/Glints2/dict_0001_0190.uasset" 7652
"../../../Engine/Content/EngineMaterials/Substrate/Glints2/dict_0001_0189.uasset" 7653
"../../../Engine/Content/EngineMaterials/Substrate/Glints2/dict_0001_0188.uasset" 7654
"../../../Engine/Content/EngineMaterials/Substrate/Glints2/dict_0001_0191.uasset" 7655
"../../../Engine/Content/EngineMaterials/Substrate/Glints2/dict_0001_0192.uasset" 7656
"../../../Engine/Content/EngineMaterials/Substrate/Glints2/dict_0001_0193.uasset" 7657
"../../../Engine/Content/EngineMaterials/Substrate/Glints2/dict_0001_0194.uasset" 7658
"/Engine/EngineMaterials/Substrate/Glints2/dict_0001_0179" 7659
"../../../Engine/Content/EngineMaterials/Substrate/Glints2/dict_0001_0195.uasset" 7660
"../../../Engine/Content/EngineMaterials/Substrate/Glints2/dict_0001_0196.uasset" 7661
"../../../Engine/Content/EngineMaterials/Substrate/Glints2/dict_0001_0197.uasset" 7662
"../../../Engine/Content/EngineMaterials/Substrate/Glints2/dict_0001_0198.uasset" 7663
"../../../Engine/Content/EngineMaterials/Substrate/Glints2/dict_0001_0200.uasset" 7664
"../../../Engine/Content/EngineMaterials/Substrate/Glints2/dict_0001_0199.uasset" 7665
"../../../Engine/Content/EngineMaterials/Substrate/Glints2/dict_0001_0201.uasset" 7666
"/Engine/EngineMaterials/Substrate/Glints2/dict_0001_0178" 7667
"../../../Engine/Content/EngineMaterials/Substrate/Glints2/dict_0001_0202.uasset" 7668
"/Engine/EngineMaterials/Substrate/Glints2/dict_0001_0177" 7669
"/Engine/EngineMaterials/Substrate/Glints2/dict_0001_0176" 7670
"/Engine/EngineMaterials/Substrate/Glints2/dict_0001_0175" 7671
"/Engine/EngineMaterials/Substrate/Glints2/dict_0001_0174" 7672
"/Engine/EngineMaterials/Substrate/Glints2/dict_0001_0173" 7673
"/Engine/EngineMaterials/Substrate/Glints2/dict_0001_0172" 7674
"/Engine/EngineMaterials/Substrate/Glints2/dict_0001_0171" 7675
"../../../Engine/Content/EngineMaterials/Substrate/Glints2/dict_0001_0203.uasset" 7676
"../../../Engine/Content/EngineMaterials/Substrate/Glints2/dict_0001_0204.uasset" 7677
"../../../Engine/Content/EngineMaterials/Substrate/Glints2/dict_0001_0205.uasset" 7678
"../../../Engine/Content/EngineMaterials/Substrate/Glints2/dict_0001_0206.uasset" 7679
"/Engine/EngineMaterials/Substrate/Glints2/dict_0001_0202" 7680
"../../../Engine/Content/EngineMaterials/Substrate/Glints2/dict_0001_0208.uasset" 7681
"../../../Engine/Content/EngineMaterials/Substrate/Glints2/dict_0001_0207.uasset" 7682
"../../../Engine/Content/EngineMaterials/Substrate/Glints2/dict_0001_0209.uasset" 7683
"../../../Engine/Content/EngineMaterials/Substrate/Glints2/dict_0001_0212.uasset" 7684
"../../../Engine/Content/EngineMaterials/Substrate/Glints2/dict_0001_0210.uasset" 7685
"../../../Engine/Content/EngineMaterials/Substrate/Glints2/dict_0001_0213.uasset" 7686
"../../../Engine/Content/EngineMaterials/Substrate/Glints2/dict_0001_0211.uasset" 7687
"/Engine/EngineMaterials/Substrate/Glints2/dict_0001_0201" 7688
"/Engine/EngineMaterials/Substrate/Glints2/dict_0001_0200" 7689
"/Engine/EngineMaterials/Substrate/Glints2/dict_0001_0199" 7690
"/Engine/EngineMaterials/Substrate/Glints2/dict_0001_0198" 7691
"/Engine/EngineMaterials/Substrate/Glints2/dict_0001_0197" 7692
"/Engine/EngineMaterials/Substrate/Glints2/dict_0001_0196" 7693
"/Engine/EngineMaterials/Substrate/Glints2/dict_0001_0195" 7694
"/Engine/EngineMaterials/Substrate/Glints2/dict_0001_0194" 7695
"/Engine/EngineMaterials/Substrate/Glints2/dict_0001_0193" 7696
"/Engine/EngineMaterials/Substrate/Glints2/dict_0001_0192" 7697
"/Engine/EngineMaterials/Substrate/Glints2/dict_0001_0191" 7698
"/Engine/EngineMaterials/Substrate/Glints2/dict_0001_0190" 7699
"/Engine/EngineMaterials/Substrate/Glints2/dict_0001_0189" 7700
"/Engine/EngineMaterials/Substrate/Glints2/dict_0001_0188" 7701
"/Engine/EngineMaterials/Substrate/Glints2/dict_0001_0187" 7702
"/Engine/EngineMaterials/Substrate/Glints2/dict_0001_0186" 7703
"/Engine/EngineMaterials/Substrate/Glints2/dict_0001_0185" 7704
"/Engine/EngineMaterials/Substrate/Glints2/dict_0001_0184" 7705
"/Engine/EngineMaterials/Substrate/Glints2/dict_0001_0183" 7706
"/Engine/EngineMaterials/Substrate/Glints2/dict_0001_0182" 7707
"../../../Engine/Content/EngineMaterials/Substrate/Glints2/dict_0001_0217.uasset" 7708
"../../../Engine/Content/EngineMaterials/Substrate/Glints2/dict_0001_0218.uasset" 7709
"../../../Engine/Content/EngineMaterials/Substrate/Glints2/dict_0001_0219.uasset" 7710
"../../../Engine/Content/EngineMaterials/Substrate/Glints2/dict_0001_0215.uasset" 7711
"/Engine/EngineMaterials/Substrate/Glints2/dict_0001_0213" 7712
"../../../Engine/Content/EngineMaterials/Substrate/Glints2/dict_0001_0216.uasset" 7713
"../../../Engine/Content/EngineMaterials/Substrate/Glints2/dict_0001_0214.uasset" 7714
"../../../Engine/Content/EngineMaterials/Substrate/Glints2/dict_0001_0221.uasset" 7715
"../../../Engine/Content/EngineMaterials/Substrate/Glints2/dict_0001_0220.uasset" 7716
"../../../Engine/Content/EngineMaterials/Substrate/Glints2/dict_0001_0223.uasset" 7717
"../../../Engine/Content/EngineMaterials/Substrate/Glints2/dict_0001_0224.uasset" 7718
"../../../Engine/Content/EngineMaterials/Substrate/Glints2/dict_0001_0225.uasset" 7719
"../../../Engine/Content/EngineMaterials/Substrate/Glints2/dict_0001_0222.uasset" 7720
"/Engine/EngineMaterials/Substrate/Glints2/dict_0001_0212" 7721
"../../../Engine/Content/EngineMaterials/Substrate/Glints2/dict_0001_0226.uasset" 7722
"../../../Engine/Content/EngineMaterials/Substrate/Glints2/dict_0001_0227.uasset" 7723
"../../../Engine/Content/EngineMaterials/Substrate/Glints2/dict_0001_0229.uasset" 7724
"../../../Engine/Content/EngineMaterials/Substrate/Glints2/dict_0001_0230.uasset" 7725
"../../../Engine/Content/EngineMaterials/Substrate/Glints2/dict_0001_0231.uasset" 7726
"../../../Engine/Content/EngineMaterials/Substrate/Glints2/dict_0001_0228.uasset" 7727
"../../../Engine/Content/EngineMaterials/Substrate/Glints2/dict_0001_0232.uasset" 7728
"/Engine/EngineMaterials/Substrate/Glints2/dict_0001_0211" 7729
"../../../Engine/Content/EngineMaterials/Substrate/Glints2/dict_0001_0233.uasset" 7730
"../../../Engine/Content/EngineMaterials/Substrate/Glints2/dict_0001_0234.uasset" 7731
"/Engine/EngineMaterials/Substrate/Glints2/dict_0001_0210" 7732
"/Engine/EngineMaterials/Substrate/Glints2/dict_0001_0209" 7733
"/Engine/EngineMaterials/Substrate/Glints2/dict_0001_0208" 7734
"/Engine/EngineMaterials/Substrate/Glints2/dict_0001_0207" 7735
"/Engine/EngineMaterials/Substrate/Glints2/dict_0001_0206" 7736
"/Engine/EngineMaterials/Substrate/Glints2/dict_0001_0205" 7737
"/Engine/EngineMaterials/Substrate/Glints2/dict_0001_0204" 7738
"/Engine/EngineMaterials/Substrate/Glints2/dict_0001_0203" 7739
"../../../Engine/Content/EngineMaterials/Substrate/Glints2/dict_0001_0237.uasset" 7740
"../../../Engine/Content/EngineMaterials/Substrate/Glints2/dict_0001_0240.uasset" 7741
"../../../Engine/Content/EngineMaterials/Substrate/Glints2/dict_0001_0238.uasset" 7742
"../../../Engine/Content/EngineMaterials/Substrate/Glints2/dict_0001_0236.uasset" 7743
"../../../Engine/Content/EngineMaterials/Substrate/Glints2/dict_0001_0235.uasset" 7744
"../../../Engine/Content/EngineMaterials/Substrate/Glints2/dict_0001_0239.uasset" 7745
"/Engine/EngineMaterials/Substrate/Glints2/dict_0001_0234" 7746
"../../../Engine/Content/EngineMaterials/Substrate/Glints2/dict_0001_0242.uasset" 7747
"../../../Engine/Content/EngineMaterials/Substrate/Glints2/dict_0001_0241.uasset" 7748
"../../../Engine/Content/EngineMaterials/Substrate/Glints2/dict_0001_0243.uasset" 7749
"../../../Engine/Content/EngineMaterials/Substrate/Glints2/dict_0001_0244.uasset" 7750
"../../../Engine/Content/EngineMaterials/Substrate/Glints2/dict_0001_0245.uasset" 7751
"/Engine/EngineMaterials/Substrate/Glints2/dict_0001_0233" 7752
"/Engine/EngineMaterials/Substrate/Glints2/dict_0001_0232" 7753
"/Engine/EngineMaterials/Substrate/Glints2/dict_0001_0231" 7754
"/Engine/EngineMaterials/Substrate/Glints2/dict_0001_0230" 7755
"/Engine/EngineMaterials/Substrate/Glints2/dict_0001_0229" 7756
"/Engine/EngineMaterials/Substrate/Glints2/dict_0001_0228" 7757
"/Engine/EngineMaterials/Substrate/Glints2/dict_0001_0227" 7758
"/Engine/EngineMaterials/Substrate/Glints2/dict_0001_0226" 7759
"/Engine/EngineMaterials/Substrate/Glints2/dict_0001_0225" 7760
"/Engine/EngineMaterials/Substrate/Glints2/dict_0001_0224" 7761
"/Engine/EngineMaterials/Substrate/Glints2/dict_0001_0223" 7762
"/Engine/EngineMaterials/Substrate/Glints2/dict_0001_0222" 7763
"/Engine/EngineMaterials/Substrate/Glints2/dict_0001_0221" 7764
"/Engine/EngineMaterials/Substrate/Glints2/dict_0001_0220" 7765
"/Engine/EngineMaterials/Substrate/Glints2/dict_0001_0219" 7766
"/Engine/EngineMaterials/Substrate/Glints2/dict_0001_0218" 7767
"/Engine/EngineMaterials/Substrate/Glints2/dict_0001_0217" 7768
"/Engine/EngineMaterials/Substrate/Glints2/dict_0001_0216" 7769
"/Engine/EngineMaterials/Substrate/Glints2/dict_0001_0215" 7770
"/Engine/EngineMaterials/Substrate/Glints2/dict_0001_0214" 7771
"../../../Engine/Content/EngineMaterials/Substrate/Glints2/dict_0001_0246.uasset" 7772
"../../../Engine/Content/EngineMaterials/Substrate/Glints2/dict_0001_0247.uasset" 7773
"../../../Engine/Content/EngineMaterials/Substrate/Glints2/dict_0001_0249.uasset" 7774
"../../../Engine/Content/EngineMaterials/Substrate/Glints2/dict_0001_0250.uasset" 7775
"../../../Engine/Content/EngineMaterials/Substrate/Glints2/dict_0001_0248.uasset" 7776
"/Engine/EngineMaterials/Substrate/Glints2/dict_0001_0245" 7777
"../../../Engine/Content/EngineMaterials/Substrate/Glints2/dict_0001_0251.uasset" 7778
"../../../Engine/Content/EngineMaterials/Substrate/Glints2/dict_0001_0252.uasset" 7779
"../../../Engine/Content/EngineMaterials/Substrate/Glints2/dict_0001_0253.uasset" 7780
"../../../Engine/Content/EngineMaterials/Substrate/Glints2/dict_0001_0255.uasset" 7781
"../../../Engine/Content/EngineMaterials/Substrate/Glints2/dict_0001_0254.uasset" 7782
"/Engine/EngineMaterials/Substrate/Glints2/dict_0001_0244" 7783
"../../../Engine/Content/EngineMaterials/Substrate/Glints2/dict_0002_0001.uasset" 7784
"../../../Engine/Content/EngineMaterials/Substrate/Glints2/dict_0002_0000.uasset" 7785
"../../../Engine/Content/EngineMaterials/Substrate/Glints2/dict_0002_0002.uasset" 7786
"../../../Engine/Content/EngineMaterials/Substrate/Glints2/dict_0002_0003.uasset" 7787
"../../../Engine/Content/EngineMaterials/Substrate/Glints2/dict_0002_0004.uasset" 7788
"../../../Engine/Content/EngineMaterials/Substrate/Glints2/dict_0002_0006.uasset" 7789
"../../../Engine/Content/EngineMaterials/Substrate/Glints2/dict_0002_0005.uasset" 7790
"../../../Engine/Content/EngineMaterials/Substrate/Glints2/dict_0002_0007.uasset" 7791
"../../../Engine/Content/EngineMaterials/Substrate/Glints2/dict_0002_0008.uasset" 7792
"/Engine/EngineMaterials/Substrate/Glints2/dict_0001_0243" 7793
"../../../Engine/Content/EngineMaterials/Substrate/Glints2/dict_0002_0010.uasset" 7794
"../../../Engine/Content/EngineMaterials/Substrate/Glints2/dict_0002_0009.uasset" 7795
"/Engine/EngineMaterials/Substrate/Glints2/dict_0001_0242" 7796
"/Engine/EngineMaterials/Substrate/Glints2/dict_0001_0241" 7797
"/Engine/EngineMaterials/Substrate/Glints2/dict_0001_0240" 7798
"/Engine/EngineMaterials/Substrate/Glints2/dict_0001_0239" 7799
"/Engine/EngineMaterials/Substrate/Glints2/dict_0001_0238" 7800
"/Engine/EngineMaterials/Substrate/Glints2/dict_0001_0237" 7801
"/Engine/EngineMaterials/Substrate/Glints2/dict_0001_0236" 7802
"/Engine/EngineMaterials/Substrate/Glints2/dict_0001_0235" 7803
"../../../Engine/Content/EngineMaterials/Substrate/Glints2/dict_0002_0015.uasset" 7804
"../../../Engine/Content/EngineMaterials/Substrate/Glints2/dict_0002_0013.uasset" 7805
"../../../Engine/Content/EngineMaterials/Substrate/Glints2/dict_0002_0012.uasset" 7806
"../../../Engine/Content/EngineMaterials/Substrate/Glints2/dict_0002_0014.uasset" 7807
"../../../Engine/Content/EngineMaterials/Substrate/Glints2/dict_0002_0011.uasset" 7808
"/Engine/EngineMaterials/Substrate/Glints2/dict_0002_0010" 7809
"../../../Engine/Content/EngineMaterials/Substrate/Glints2/dict_0002_0016.uasset" 7810
"../../../Engine/Content/EngineMaterials/Substrate/Glints2/dict_0002_0017.uasset" 7811
"/Engine/EngineMaterials/Substrate/Glints2/dict_0002_0009" 7812
"../../../Engine/Content/EngineMaterials/Substrate/Glints2/dict_0002_0019.uasset" 7813
"../../../Engine/Content/EngineMaterials/Substrate/Glints2/dict_0002_0018.uasset" 7814
"../../../Engine/Content/EngineMaterials/Substrate/Glints2/dict_0002_0020.uasset" 7815
"../../../Engine/Content/EngineMaterials/Substrate/Glints2/dict_0002_0021.uasset" 7816
"/Engine/EngineMaterials/Substrate/Glints2/dict_0002_0008" 7817
"/Engine/EngineMaterials/Substrate/Glints2/dict_0002_0007" 7818
"/Engine/EngineMaterials/Substrate/Glints2/dict_0002_0006" 7819
"/Engine/EngineMaterials/Substrate/Glints2/dict_0002_0005" 7820
"/Engine/EngineMaterials/Substrate/Glints2/dict_0002_0004" 7821
"/Engine/EngineMaterials/Substrate/Glints2/dict_0002_0003" 7822
"/Engine/EngineMaterials/Substrate/Glints2/dict_0002_0002" 7823
"/Engine/EngineMaterials/Substrate/Glints2/dict_0002_0001" 7824
"/Engine/EngineMaterials/Substrate/Glints2/dict_0002_0000" 7825
"/Engine/EngineMaterials/Substrate/Glints2/dict_0001_0255" 7826
"/Engine/EngineMaterials/Substrate/Glints2/dict_0001_0254" 7827
"/Engine/EngineMaterials/Substrate/Glints2/dict_0001_0253" 7828
"/Engine/EngineMaterials/Substrate/Glints2/dict_0001_0252" 7829
"/Engine/EngineMaterials/Substrate/Glints2/dict_0001_0251" 7830
"/Engine/EngineMaterials/Substrate/Glints2/dict_0001_0250" 7831
"/Engine/EngineMaterials/Substrate/Glints2/dict_0001_0249" 7832
"/Engine/EngineMaterials/Substrate/Glints2/dict_0001_0248" 7833
"/Engine/EngineMaterials/Substrate/Glints2/dict_0001_0247" 7834
"/Engine/EngineMaterials/Substrate/Glints2/dict_0001_0246" 7835
"../../../Engine/Content/EngineMaterials/Substrate/Glints2/dict_0002_0027.uasset" 7836
"/Engine/EngineMaterials/Substrate/Glints2/dict_0002_0021" 7837
"../../../Engine/Content/EngineMaterials/Substrate/Glints2/dict_0002_0023.uasset" 7838
"../../../Engine/Content/EngineMaterials/Substrate/Glints2/dict_0002_0022.uasset" 7839
"../../../Engine/Content/EngineMaterials/Substrate/Glints2/dict_0002_0025.uasset" 7840
"../../../Engine/Content/EngineMaterials/Substrate/Glints2/dict_0002_0026.uasset" 7841
"../../../Engine/Content/EngineMaterials/Substrate/Glints2/dict_0002_0024.uasset" 7842
"/Engine/EngineMaterials/Substrate/Glints2/dict_0002_0020" 7843
"../../../Engine/Content/EngineMaterials/Substrate/Glints2/dict_0002_0028.uasset" 7844
"../../../Engine/Content/EngineMaterials/Substrate/Glints2/dict_0002_0029.uasset" 7845
"../../../Engine/Content/EngineMaterials/Substrate/Glints2/dict_0002_0030.uasset" 7846
"../../../Engine/Content/EngineMaterials/Substrate/Glints2/dict_0002_0032.uasset" 7847
"../../../Engine/Content/EngineMaterials/Substrate/Glints2/dict_0002_0031.uasset" 7848
"../../../Engine/Content/EngineMaterials/Substrate/Glints2/dict_0002_0033.uasset" 7849
"/Engine/EngineMaterials/Substrate/Glints2/dict_0002_0019" 7850
"../../../Engine/Content/EngineMaterials/Substrate/Glints2/dict_0002_0034.uasset" 7851
"../../../Engine/Content/EngineMaterials/Substrate/Glints2/dict_0002_0036.uasset" 7852
"../../../Engine/Content/EngineMaterials/Substrate/Glints2/dict_0002_0035.uasset" 7853
"../../../Engine/Content/EngineMaterials/Substrate/Glints2/dict_0002_0037.uasset" 7854
"../../../Engine/Content/EngineMaterials/Substrate/Glints2/dict_0002_0039.uasset" 7855
"../../../Engine/Content/EngineMaterials/Substrate/Glints2/dict_0002_0038.uasset" 7856
"/Engine/EngineMaterials/Substrate/Glints2/dict_0002_0018" 7857
"../../../Engine/Content/EngineMaterials/Substrate/Glints2/dict_0002_0040.uasset" 7858
"../../../Engine/Content/EngineMaterials/Substrate/Glints2/dict_0002_0042.uasset" 7859
"../../../Engine/Content/EngineMaterials/Substrate/Glints2/dict_0002_0041.uasset" 7860
"/Engine/EngineMaterials/Substrate/Glints2/dict_0002_0017" 7861
"/Engine/EngineMaterials/Substrate/Glints2/dict_0002_0016" 7862
"/Engine/EngineMaterials/Substrate/Glints2/dict_0002_0015" 7863
"/Engine/EngineMaterials/Substrate/Glints2/dict_0002_0014" 7864
"/Engine/EngineMaterials/Substrate/Glints2/dict_0002_0013" 7865
"/Engine/EngineMaterials/Substrate/Glints2/dict_0002_0012" 7866
"/Engine/EngineMaterials/Substrate/Glints2/dict_0002_0011" 7867
"../../../Engine/Content/EngineMaterials/Substrate/Glints2/dict_0002_0043.uasset" 7868
"../../../Engine/Content/EngineMaterials/Substrate/Glints2/dict_0002_0046.uasset" 7869
"../../../Engine/Content/EngineMaterials/Substrate/Glints2/dict_0002_0047.uasset" 7870
"/Engine/EngineMaterials/Substrate/Glints2/dict_0002_0042" 7871
"../../../Engine/Content/EngineMaterials/Substrate/Glints2/dict_0002_0044.uasset" 7872
"../../../Engine/Content/EngineMaterials/Substrate/Glints2/dict_0002_0045.uasset" 7873
"../../../Engine/Content/EngineMaterials/Substrate/Glints2/dict_0002_0048.uasset" 7874
"../../../Engine/Content/EngineMaterials/Substrate/Glints2/dict_0002_0049.uasset" 7875
"../../../Engine/Content/EngineMaterials/Substrate/Glints2/dict_0002_0051.uasset" 7876
"/Engine/EngineMaterials/Substrate/Glints2/dict_0002_0041" 7877
"../../../Engine/Content/EngineMaterials/Substrate/Glints2/dict_0002_0052.uasset" 7878
"../../../Engine/Content/EngineMaterials/Substrate/Glints2/dict_0002_0053.uasset" 7879
"../../../Engine/Content/EngineMaterials/Substrate/Glints2/dict_0002_0050.uasset" 7880
"/Engine/EngineMaterials/Substrate/Glints2/dict_0002_0040" 7881
"/Engine/EngineMaterials/Substrate/Glints2/dict_0002_0039" 7882
"/Engine/EngineMaterials/Substrate/Glints2/dict_0002_0038" 7883
"/Engine/EngineMaterials/Substrate/Glints2/dict_0002_0037" 7884
"/Engine/EngineMaterials/Substrate/Glints2/dict_0002_0036" 7885
"/Engine/EngineMaterials/Substrate/Glints2/dict_0002_0035" 7886
"/Engine/EngineMaterials/Substrate/Glints2/dict_0002_0034" 7887
"/Engine/EngineMaterials/Substrate/Glints2/dict_0002_0033" 7888
"/Engine/EngineMaterials/Substrate/Glints2/dict_0002_0032" 7889
"/Engine/EngineMaterials/Substrate/Glints2/dict_0002_0031" 7890
"/Engine/EngineMaterials/Substrate/Glints2/dict_0002_0030" 7891
"/Engine/EngineMaterials/Substrate/Glints2/dict_0002_0029" 7892
"/Engine/EngineMaterials/Substrate/Glints2/dict_0002_0028" 7893
"/Engine/EngineMaterials/Substrate/Glints2/dict_0002_0027" 7894
"/Engine/EngineMaterials/Substrate/Glints2/dict_0002_0026" 7895
"/Engine/EngineMaterials/Substrate/Glints2/dict_0002_0025" 7896
"/Engine/EngineMaterials/Substrate/Glints2/dict_0002_0024" 7897
"/Engine/EngineMaterials/Substrate/Glints2/dict_0002_0023" 7898
"/Engine/EngineMaterials/Substrate/Glints2/dict_0002_0022" 7899
"../../../Engine/Content/EngineMaterials/Substrate/Glints2/dict_0002_0058.uasset" 7900
"../../../Engine/Content/EngineMaterials/Substrate/Glints2/dict_0002_0057.uasset" 7901
"../../../Engine/Content/EngineMaterials/Substrate/Glints2/dict_0002_0059.uasset" 7902
"../../../Engine/Content/EngineMaterials/Substrate/Glints2/dict_0002_0054.uasset" 7903
"../../../Engine/Content/EngineMaterials/Substrate/Glints2/dict_0002_0056.uasset" 7904
"/Engine/EngineMaterials/Substrate/Glints2/dict_0002_0053" 7905
"../../../Engine/Content/EngineMaterials/Substrate/Glints2/dict_0002_0055.uasset" 7906
"../../../Engine/Content/EngineMaterials/Substrate/Glints2/dict_0002_0062.uasset" 7907
"../../../Engine/Content/EngineMaterials/Substrate/Glints2/dict_0002_0060.uasset" 7908
"../../../Engine/Content/EngineMaterials/Substrate/Glints2/dict_0002_0061.uasset" 7909
"/Engine/EngineMaterials/Substrate/Glints2/dict_0002_0052" 7910
"../../../Engine/Content/EngineMaterials/Substrate/Glints2/dict_0002_0063.uasset" 7911
"../../../Engine/Content/EngineMaterials/Substrate/Glints2/dict_0002_0064.uasset" 7912
"../../../Engine/Content/EngineMaterials/Substrate/Glints2/dict_0002_0065.uasset" 7913
"../../../Engine/Content/EngineMaterials/Substrate/Glints2/dict_0002_0066.uasset" 7914
"../../../Engine/Content/EngineMaterials/Substrate/Glints2/dict_0002_0067.uasset" 7915
"/Engine/EngineMaterials/Substrate/Glints2/dict_0002_0051" 7916
"../../../Engine/Content/EngineMaterials/Substrate/Glints2/dict_0002_0068.uasset" 7917
"../../../Engine/Content/EngineMaterials/Substrate/Glints2/dict_0002_0069.uasset" 7918
"../../../Engine/Content/EngineMaterials/Substrate/Glints2/dict_0002_0071.uasset" 7919
"../../../Engine/Content/EngineMaterials/Substrate/Glints2/dict_0002_0070.uasset" 7920
"../../../Engine/Content/EngineMaterials/Substrate/Glints2/dict_0002_0073.uasset" 7921
"../../../Engine/Content/EngineMaterials/Substrate/Glints2/dict_0002_0072.uasset" 7922
"/Engine/EngineMaterials/Substrate/Glints2/dict_0002_0050" 7923
"../../../Engine/Content/EngineMaterials/Substrate/Glints2/dict_0002_0074.uasset" 7924
"/Engine/EngineMaterials/Substrate/Glints2/dict_0002_0049" 7925
"/Engine/EngineMaterials/Substrate/Glints2/dict_0002_0048" 7926
"/Engine/EngineMaterials/Substrate/Glints2/dict_0002_0047" 7927
"/Engine/EngineMaterials/Substrate/Glints2/dict_0002_0046" 7928
"/Engine/EngineMaterials/Substrate/Glints2/dict_0002_0045" 7929
"/Engine/EngineMaterials/Substrate/Glints2/dict_0002_0044" 7930
"/Engine/EngineMaterials/Substrate/Glints2/dict_0002_0043" 7931
"../../../Engine/Content/EngineMaterials/Substrate/Glints2/dict_0002_0075.uasset" 7932
"../../../Engine/Content/EngineMaterials/Substrate/Glints2/dict_0002_0078.uasset" 7933
"../../../Engine/Content/EngineMaterials/Substrate/Glints2/dict_0002_0077.uasset" 7934
"../../../Engine/Content/EngineMaterials/Substrate/Glints2/dict_0002_0076.uasset" 7935
"/Engine/EngineMaterials/Substrate/Glints2/dict_0002_0074" 7936
"../../../Engine/Content/EngineMaterials/Substrate/Glints2/dict_0002_0079.uasset" 7937
"../../../Engine/Content/EngineMaterials/Substrate/Glints2/dict_0002_0080.uasset" 7938
"../../../Engine/Content/EngineMaterials/Substrate/Glints2/dict_0002_0081.uasset" 7939
"../../../Engine/Content/EngineMaterials/Substrate/Glints2/dict_0002_0082.uasset" 7940
"../../../Engine/Content/EngineMaterials/Substrate/Glints2/dict_0002_0084.uasset" 7941
"../../../Engine/Content/EngineMaterials/Substrate/Glints2/dict_0002_0083.uasset" 7942
"../../../Engine/Content/EngineMaterials/Substrate/Glints2/dict_0002_0085.uasset" 7943
"/Engine/EngineMaterials/Substrate/Glints2/dict_0002_0073" 7944
"/Engine/EngineMaterials/Substrate/Glints2/dict_0002_0072" 7945
"/Engine/EngineMaterials/Substrate/Glints2/dict_0002_0071" 7946
"/Engine/EngineMaterials/Substrate/Glints2/dict_0002_0070" 7947
"/Engine/EngineMaterials/Substrate/Glints2/dict_0002_0069" 7948
"/Engine/EngineMaterials/Substrate/Glints2/dict_0002_0068" 7949
"/Engine/EngineMaterials/Substrate/Glints2/dict_0002_0067" 7950
"/Engine/EngineMaterials/Substrate/Glints2/dict_0002_0066" 7951
"/Engine/EngineMaterials/Substrate/Glints2/dict_0002_0065" 7952
"/Engine/EngineMaterials/Substrate/Glints2/dict_0002_0064" 7953
"/Engine/EngineMaterials/Substrate/Glints2/dict_0002_0063" 7954
"/Engine/EngineMaterials/Substrate/Glints2/dict_0002_0062" 7955
"/Engine/EngineMaterials/Substrate/Glints2/dict_0002_0061" 7956
"/Engine/EngineMaterials/Substrate/Glints2/dict_0002_0060" 7957
"/Engine/EngineMaterials/Substrate/Glints2/dict_0002_0059" 7958
"/Engine/EngineMaterials/Substrate/Glints2/dict_0002_0058" 7959
"/Engine/EngineMaterials/Substrate/Glints2/dict_0002_0057" 7960
"/Engine/EngineMaterials/Substrate/Glints2/dict_0002_0056" 7961
"/Engine/EngineMaterials/Substrate/Glints2/dict_0002_0055" 7962
"/Engine/EngineMaterials/Substrate/Glints2/dict_0002_0054" 7963
"../../../Engine/Content/EngineMaterials/Substrate/Glints2/dict_0002_0091.uasset" 7964
"/Engine/EngineMaterials/Substrate/Glints2/dict_0002_0085" 7965
"../../../Engine/Content/EngineMaterials/Substrate/Glints2/dict_0002_0086.uasset" 7966
"../../../Engine/Content/EngineMaterials/Substrate/Glints2/dict_0002_0089.uasset" 7967
"../../../Engine/Content/EngineMaterials/Substrate/Glints2/dict_0002_0088.uasset" 7968
"../../../Engine/Content/EngineMaterials/Substrate/Glints2/dict_0002_0090.uasset" 7969
"../../../Engine/Content/EngineMaterials/Substrate/Glints2/dict_0002_0087.uasset" 7970
"/Engine/EngineMaterials/Substrate/Glints2/dict_0002_0084" 7971
"../../../Engine/Content/EngineMaterials/Substrate/Glints2/dict_0002_0093.uasset" 7972
"../../../Engine/Content/EngineMaterials/Substrate/Glints2/dict_0002_0095.uasset" 7973
"../../../Engine/Content/EngineMaterials/Substrate/Glints2/dict_0002_0094.uasset" 7974
"../../../Engine/Content/EngineMaterials/Substrate/Glints2/dict_0002_0096.uasset" 7975
"../../../Engine/Content/EngineMaterials/Substrate/Glints2/dict_0002_0097.uasset" 7976
"../../../Engine/Content/EngineMaterials/Substrate/Glints2/dict_0002_0092.uasset" 7977
"../../../Engine/Content/EngineMaterials/Substrate/Glints2/dict_0002_0099.uasset" 7978
"../../../Engine/Content/EngineMaterials/Substrate/Glints2/dict_0002_0098.uasset" 7979
"/Engine/EngineMaterials/Substrate/Glints2/dict_0002_0083" 7980
"../../../Engine/Content/EngineMaterials/Substrate/Glints2/dict_0002_0100.uasset" 7981
"../../../Engine/Content/EngineMaterials/Substrate/Glints2/dict_0002_0101.uasset" 7982
"../../../Engine/Content/EngineMaterials/Substrate/Glints2/dict_0002_0102.uasset" 7983
"../../../Engine/Content/EngineMaterials/Substrate/Glints2/dict_0002_0103.uasset" 7984
"../../../Engine/Content/EngineMaterials/Substrate/Glints2/dict_0002_0104.uasset" 7985
"../../../Engine/Content/EngineMaterials/Substrate/Glints2/dict_0002_0105.uasset" 7986
"../../../Engine/Content/EngineMaterials/Substrate/Glints2/dict_0002_0106.uasset" 7987
"/Engine/EngineMaterials/Substrate/Glints2/dict_0002_0082" 7988
"/Engine/EngineMaterials/Substrate/Glints2/dict_0002_0081" 7989
"/Engine/EngineMaterials/Substrate/Glints2/dict_0002_0080" 7990
"/Engine/EngineMaterials/Substrate/Glints2/dict_0002_0079" 7991
"/Engine/EngineMaterials/Substrate/Glints2/dict_0002_0078" 7992
"/Engine/EngineMaterials/Substrate/Glints2/dict_0002_0077" 7993
"/Engine/EngineMaterials/Substrate/Glints2/dict_0002_0076" 7994
"/Engine/EngineMaterials/Substrate/Glints2/dict_0002_0075" 7995
"../../../Engine/Content/EngineMaterials/Substrate/Glints2/dict_0002_0111.uasset" 7996
"../../../Engine/Content/EngineMaterials/Substrate/Glints2/dict_0002_0108.uasset" 7997
"../../../Engine/Content/EngineMaterials/Substrate/Glints2/dict_0002_0107.uasset" 7998
"../../../Engine/Content/EngineMaterials/Substrate/Glints2/dict_0002_0110.uasset" 7999
"/Engine/EngineMaterials/Substrate/Glints2/dict_0002_0106" 8000
"../../../Engine/Content/EngineMaterials/Substrate/Glints2/dict_0002_0109.uasset" 8001
"../../../Engine/Content/EngineMaterials/Substrate/Glints2/dict_0002_0112.uasset" 8002
"../../../Engine/Content/EngineMaterials/Substrate/Glints2/dict_0002_0114.uasset" 8003
"../../../Engine/Content/EngineMaterials/Substrate/Glints2/dict_0002_0116.uasset" 8004
"../../../Engine/Content/EngineMaterials/Substrate/Glints2/dict_0002_0117.uasset" 8005
"../../../Engine/Content/EngineMaterials/Substrate/Glints2/dict_0002_0115.uasset" 8006
"/Engine/EngineMaterials/Substrate/Glints2/dict_0002_0105" 8007
"../../../Engine/Content/EngineMaterials/Substrate/Glints2/dict_0002_0113.uasset" 8008
"/Engine/EngineMaterials/Substrate/Glints2/dict_0002_0104" 8009
"/Engine/EngineMaterials/Substrate/Glints2/dict_0002_0103" 8010
"/Engine/EngineMaterials/Substrate/Glints2/dict_0002_0102" 8011
"/Engine/EngineMaterials/Substrate/Glints2/dict_0002_0101" 8012
"/Engine/EngineMaterials/Substrate/Glints2/dict_0002_0100" 8013
"/Engine/EngineMaterials/Substrate/Glints2/dict_0002_0099" 8014
"/Engine/EngineMaterials/Substrate/Glints2/dict_0002_0098" 8015
"/Engine/EngineMaterials/Substrate/Glints2/dict_0002_0097" 8016
"/Engine/EngineMaterials/Substrate/Glints2/dict_0002_0096" 8017
"/Engine/EngineMaterials/Substrate/Glints2/dict_0002_0095" 8018
"/Engine/EngineMaterials/Substrate/Glints2/dict_0002_0094" 8019
"/Engine/EngineMaterials/Substrate/Glints2/dict_0002_0093" 8020
"/Engine/EngineMaterials/Substrate/Glints2/dict_0002_0092" 8021
"/Engine/EngineMaterials/Substrate/Glints2/dict_0002_0091" 8022
"/Engine/EngineMaterials/Substrate/Glints2/dict_0002_0090" 8023
"/Engine/EngineMaterials/Substrate/Glints2/dict_0002_0089" 8024
"/Engine/EngineMaterials/Substrate/Glints2/dict_0002_0088" 8025
"/Engine/EngineMaterials/Substrate/Glints2/dict_0002_0087" 8026
"/Engine/EngineMaterials/Substrate/Glints2/dict_0002_0086" 8027
"../../../Engine/Content/EngineMaterials/Substrate/Glints2/dict_0002_0118.uasset" 8028
"../../../Engine/Content/EngineMaterials/Substrate/Glints2/dict_0002_0120.uasset" 8029
"../../../Engine/Content/EngineMaterials/Substrate/Glints2/dict_0002_0123.uasset" 8030
"../../../Engine/Content/EngineMaterials/Substrate/Glints2/dict_0002_0121.uasset" 8031
"../../../Engine/Content/EngineMaterials/Substrate/Glints2/dict_0002_0119.uasset" 8032
"../../../Engine/Content/EngineMaterials/Substrate/Glints2/dict_0002_0122.uasset" 8033
"/Engine/EngineMaterials/Substrate/Glints2/dict_0002_0117" 8034
"../../../Engine/Content/EngineMaterials/Substrate/Glints2/dict_0002_0124.uasset" 8035
"../../../Engine/Content/EngineMaterials/Substrate/Glints2/dict_0002_0126.uasset" 8036
"../../../Engine/Content/EngineMaterials/Substrate/Glints2/dict_0002_0128.uasset" 8037
"../../../Engine/Content/EngineMaterials/Substrate/Glints2/dict_0002_0125.uasset" 8038
"../../../Engine/Content/EngineMaterials/Substrate/Glints2/dict_0002_0127.uasset" 8039
"../../../Engine/Content/EngineMaterials/Substrate/Glints2/dict_0002_0129.uasset" 8040
"/Engine/EngineMaterials/Substrate/Glints2/dict_0002_0116" 8041
"../../../Engine/Content/EngineMaterials/Substrate/Glints2/dict_0002_0130.uasset" 8042
"../../../Engine/Content/EngineMaterials/Substrate/Glints2/dict_0002_0131.uasset" 8043
"../../../Engine/Content/EngineMaterials/Substrate/Glints2/dict_0002_0132.uasset" 8044
"../../../Engine/Content/EngineMaterials/Substrate/Glints2/dict_0002_0133.uasset" 8045
"../../../Engine/Content/EngineMaterials/Substrate/Glints2/dict_0002_0134.uasset" 8046
"../../../Engine/Content/EngineMaterials/Substrate/Glints2/dict_0002_0135.uasset" 8047
"/Engine/EngineMaterials/Substrate/Glints2/dict_0002_0115" 8048
"../../../Engine/Content/EngineMaterials/Substrate/Glints2/dict_0002_0136.uasset" 8049
"../../../Engine/Content/EngineMaterials/Substrate/Glints2/dict_0002_0137.uasset" 8050
"../../../Engine/Content/EngineMaterials/Substrate/Glints2/dict_0002_0138.uasset" 8051
"/Engine/EngineMaterials/Substrate/Glints2/dict_0002_0114" 8052
"/Engine/EngineMaterials/Substrate/Glints2/dict_0002_0113" 8053
"/Engine/EngineMaterials/Substrate/Glints2/dict_0002_0112" 8054
"/Engine/EngineMaterials/Substrate/Glints2/dict_0002_0111" 8055
"/Engine/EngineMaterials/Substrate/Glints2/dict_0002_0110" 8056
"/Engine/EngineMaterials/Substrate/Glints2/dict_0002_0109" 8057
"/Engine/EngineMaterials/Substrate/Glints2/dict_0002_0108" 8058
"/Engine/EngineMaterials/Substrate/Glints2/dict_0002_0107" 8059
"../../../Engine/Content/EngineMaterials/Substrate/Glints2/dict_0002_0140.uasset" 8060
"../../../Engine/Content/EngineMaterials/Substrate/Glints2/dict_0002_0142.uasset" 8061
"../../../Engine/Content/EngineMaterials/Substrate/Glints2/dict_0002_0143.uasset" 8062
"../../../Engine/Content/EngineMaterials/Substrate/Glints2/dict_0002_0144.uasset" 8063
"../../../Engine/Content/EngineMaterials/Substrate/Glints2/dict_0002_0139.uasset" 8064
"/Engine/EngineMaterials/Substrate/Glints2/dict_0002_0138" 8065
"../../../Engine/Content/EngineMaterials/Substrate/Glints2/dict_0002_0141.uasset" 8066
"../../../Engine/Content/EngineMaterials/Substrate/Glints2/dict_0002_0145.uasset" 8067
"../../../Engine/Content/EngineMaterials/Substrate/Glints2/dict_0002_0146.uasset" 8068
"/Engine/EngineMaterials/Substrate/Glints2/dict_0002_0137" 8069
"../../../Engine/Content/EngineMaterials/Substrate/Glints2/dict_0002_0147.uasset" 8070
"../../../Engine/Content/EngineMaterials/Substrate/Glints2/dict_0002_0148.uasset" 8071
"../../../Engine/Content/EngineMaterials/Substrate/Glints2/dict_0002_0149.uasset" 8072
"/Engine/EngineMaterials/Substrate/Glints2/dict_0002_0136" 8073
"/Engine/EngineMaterials/Substrate/Glints2/dict_0002_0135" 8074
"/Engine/EngineMaterials/Substrate/Glints2/dict_0002_0134" 8075
"/Engine/EngineMaterials/Substrate/Glints2/dict_0002_0133" 8076
"/Engine/EngineMaterials/Substrate/Glints2/dict_0002_0132" 8077
"/Engine/EngineMaterials/Substrate/Glints2/dict_0002_0131" 8078
"/Engine/EngineMaterials/Substrate/Glints2/dict_0002_0130" 8079
"/Engine/EngineMaterials/Substrate/Glints2/dict_0002_0129" 8080
"/Engine/EngineMaterials/Substrate/Glints2/dict_0002_0128" 8081
"/Engine/EngineMaterials/Substrate/Glints2/dict_0002_0127" 8082
"/Engine/EngineMaterials/Substrate/Glints2/dict_0002_0126" 8083
"/Engine/EngineMaterials/Substrate/Glints2/dict_0002_0125" 8084
"/Engine/EngineMaterials/Substrate/Glints2/dict_0002_0124" 8085
"/Engine/EngineMaterials/Substrate/Glints2/dict_0002_0123" 8086
"/Engine/EngineMaterials/Substrate/Glints2/dict_0002_0122" 8087
"/Engine/EngineMaterials/Substrate/Glints2/dict_0002_0121" 8088
"/Engine/EngineMaterials/Substrate/Glints2/dict_0002_0120" 8089
"/Engine/EngineMaterials/Substrate/Glints2/dict_0002_0119" 8090
"/Engine/EngineMaterials/Substrate/Glints2/dict_0002_0118" 8091
"../../../Engine/Content/EngineMaterials/Substrate/Glints2/dict_0002_0153.uasset" 8092
"../../../Engine/Content/EngineMaterials/Substrate/Glints2/dict_0002_0150.uasset" 8093
"../../../Engine/Content/EngineMaterials/Substrate/Glints2/dict_0002_0154.uasset" 8094
"/Engine/EngineMaterials/Substrate/Glints2/dict_0002_0149" 8095
"../../../Engine/Content/EngineMaterials/Substrate/Glints2/dict_0002_0152.uasset" 8096
"../../../Engine/Content/EngineMaterials/Substrate/Glints2/dict_0002_0155.uasset" 8097
"../../../Engine/Content/EngineMaterials/Substrate/Glints2/dict_0002_0151.uasset" 8098
"/Engine/EngineMaterials/Substrate/Glints2/dict_0002_0148" 8099
"../../../Engine/Content/EngineMaterials/Substrate/Glints2/dict_0002_0156.uasset" 8100
"../../../Engine/Content/EngineMaterials/Substrate/Glints2/dict_0002_0158.uasset" 8101
"../../../Engine/Content/EngineMaterials/Substrate/Glints2/dict_0002_0160.uasset" 8102
"../../../Engine/Content/EngineMaterials/Substrate/Glints2/dict_0002_0161.uasset" 8103
"../../../Engine/Content/EngineMaterials/Substrate/Glints2/dict_0002_0157.uasset" 8104
"../../../Engine/Content/EngineMaterials/Substrate/Glints2/dict_0002_0159.uasset" 8105
"/Engine/EngineMaterials/Substrate/Glints2/dict_0002_0147" 8106
"../../../Engine/Content/EngineMaterials/Substrate/Glints2/dict_0002_0162.uasset" 8107
"../../../Engine/Content/EngineMaterials/Substrate/Glints2/dict_0002_0163.uasset" 8108
"../../../Engine/Content/EngineMaterials/Substrate/Glints2/dict_0002_0164.uasset" 8109
"../../../Engine/Content/EngineMaterials/Substrate/Glints2/dict_0002_0165.uasset" 8110
"../../../Engine/Content/EngineMaterials/Substrate/Glints2/dict_0002_0166.uasset" 8111
"../../../Engine/Content/EngineMaterials/Substrate/Glints2/dict_0002_0167.uasset" 8112
"../../../Engine/Content/EngineMaterials/Substrate/Glints2/dict_0002_0168.uasset" 8113
"/Engine/EngineMaterials/Substrate/Glints2/dict_0002_0146" 8114
"../../../Engine/Content/EngineMaterials/Substrate/Glints2/dict_0002_0169.uasset" 8115
"../../../Engine/Content/EngineMaterials/Substrate/Glints2/dict_0002_0170.uasset" 8116
"/Engine/EngineMaterials/Substrate/Glints2/dict_0002_0145" 8117
"/Engine/EngineMaterials/Substrate/Glints2/dict_0002_0144" 8118
"/Engine/EngineMaterials/Substrate/Glints2/dict_0002_0143" 8119
"/Engine/EngineMaterials/Substrate/Glints2/dict_0002_0142" 8120
"/Engine/EngineMaterials/Substrate/Glints2/dict_0002_0141" 8121
"/Engine/EngineMaterials/Substrate/Glints2/dict_0002_0140" 8122
"/Engine/EngineMaterials/Substrate/Glints2/dict_0002_0139" 8123
"../../../Engine/Content/EngineMaterials/Substrate/Glints2/dict_0002_0174.uasset" 8124
"../../../Engine/Content/EngineMaterials/Substrate/Glints2/dict_0002_0172.uasset" 8125
"../../../Engine/Content/EngineMaterials/Substrate/Glints2/dict_0002_0173.uasset" 8126
"../../../Engine/Content/EngineMaterials/Substrate/Glints2/dict_0002_0171.uasset" 8127
"../../../Engine/Content/EngineMaterials/Substrate/Glints2/dict_0002_0175.uasset" 8128
"../../../Engine/Content/EngineMaterials/Substrate/Glints2/dict_0002_0176.uasset" 8129
"/Engine/EngineMaterials/Substrate/Glints2/dict_0002_0170" 8130
"../../../Engine/Content/EngineMaterials/Substrate/Glints2/dict_0002_0177.uasset" 8131
"../../../Engine/Content/EngineMaterials/Substrate/Glints2/dict_0002_0179.uasset" 8132
"../../../Engine/Content/EngineMaterials/Substrate/Glints2/dict_0002_0178.uasset" 8133
"../../../Engine/Content/EngineMaterials/Substrate/Glints2/dict_0002_0180.uasset" 8134
"../../../Engine/Content/EngineMaterials/Substrate/Glints2/dict_0002_0181.uasset" 8135
"/Engine/EngineMaterials/Substrate/Glints2/dict_0002_0169" 8136
"/Engine/EngineMaterials/Substrate/Glints2/dict_0002_0168" 8137
"/Engine/EngineMaterials/Substrate/Glints2/dict_0002_0167" 8138
"/Engine/EngineMaterials/Substrate/Glints2/dict_0002_0166" 8139
"/Engine/EngineMaterials/Substrate/Glints2/dict_0002_0165" 8140
"/Engine/EngineMaterials/Substrate/Glints2/dict_0002_0164" 8141
"/Engine/EngineMaterials/Substrate/Glints2/dict_0002_0163" 8142
"/Engine/EngineMaterials/Substrate/Glints2/dict_0002_0162" 8143
"/Engine/EngineMaterials/Substrate/Glints2/dict_0002_0161" 8144
"/Engine/EngineMaterials/Substrate/Glints2/dict_0002_0160" 8145
"/Engine/EngineMaterials/Substrate/Glints2/dict_0002_0159" 8146
"/Engine/EngineMaterials/Substrate/Glints2/dict_0002_0158" 8147
"/Engine/EngineMaterials/Substrate/Glints2/dict_0002_0157" 8148
"/Engine/EngineMaterials/Substrate/Glints2/dict_0002_0156" 8149
"/Engine/EngineMaterials/Substrate/Glints2/dict_0002_0155" 8150
"/Engine/EngineMaterials/Substrate/Glints2/dict_0002_0154" 8151
"/Engine/EngineMaterials/Substrate/Glints2/dict_0002_0153" 8152
"/Engine/EngineMaterials/Substrate/Glints2/dict_0002_0152" 8153
"/Engine/EngineMaterials/Substrate/Glints2/dict_0002_0151" 8154
"/Engine/EngineMaterials/Substrate/Glints2/dict_0002_0150" 8155
"../../../Engine/Content/EngineMaterials/Substrate/Glints2/dict_0002_0185.uasset" 8156
"../../../Engine/Content/EngineMaterials/Substrate/Glints2/dict_0002_0186.uasset" 8157
"../../../Engine/Content/EngineMaterials/Substrate/Glints2/dict_0002_0182.uasset" 8158
"../../../Engine/Content/EngineMaterials/Substrate/Glints2/dict_0002_0183.uasset" 8159
"../../../Engine/Content/EngineMaterials/Substrate/Glints2/dict_0002_0184.uasset" 8160
"../../../Engine/Content/EngineMaterials/Substrate/Glints2/dict_0002_0187.uasset" 8161
"/Engine/EngineMaterials/Substrate/Glints2/dict_0002_0181" 8162
"../../../Engine/Content/EngineMaterials/Substrate/Glints2/dict_0002_0189.uasset" 8163
"../../../Engine/Content/EngineMaterials/Substrate/Glints2/dict_0002_0188.uasset" 8164
"../../../Engine/Content/EngineMaterials/Substrate/Glints2/dict_0002_0190.uasset" 8165
"../../../Engine/Content/EngineMaterials/Substrate/Glints2/dict_0002_0192.uasset" 8166
"../../../Engine/Content/EngineMaterials/Substrate/Glints2/dict_0002_0193.uasset" 8167
"../../../Engine/Content/EngineMaterials/Substrate/Glints2/dict_0002_0191.uasset" 8168
"/Engine/EngineMaterials/Substrate/Glints2/dict_0002_0180" 8169
"../../../Engine/Content/EngineMaterials/Substrate/Glints2/dict_0002_0194.uasset" 8170
"../../../Engine/Content/EngineMaterials/Substrate/Glints2/dict_0002_0197.uasset" 8171
"../../../Engine/Content/EngineMaterials/Substrate/Glints2/dict_0002_0199.uasset" 8172
"../../../Engine/Content/EngineMaterials/Substrate/Glints2/dict_0002_0198.uasset" 8173
"../../../Engine/Content/EngineMaterials/Substrate/Glints2/dict_0002_0195.uasset" 8174
"../../../Engine/Content/EngineMaterials/Substrate/Glints2/dict_0002_0196.uasset" 8175
"/Engine/EngineMaterials/Substrate/Glints2/dict_0002_0179" 8176
"../../../Engine/Content/EngineMaterials/Substrate/Glints2/dict_0002_0200.uasset" 8177
"../../../Engine/Content/EngineMaterials/Substrate/Glints2/dict_0002_0202.uasset" 8178
"../../../Engine/Content/EngineMaterials/Substrate/Glints2/dict_0002_0201.uasset" 8179
"/Engine/EngineMaterials/Substrate/Glints2/dict_0002_0178" 8180
"/Engine/EngineMaterials/Substrate/Glints2/dict_0002_0177" 8181
"/Engine/EngineMaterials/Substrate/Glints2/dict_0002_0176" 8182
"/Engine/EngineMaterials/Substrate/Glints2/dict_0002_0175" 8183
"/Engine/EngineMaterials/Substrate/Glints2/dict_0002_0174" 8184
"/Engine/EngineMaterials/Substrate/Glints2/dict_0002_0173" 8185
"/Engine/EngineMaterials/Substrate/Glints2/dict_0002_0172" 8186
"/Engine/EngineMaterials/Substrate/Glints2/dict_0002_0171" 8187
"../../../Engine/Content/EngineMaterials/Substrate/Glints2/dict_0002_0207.uasset" 8188
"../../../Engine/Content/EngineMaterials/Substrate/Glints2/dict_0002_0205.uasset" 8189
"../../../Engine/Content/EngineMaterials/Substrate/Glints2/dict_0002_0208.uasset" 8190
"../../../Engine/Content/EngineMaterials/Substrate/Glints2/dict_0002_0203.uasset" 8191
"../../../Engine/Content/EngineMaterials/Substrate/Glints2/dict_0002_0204.uasset" 8192
"../../../Engine/Content/EngineMaterials/Substrate/Glints2/dict_0002_0206.uasset" 8193
"/Engine/EngineMaterials/Substrate/Glints2/dict_0002_0202" 8194
"../../../Engine/Content/EngineMaterials/Substrate/Glints2/dict_0002_0210.uasset" 8195
"../../../Engine/Content/EngineMaterials/Substrate/Glints2/dict_0002_0209.uasset" 8196
"../../../Engine/Content/EngineMaterials/Substrate/Glints2/dict_0002_0212.uasset" 8197
"../../../Engine/Content/EngineMaterials/Substrate/Glints2/dict_0002_0211.uasset" 8198
"../../../Engine/Content/EngineMaterials/Substrate/Glints2/dict_0002_0213.uasset" 8199
"/Engine/EngineMaterials/Substrate/Glints2/dict_0002_0201" 8200
"/Engine/EngineMaterials/Substrate/Glints2/dict_0002_0200" 8201
"/Engine/EngineMaterials/Substrate/Glints2/dict_0002_0199" 8202
"/Engine/EngineMaterials/Substrate/Glints2/dict_0002_0198" 8203
"/Engine/EngineMaterials/Substrate/Glints2/dict_0002_0197" 8204
"/Engine/EngineMaterials/Substrate/Glints2/dict_0002_0196" 8205
"/Engine/EngineMaterials/Substrate/Glints2/dict_0002_0195" 8206
"/Engine/EngineMaterials/Substrate/Glints2/dict_0002_0194" 8207
"/Engine/EngineMaterials/Substrate/Glints2/dict_0002_0193" 8208
"/Engine/EngineMaterials/Substrate/Glints2/dict_0002_0192" 8209
"/Engine/EngineMaterials/Substrate/Glints2/dict_0002_0191" 8210
"/Engine/EngineMaterials/Substrate/Glints2/dict_0002_0190" 8211
"/Engine/EngineMaterials/Substrate/Glints2/dict_0002_0189" 8212
"/Engine/EngineMaterials/Substrate/Glints2/dict_0002_0188" 8213
"/Engine/EngineMaterials/Substrate/Glints2/dict_0002_0187" 8214
"/Engine/EngineMaterials/Substrate/Glints2/dict_0002_0186" 8215
"/Engine/EngineMaterials/Substrate/Glints2/dict_0002_0185" 8216
"/Engine/EngineMaterials/Substrate/Glints2/dict_0002_0184" 8217
"/Engine/EngineMaterials/Substrate/Glints2/dict_0002_0183" 8218
"/Engine/EngineMaterials/Substrate/Glints2/dict_0002_0182" 8219
"../../../Engine/Content/EngineMaterials/Substrate/Glints2/dict_0002_0217.uasset" 8220
"../../../Engine/Content/EngineMaterials/Substrate/Glints2/dict_0002_0216.uasset" 8221
"/Engine/EngineMaterials/Substrate/Glints2/dict_0002_0213" 8222
"../../../Engine/Content/EngineMaterials/Substrate/Glints2/dict_0002_0218.uasset" 8223
"../../../Engine/Content/EngineMaterials/Substrate/Glints2/dict_0002_0215.uasset" 8224
"../../../Engine/Content/EngineMaterials/Substrate/Glints2/dict_0002_0214.uasset" 8225
"../../../Engine/Content/EngineMaterials/Substrate/Glints2/dict_0002_0219.uasset" 8226
"../../../Engine/Content/EngineMaterials/Substrate/Glints2/dict_0002_0220.uasset" 8227
"../../../Engine/Content/EngineMaterials/Substrate/Glints2/dict_0002_0221.uasset" 8228
"../../../Engine/Content/EngineMaterials/Substrate/Glints2/dict_0002_0223.uasset" 8229
"../../../Engine/Content/EngineMaterials/Substrate/Glints2/dict_0002_0222.uasset" 8230
"../../../Engine/Content/EngineMaterials/Substrate/Glints2/dict_0002_0224.uasset" 8231
"/Engine/EngineMaterials/Substrate/Glints2/dict_0002_0212" 8232
"../../../Engine/Content/EngineMaterials/Substrate/Glints2/dict_0002_0225.uasset" 8233
"../../../Engine/Content/EngineMaterials/Substrate/Glints2/dict_0002_0226.uasset" 8234
"../../../Engine/Content/EngineMaterials/Substrate/Glints2/dict_0002_0227.uasset" 8235
"../../../Engine/Content/EngineMaterials/Substrate/Glints2/dict_0002_0229.uasset" 8236
"../../../Engine/Content/EngineMaterials/Substrate/Glints2/dict_0002_0228.uasset" 8237
"../../../Engine/Content/EngineMaterials/Substrate/Glints2/dict_0002_0230.uasset" 8238
"/Engine/EngineMaterials/Substrate/Glints2/dict_0002_0211" 8239
"../../../Engine/Content/EngineMaterials/Substrate/Glints2/dict_0002_0231.uasset" 8240
"../../../Engine/Content/EngineMaterials/Substrate/Glints2/dict_0002_0232.uasset" 8241
"../../../Engine/Content/EngineMaterials/Substrate/Glints2/dict_0002_0233.uasset" 8242
"/Engine/EngineMaterials/Substrate/Glints2/dict_0002_0210" 8243
"../../../Engine/Content/EngineMaterials/Substrate/Glints2/dict_0002_0234.uasset" 8244
"/Engine/EngineMaterials/Substrate/Glints2/dict_0002_0209" 8245
"/Engine/EngineMaterials/Substrate/Glints2/dict_0002_0208" 8246
"/Engine/EngineMaterials/Substrate/Glints2/dict_0002_0207" 8247
"/Engine/EngineMaterials/Substrate/Glints2/dict_0002_0206" 8248
"/Engine/EngineMaterials/Substrate/Glints2/dict_0002_0205" 8249
"/Engine/EngineMaterials/Substrate/Glints2/dict_0002_0204" 8250
"/Engine/EngineMaterials/Substrate/Glints2/dict_0002_0203" 8251
"../../../Engine/Content/EngineMaterials/Substrate/Glints2/dict_0002_0240.uasset" 8252
"../../../Engine/Content/EngineMaterials/Substrate/Glints2/dict_0002_0236.uasset" 8253
"../../../Engine/Content/EngineMaterials/Substrate/Glints2/dict_0002_0238.uasset" 8254
"/Engine/EngineMaterials/Substrate/Glints2/dict_0002_0234" 8255
"../../../Engine/Content/EngineMaterials/Substrate/Glints2/dict_0002_0237.uasset" 8256
"../../../Engine/Content/EngineMaterials/Substrate/Glints2/dict_0002_0239.uasset" 8257
"../../../Engine/Content/EngineMaterials/Substrate/Glints2/dict_0002_0235.uasset" 8258
"/Engine/EngineMaterials/Substrate/Glints2/dict_0002_0233" 8259
"../../../Engine/Content/EngineMaterials/Substrate/Glints2/dict_0002_0242.uasset" 8260
"../../../Engine/Content/EngineMaterials/Substrate/Glints2/dict_0002_0241.uasset" 8261
"../../../Engine/Content/EngineMaterials/Substrate/Glints2/dict_0002_0245.uasset" 8262
"../../../Engine/Content/EngineMaterials/Substrate/Glints2/dict_0002_0244.uasset" 8263
"../../../Engine/Content/EngineMaterials/Substrate/Glints2/dict_0002_0243.uasset" 8264
"/Engine/EngineMaterials/Substrate/Glints2/dict_0002_0232" 8265
"/Engine/EngineMaterials/Substrate/Glints2/dict_0002_0231" 8266
"/Engine/EngineMaterials/Substrate/Glints2/dict_0002_0230" 8267
"/Engine/EngineMaterials/Substrate/Glints2/dict_0002_0229" 8268
"/Engine/EngineMaterials/Substrate/Glints2/dict_0002_0228" 8269
"/Engine/EngineMaterials/Substrate/Glints2/dict_0002_0227" 8270
"/Engine/EngineMaterials/Substrate/Glints2/dict_0002_0226" 8271
"/Engine/EngineMaterials/Substrate/Glints2/dict_0002_0225" 8272
"/Engine/EngineMaterials/Substrate/Glints2/dict_0002_0224" 8273
"/Engine/EngineMaterials/Substrate/Glints2/dict_0002_0223" 8274
"/Engine/EngineMaterials/Substrate/Glints2/dict_0002_0222" 8275
"/Engine/EngineMaterials/Substrate/Glints2/dict_0002_0221" 8276
"/Engine/EngineMaterials/Substrate/Glints2/dict_0002_0220" 8277
"/Engine/EngineMaterials/Substrate/Glints2/dict_0002_0219" 8278
"/Engine/EngineMaterials/Substrate/Glints2/dict_0002_0218" 8279
"/Engine/EngineMaterials/Substrate/Glints2/dict_0002_0217" 8280
"/Engine/EngineMaterials/Substrate/Glints2/dict_0002_0216" 8281
"/Engine/EngineMaterials/Substrate/Glints2/dict_0002_0215" 8282
"/Engine/EngineMaterials/Substrate/Glints2/dict_0002_0214" 8283
"../../../Engine/Content/EngineMaterials/Substrate/Glints2/dict_0002_0247.uasset" 8284
"../../../Engine/Content/EngineMaterials/Substrate/Glints2/dict_0002_0246.uasset" 8285
"../../../Engine/Content/EngineMaterials/Substrate/Glints2/dict_0002_0249.uasset" 8286
"../../../Engine/Content/EngineMaterials/Substrate/Glints2/dict_0002_0248.uasset" 8287
"../../../Engine/Content/EngineMaterials/Substrate/Glints2/dict_0002_0251.uasset" 8288
"/Engine/EngineMaterials/Substrate/Glints2/dict_0002_0245" 8289
"../../../Engine/Content/EngineMaterials/Substrate/Glints2/dict_0002_0250.uasset" 8290
"../../../Engine/Content/EngineMaterials/Substrate/Glints2/dict_0002_0253.uasset" 8291
"/Engine/EngineMaterials/Substrate/Glints2/dict_0002_0244" 8292
"../../../Engine/Content/EngineMaterials/Substrate/Glints2/dict_0002_0254.uasset" 8293
"../../../Engine/Content/EngineMaterials/Substrate/Glints2/dict_0002_0255.uasset" 8294
"../../../Engine/Content/EngineMaterials/Substrate/Glints2/dict_0002_0252.uasset" 8295
"../../../Engine/Content/EngineMaterials/Substrate/Glints2/dict_0003_0000.uasset" 8296
"../../../Engine/Content/EngineMaterials/Substrate/Glints2/dict_0003_0001.uasset" 8297
"../../../Engine/Content/EngineMaterials/Substrate/Glints2/dict_0003_0003.uasset" 8298
"../../../Engine/Content/EngineMaterials/Substrate/Glints2/dict_0003_0004.uasset" 8299
"/Engine/EngineMaterials/Substrate/Glints2/dict_0002_0243" 8300
"../../../Engine/Content/EngineMaterials/Substrate/Glints2/dict_0003_0002.uasset" 8301
"../../../Engine/Content/EngineMaterials/Substrate/Glints2/dict_0003_0005.uasset" 8302
"../../../Engine/Content/EngineMaterials/Substrate/Glints2/dict_0003_0006.uasset" 8303
"../../../Engine/Content/EngineMaterials/Substrate/Glints2/dict_0003_0007.uasset" 8304
"../../../Engine/Content/EngineMaterials/Substrate/Glints2/dict_0003_0008.uasset" 8305
"../../../Engine/Content/EngineMaterials/Substrate/Glints2/dict_0003_0009.uasset" 8306
"/Engine/EngineMaterials/Substrate/Glints2/dict_0002_0242" 8307
"../../../Engine/Content/EngineMaterials/Substrate/Glints2/dict_0003_0010.uasset" 8308
"/Engine/EngineMaterials/Substrate/Glints2/dict_0002_0241" 8309
"/Engine/EngineMaterials/Substrate/Glints2/dict_0002_0240" 8310
"/Engine/EngineMaterials/Substrate/Glints2/dict_0002_0239" 8311
"/Engine/EngineMaterials/Substrate/Glints2/dict_0002_0238" 8312
"/Engine/EngineMaterials/Substrate/Glints2/dict_0002_0237" 8313
"/Engine/EngineMaterials/Substrate/Glints2/dict_0002_0236" 8314
"/Engine/EngineMaterials/Substrate/Glints2/dict_0002_0235" 8315
"../../../Engine/Content/EngineMaterials/Substrate/Glints2/dict_0003_0013.uasset" 8316
"/Engine/EngineMaterials/Substrate/Glints2/dict_0003_0010" 8317
"../../../Engine/Content/EngineMaterials/Substrate/Glints2/dict_0003_0015.uasset" 8318
"../../../Engine/Content/EngineMaterials/Substrate/Glints2/dict_0003_0016.uasset" 8319
"../../../Engine/Content/EngineMaterials/Substrate/Glints2/dict_0003_0014.uasset" 8320
"../../../Engine/Content/EngineMaterials/Substrate/Glints2/dict_0003_0011.uasset" 8321
"../../../Engine/Content/EngineMaterials/Substrate/Glints2/dict_0003_0012.uasset" 8322
"/Engine/EngineMaterials/Substrate/Glints2/dict_0003_0009" 8323
"../../../Engine/Content/EngineMaterials/Substrate/Glints2/dict_0003_0017.uasset" 8324
"../../../Engine/Content/EngineMaterials/Substrate/Glints2/dict_0003_0018.uasset" 8325
"../../../Engine/Content/EngineMaterials/Substrate/Glints2/dict_0003_0019.uasset" 8326
"../../../Engine/Content/EngineMaterials/Substrate/Glints2/dict_0003_0020.uasset" 8327
"../../../Engine/Content/EngineMaterials/Substrate/Glints2/dict_0003_0021.uasset" 8328
"/Engine/EngineMaterials/Substrate/Glints2/dict_0003_0008" 8329
"/Engine/EngineMaterials/Substrate/Glints2/dict_0003_0007" 8330
"/Engine/EngineMaterials/Substrate/Glints2/dict_0003_0006" 8331
"/Engine/EngineMaterials/Substrate/Glints2/dict_0003_0005" 8332
"/Engine/EngineMaterials/Substrate/Glints2/dict_0003_0004" 8333
"/Engine/EngineMaterials/Substrate/Glints2/dict_0003_0003" 8334
"/Engine/EngineMaterials/Substrate/Glints2/dict_0003_0002" 8335
"/Engine/EngineMaterials/Substrate/Glints2/dict_0003_0001" 8336
"/Engine/EngineMaterials/Substrate/Glints2/dict_0003_0000" 8337
"/Engine/EngineMaterials/Substrate/Glints2/dict_0002_0255" 8338
"/Engine/EngineMaterials/Substrate/Glints2/dict_0002_0254" 8339
"/Engine/EngineMaterials/Substrate/Glints2/dict_0002_0253" 8340
"/Engine/EngineMaterials/Substrate/Glints2/dict_0002_0252" 8341
"/Engine/EngineMaterials/Substrate/Glints2/dict_0002_0251" 8342
"/Engine/EngineMaterials/Substrate/Glints2/dict_0002_0250" 8343
"/Engine/EngineMaterials/Substrate/Glints2/dict_0002_0249" 8344
"/Engine/EngineMaterials/Substrate/Glints2/dict_0002_0248" 8345
"/Engine/EngineMaterials/Substrate/Glints2/dict_0002_0247" 8346
"/Engine/EngineMaterials/Substrate/Glints2/dict_0002_0246" 8347
"/Engine/EngineMaterials/Substrate/Glints2/dict_0003_0021" 8348
"../../../Engine/Content/EngineMaterials/Substrate/Glints2/dict_0003_0022.uasset" 8349
"../../../Engine/Content/EngineMaterials/Substrate/Glints2/dict_0003_0025.uasset" 8350
"../../../Engine/Content/EngineMaterials/Substrate/Glints2/dict_0003_0026.uasset" 8351
"../../../Engine/Content/EngineMaterials/Substrate/Glints2/dict_0003_0023.uasset" 8352
"../../../Engine/Content/EngineMaterials/Substrate/Glints2/dict_0003_0027.uasset" 8353
"../../../Engine/Content/EngineMaterials/Substrate/Glints2/dict_0003_0024.uasset" 8354
"/Engine/EngineMaterials/Substrate/Glints2/dict_0003_0020" 8355
"/Engine/EngineMaterials/Substrate/Glints2/dict_0003_0019" 8356
"/Engine/EngineMaterials/Substrate/Glints2/dict_0003_0018" 8357
"/Engine/EngineMaterials/Substrate/Glints2/dict_0003_0017" 8358
"/Engine/EngineMaterials/Substrate/Glints2/dict_0003_0016" 8359
"/Engine/EngineMaterials/Substrate/Glints2/dict_0003_0015" 8360
"/Engine/EngineMaterials/Substrate/Glints2/dict_0003_0014" 8361
"/Engine/EngineMaterials/Substrate/Glints2/dict_0003_0013" 8362
"/Engine/EngineMaterials/Substrate/Glints2/dict_0003_0012" 8363
"/Engine/EngineMaterials/Substrate/Glints2/dict_0003_0011" 8364
"../../../Engine/Content/EngineMaterials/Substrate/Glints2/dict_0003_0032.uasset" 8365
"../../../Engine/Content/EngineMaterials/Substrate/Glints2/dict_0003_0028.uasset" 8366
"../../../Engine/Content/EngineMaterials/Substrate/Glints2/dict_0003_0029.uasset" 8367
"../../../Engine/Content/EngineMaterials/Substrate/Glints2/dict_0003_0033.uasset" 8368
"../../../Engine/Content/EngineMaterials/Substrate/Glints2/dict_0003_0031.uasset" 8369
"../../../Engine/Content/EngineMaterials/Substrate/Glints2/dict_0003_0030.uasset" 8370
"../../../Engine/Content/EngineMaterials/Substrate/Glints2/dict_0003_0034.uasset" 8371
"../../../Engine/Content/EngineMaterials/Substrate/Glints2/dict_0003_0035.uasset" 8372
"../../../Engine/Content/EngineMaterials/Substrate/Glints2/dict_0003_0036.uasset" 8373
"../../../Engine/Content/EngineMaterials/Substrate/Glints2/dict_0003_0037.uasset" 8374
"../../../Engine/Content/EngineMaterials/Substrate/Glints2/dict_0003_0038.uasset" 8375
"../../../Engine/Content/EngineMaterials/Substrate/Glints2/dict_0003_0039.uasset" 8376
"../../../Engine/Content/EngineMaterials/Substrate/Glints2/dict_0003_0040.uasset" 8377
"../../../Engine/Content/EngineMaterials/Substrate/Glints2/dict_0003_0042.uasset" 8378
"../../../Engine/Content/EngineMaterials/Substrate/Glints2/dict_0003_0041.uasset" 8379
"../../../Engine/Content/EngineMaterials/Substrate/Glints2/dict_0003_0043.uasset" 8380
"../../../Engine/Content/EngineMaterials/Substrate/Glints2/dict_0003_0044.uasset" 8381
"../../../Engine/Content/EngineMaterials/Substrate/Glints2/dict_0003_0045.uasset" 8382
"../../../Engine/Content/EngineMaterials/Substrate/Glints2/dict_0003_0047.uasset" 8383
"../../../Engine/Content/EngineMaterials/Substrate/Glints2/dict_0003_0048.uasset" 8384
"../../../Engine/Content/EngineMaterials/Substrate/Glints2/dict_0003_0049.uasset" 8385
"../../../Engine/Content/EngineMaterials/Substrate/Glints2/dict_0003_0046.uasset" 8386
"../../../Engine/Content/EngineMaterials/Substrate/Glints2/dict_0003_0050.uasset" 8387
"../../../Engine/Content/EngineMaterials/Substrate/Glints2/dict_0003_0051.uasset" 8388
"../../../Engine/Content/EngineMaterials/Substrate/Glints2/dict_0003_0052.uasset" 8389
"../../../Engine/Content/EngineMaterials/Substrate/Glints2/dict_0003_0053.uasset" 8390
"/Engine/EngineMaterials/Substrate/Glints2/dict_0003_0042" 8391
"/Engine/EngineMaterials/Substrate/Glints2/dict_0003_0041" 8392
"/Engine/EngineMaterials/Substrate/Glints2/dict_0003_0040" 8393
"/Engine/EngineMaterials/Substrate/Glints2/dict_0003_0039" 8394
"/Engine/EngineMaterials/Substrate/Glints2/dict_0003_0038" 8395
"/Engine/EngineMaterials/Substrate/Glints2/dict_0003_0037" 8396
"/Engine/EngineMaterials/Substrate/Glints2/dict_0003_0036" 8397
"/Engine/EngineMaterials/Substrate/Glints2/dict_0003_0035" 8398
"/Engine/EngineMaterials/Substrate/Glints2/dict_0003_0034" 8399
"/Engine/EngineMaterials/Substrate/Glints2/dict_0003_0033" 8400
"/Engine/EngineMaterials/Substrate/Glints2/dict_0003_0032" 8401
"/Engine/EngineMaterials/Substrate/Glints2/dict_0003_0031" 8402
"/Engine/EngineMaterials/Substrate/Glints2/dict_0003_0030" 8403
"/Engine/EngineMaterials/Substrate/Glints2/dict_0003_0029" 8404
"/Engine/EngineMaterials/Substrate/Glints2/dict_0003_0053" 8405
"/Engine/EngineMaterials/Substrate/Glints2/dict_0003_0052" 8406
"/Engine/EngineMaterials/Substrate/Glints2/dict_0003_0051" 8407
"/Engine/EngineMaterials/Substrate/Glints2/dict_0003_0050" 8408
"/Engine/EngineMaterials/Substrate/Glints2/dict_0003_0049" 8409
"/Engine/EngineMaterials/Substrate/Glints2/dict_0003_0028" 8410
"/Engine/EngineMaterials/Substrate/Glints2/dict_0003_0027" 8411
"/Engine/EngineMaterials/Substrate/Glints2/dict_0003_0026" 8412
"/Engine/EngineMaterials/Substrate/Glints2/dict_0003_0025" 8413
"/Engine/EngineMaterials/Substrate/Glints2/dict_0003_0024" 8414
"/Engine/EngineMaterials/Substrate/Glints2/dict_0003_0023" 8415
"/Engine/EngineMaterials/Substrate/Glints2/dict_0003_0048" 8416
"/Engine/EngineMaterials/Substrate/Glints2/dict_0003_0047" 8417
"/Engine/EngineMaterials/Substrate/Glints2/dict_0003_0046" 8418
"/Engine/EngineMaterials/Substrate/Glints2/dict_0003_0045" 8419
"/Engine/EngineMaterials/Substrate/Glints2/dict_0003_0044" 8420
"/Engine/EngineMaterials/Substrate/Glints2/dict_0003_0043" 8421
"/Engine/EngineMaterials/Substrate/Glints2/dict_0003_0022" 8422
"../../../Engine/Content/EngineMaterials/Substrate/Glints2/dict_0003_0054.uasset" 8423
"../../../Engine/Content/EngineMaterials/Substrate/Glints2/dict_0003_0055.uasset" 8424
"../../../Engine/Content/EngineMaterials/Substrate/Glints2/dict_0003_0056.uasset" 8425
"../../../Engine/Content/EngineMaterials/Substrate/Glints2/dict_0003_0057.uasset" 8426
"../../../Engine/Content/EngineMaterials/Substrate/Glints2/dict_0003_0058.uasset" 8427
"../../../Engine/Content/EngineMaterials/Substrate/Glints2/dict_0003_0059.uasset" 8428
"../../../Engine/Content/EngineMaterials/Substrate/Glints2/dict_0003_0060.uasset" 8429
"../../../Engine/Content/EngineMaterials/Substrate/Glints2/dict_0003_0061.uasset" 8430
"../../../Engine/Content/EngineMaterials/Substrate/Glints2/dict_0003_0062.uasset" 8431
"../../../Engine/Content/EngineMaterials/Substrate/Glints2/dict_0003_0063.uasset" 8432
"../../../Engine/Content/EngineMaterials/Substrate/Glints2/dict_0003_0064.uasset" 8433
"../../../Engine/Content/EngineMaterials/Substrate/Glints2/dict_0003_0065.uasset" 8434
"../../../Engine/Content/EngineMaterials/Substrate/Glints2/dict_0003_0066.uasset" 8435
"../../../Engine/Content/EngineMaterials/Substrate/Glints2/dict_0003_0067.uasset" 8436
"../../../Engine/Content/EngineMaterials/Substrate/Glints2/dict_0003_0068.uasset" 8437
"../../../Engine/Content/EngineMaterials/Substrate/Glints2/dict_0003_0069.uasset" 8438
"../../../Engine/Content/EngineMaterials/Substrate/Glints2/dict_0003_0070.uasset" 8439
"../../../Engine/Content/EngineMaterials/Substrate/Glints2/dict_0003_0071.uasset" 8440
"../../../Engine/Content/EngineMaterials/Substrate/Glints2/dict_0003_0072.uasset" 8441
"../../../Engine/Content/EngineMaterials/Substrate/Glints2/dict_0003_0073.uasset" 8442
"../../../Engine/Content/EngineMaterials/Substrate/Glints2/dict_0003_0075.uasset" 8443
"../../../Engine/Content/EngineMaterials/Substrate/Glints2/dict_0003_0076.uasset" 8444
"../../../Engine/Content/EngineMaterials/Substrate/Glints2/dict_0003_0074.uasset" 8445
"../../../Engine/Content/EngineMaterials/Substrate/Glints2/dict_0003_0077.uasset" 8446
"../../../Engine/Content/EngineMaterials/Substrate/Glints2/dict_0003_0078.uasset" 8447
"../../../Engine/Content/EngineMaterials/Substrate/Glints2/dict_0003_0079.uasset" 8448
"../../../Engine/Content/EngineMaterials/Substrate/Glints2/dict_0003_0080.uasset" 8449
"../../../Engine/Content/EngineMaterials/Substrate/Glints2/dict_0003_0081.uasset" 8450
"../../../Engine/Content/EngineMaterials/Substrate/Glints2/dict_0003_0082.uasset" 8451
"../../../Engine/Content/EngineMaterials/Substrate/Glints2/dict_0003_0083.uasset" 8452
"../../../Engine/Content/EngineMaterials/Substrate/Glints2/dict_0003_0084.uasset" 8453
"../../../Engine/Content/EngineMaterials/Substrate/Glints2/dict_0003_0085.uasset" 8454
"/Engine/EngineMaterials/Substrate/Glints2/dict_0003_0085" 8455
"/Engine/EngineMaterials/Substrate/Glints2/dict_0003_0084" 8456
"/Engine/EngineMaterials/Substrate/Glints2/dict_0003_0083" 8457
"/Engine/EngineMaterials/Substrate/Glints2/dict_0003_0082" 8458
"/Engine/EngineMaterials/Substrate/Glints2/dict_0003_0081" 8459
"/Engine/EngineMaterials/Substrate/Glints2/dict_0003_0080" 8460
"/Engine/EngineMaterials/Substrate/Glints2/dict_0003_0079" 8461
"/Engine/EngineMaterials/Substrate/Glints2/dict_0003_0078" 8462
"/Engine/EngineMaterials/Substrate/Glints2/dict_0003_0077" 8463
"/Engine/EngineMaterials/Substrate/Glints2/dict_0003_0076" 8464
"/Engine/EngineMaterials/Substrate/Glints2/dict_0003_0075" 8465
"/Engine/EngineMaterials/Substrate/Glints2/dict_0003_0074" 8466
"/Engine/EngineMaterials/Substrate/Glints2/dict_0003_0073" 8467
"/Engine/EngineMaterials/Substrate/Glints2/dict_0003_0072" 8468
"/Engine/EngineMaterials/Substrate/Glints2/dict_0003_0071" 8469
"/Engine/EngineMaterials/Substrate/Glints2/dict_0003_0070" 8470
"/Engine/EngineMaterials/Substrate/Glints2/dict_0003_0069" 8471
"/Engine/EngineMaterials/Substrate/Glints2/dict_0003_0068" 8472
"/Engine/EngineMaterials/Substrate/Glints2/dict_0003_0067" 8473
"/Engine/EngineMaterials/Substrate/Glints2/dict_0003_0066" 8474
"/Engine/EngineMaterials/Substrate/Glints2/dict_0003_0065" 8475
"/Engine/EngineMaterials/Substrate/Glints2/dict_0003_0064" 8476
"/Engine/EngineMaterials/Substrate/Glints2/dict_0003_0063" 8477
"/Engine/EngineMaterials/Substrate/Glints2/dict_0003_0062" 8478
"/Engine/EngineMaterials/Substrate/Glints2/dict_0003_0061" 8479
"/Engine/EngineMaterials/Substrate/Glints2/dict_0003_0060" 8480
"/Engine/EngineMaterials/Substrate/Glints2/dict_0003_0059" 8481
"/Engine/EngineMaterials/Substrate/Glints2/dict_0003_0058" 8482
"/Engine/EngineMaterials/Substrate/Glints2/dict_0003_0057" 8483
"/Engine/EngineMaterials/Substrate/Glints2/dict_0003_0056" 8484
"/Engine/EngineMaterials/Substrate/Glints2/dict_0003_0055" 8485
"/Engine/EngineMaterials/Substrate/Glints2/dict_0003_0054" 8486
"../../../Engine/Content/EngineMaterials/Substrate/Glints2/dict_0003_0086.uasset" 8487
"../../../Engine/Content/EngineMaterials/Substrate/Glints2/dict_0003_0087.uasset" 8488
"../../../Engine/Content/EngineMaterials/Substrate/Glints2/dict_0003_0089.uasset" 8489
"../../../Engine/Content/EngineMaterials/Substrate/Glints2/dict_0003_0088.uasset" 8490
"../../../Engine/Content/EngineMaterials/Substrate/Glints2/dict_0003_0090.uasset" 8491
"../../../Engine/Content/EngineMaterials/Substrate/Glints2/dict_0003_0091.uasset" 8492
"../../../Engine/Content/EngineMaterials/Substrate/Glints2/dict_0003_0092.uasset" 8493
"../../../Engine/Content/EngineMaterials/Substrate/Glints2/dict_0003_0093.uasset" 8494
"../../../Engine/Content/EngineMaterials/Substrate/Glints2/dict_0003_0094.uasset" 8495
"../../../Engine/Content/EngineMaterials/Substrate/Glints2/dict_0003_0095.uasset" 8496
"../../../Engine/Content/EngineMaterials/Substrate/Glints2/dict_0003_0096.uasset" 8497
"../../../Engine/Content/EngineMaterials/Substrate/Glints2/dict_0003_0097.uasset" 8498
"../../../Engine/Content/EngineMaterials/Substrate/Glints2/dict_0003_0098.uasset" 8499
"../../../Engine/Content/EngineMaterials/Substrate/Glints2/dict_0003_0099.uasset" 8500
"../../../Engine/Content/EngineMaterials/Substrate/Glints2/dict_0003_0101.uasset" 8501
"../../../Engine/Content/EngineMaterials/Substrate/Glints2/dict_0003_0100.uasset" 8502
"../../../Engine/Content/EngineMaterials/Substrate/Glints2/dict_0003_0102.uasset" 8503
"../../../Engine/Content/EngineMaterials/Substrate/Glints2/dict_0003_0103.uasset" 8504
"../../../Engine/Content/EngineMaterials/Substrate/Glints2/dict_0003_0104.uasset" 8505
"../../../Engine/Content/EngineMaterials/Substrate/Glints2/dict_0003_0105.uasset" 8506
"../../../Engine/Content/EngineMaterials/Substrate/Glints2/dict_0003_0106.uasset" 8507
"../../../Engine/Content/EngineMaterials/Substrate/Glints2/dict_0003_0107.uasset" 8508
"../../../Engine/Content/EngineMaterials/Substrate/Glints2/dict_0003_0108.uasset" 8509
"../../../Engine/Content/EngineMaterials/Substrate/Glints2/dict_0003_0109.uasset" 8510
"../../../Engine/Content/EngineMaterials/Substrate/Glints2/dict_0003_0110.uasset" 8511
"../../../Engine/Content/EngineMaterials/Substrate/Glints2/dict_0003_0111.uasset" 8512
"../../../Engine/Content/EngineMaterials/Substrate/Glints2/dict_0003_0112.uasset" 8513
"../../../Engine/Content/EngineMaterials/Substrate/Glints2/dict_0003_0114.uasset" 8514
"../../../Engine/Content/EngineMaterials/Substrate/Glints2/dict_0003_0113.uasset" 8515
"../../../Engine/Content/EngineMaterials/Substrate/Glints2/dict_0003_0115.uasset" 8516
"../../../Engine/Content/EngineMaterials/Substrate/Glints2/dict_0003_0116.uasset" 8517
"../../../Engine/Content/EngineMaterials/Substrate/Glints2/dict_0003_0117.uasset" 8518
"/Engine/EngineMaterials/Substrate/Glints2/dict_0003_0117" 8519
"/Engine/EngineMaterials/Substrate/Glints2/dict_0003_0116" 8520
"/Engine/EngineMaterials/Substrate/Glints2/dict_0003_0115" 8521
"/Engine/EngineMaterials/Substrate/Glints2/dict_0003_0114" 8522
"/Engine/EngineMaterials/Substrate/Glints2/dict_0003_0113" 8523
"/Engine/EngineMaterials/Substrate/Glints2/dict_0003_0112" 8524
"/Engine/EngineMaterials/Substrate/Glints2/dict_0003_0111" 8525
"/Engine/EngineMaterials/Substrate/Glints2/dict_0003_0110" 8526
"/Engine/EngineMaterials/Substrate/Glints2/dict_0003_0109" 8527
"/Engine/EngineMaterials/Substrate/Glints2/dict_0003_0108" 8528
"/Engine/EngineMaterials/Substrate/Glints2/dict_0003_0107" 8529
"/Engine/EngineMaterials/Substrate/Glints2/dict_0003_0106" 8530
"/Engine/EngineMaterials/Substrate/Glints2/dict_0003_0105" 8531
"/Engine/EngineMaterials/Substrate/Glints2/dict_0003_0104" 8532
"/Engine/EngineMaterials/Substrate/Glints2/dict_0003_0103" 8533
"/Engine/EngineMaterials/Substrate/Glints2/dict_0003_0102" 8534
"/Engine/EngineMaterials/Substrate/Glints2/dict_0003_0101" 8535
"/Engine/EngineMaterials/Substrate/Glints2/dict_0003_0100" 8536
"/Engine/EngineMaterials/Substrate/Glints2/dict_0003_0099" 8537
"/Engine/EngineMaterials/Substrate/Glints2/dict_0003_0098" 8538
"/Engine/EngineMaterials/Substrate/Glints2/dict_0003_0097" 8539
"/Engine/EngineMaterials/Substrate/Glints2/dict_0003_0096" 8540
"/Engine/EngineMaterials/Substrate/Glints2/dict_0003_0095" 8541
"/Engine/EngineMaterials/Substrate/Glints2/dict_0003_0094" 8542
"/Engine/EngineMaterials/Substrate/Glints2/dict_0003_0093" 8543
"/Engine/EngineMaterials/Substrate/Glints2/dict_0003_0092" 8544
"/Engine/EngineMaterials/Substrate/Glints2/dict_0003_0091" 8545
"/Engine/EngineMaterials/Substrate/Glints2/dict_0003_0090" 8546
"/Engine/EngineMaterials/Substrate/Glints2/dict_0003_0089" 8547
"/Engine/EngineMaterials/Substrate/Glints2/dict_0003_0088" 8548
"/Engine/EngineMaterials/Substrate/Glints2/dict_0003_0087" 8549
"/Engine/EngineMaterials/Substrate/Glints2/dict_0003_0086" 8550
"../../../Engine/Content/EngineMaterials/Substrate/Glints2/dict_0003_0118.uasset" 8551
"../../../Engine/Content/EngineMaterials/Substrate/Glints2/dict_0003_0119.uasset" 8552
"../../../Engine/Content/EngineMaterials/Substrate/Glints2/dict_0003_0120.uasset" 8553
"../../../Engine/Content/EngineMaterials/Substrate/Glints2/dict_0003_0121.uasset" 8554
"../../../Engine/Content/EngineMaterials/Substrate/Glints2/dict_0003_0122.uasset" 8555
"../../../Engine/Content/EngineMaterials/Substrate/Glints2/dict_0003_0123.uasset" 8556
"../../../Engine/Content/EngineMaterials/Substrate/Glints2/dict_0003_0124.uasset" 8557
"../../../Engine/Content/EngineMaterials/Substrate/Glints2/dict_0003_0125.uasset" 8558
"../../../Engine/Content/EngineMaterials/Substrate/Glints2/dict_0003_0126.uasset" 8559
"../../../Engine/Content/EngineMaterials/Substrate/Glints2/dict_0003_0127.uasset" 8560
"../../../Engine/Content/EngineMaterials/Substrate/Glints2/dict_0003_0128.uasset" 8561
"../../../Engine/Content/EngineMaterials/Substrate/Glints2/dict_0003_0129.uasset" 8562
"../../../Engine/Content/EngineMaterials/Substrate/Glints2/dict_0003_0130.uasset" 8563
"../../../Engine/Content/EngineMaterials/Substrate/Glints2/dict_0003_0131.uasset" 8564
"../../../Engine/Content/EngineMaterials/Substrate/Glints2/dict_0003_0132.uasset" 8565
"../../../Engine/Content/EngineMaterials/Substrate/Glints2/dict_0003_0133.uasset" 8566
"../../../Engine/Content/EngineMaterials/Substrate/Glints2/dict_0003_0134.uasset" 8567
"../../../Engine/Content/EngineMaterials/Substrate/Glints2/dict_0003_0135.uasset" 8568
"../../../Engine/Content/EngineMaterials/Substrate/Glints2/dict_0003_0136.uasset" 8569
"../../../Engine/Content/EngineMaterials/Substrate/Glints2/dict_0003_0137.uasset" 8570
"../../../Engine/Content/EngineMaterials/Substrate/Glints2/dict_0003_0138.uasset" 8571
"../../../Engine/Content/EngineMaterials/Substrate/Glints2/dict_0003_0139.uasset" 8572
"../../../Engine/Content/EngineMaterials/Substrate/Glints2/dict_0003_0140.uasset" 8573
"../../../Engine/Content/EngineMaterials/Substrate/Glints2/dict_0003_0141.uasset" 8574
"../../../Engine/Content/EngineMaterials/Substrate/Glints2/dict_0003_0142.uasset" 8575
"../../../Engine/Content/EngineMaterials/Substrate/Glints2/dict_0003_0143.uasset" 8576
"../../../Engine/Content/EngineMaterials/Substrate/Glints2/dict_0003_0144.uasset" 8577
"../../../Engine/Content/EngineMaterials/Substrate/Glints2/dict_0003_0145.uasset" 8578
"../../../Engine/Content/EngineMaterials/Substrate/Glints2/dict_0003_0146.uasset" 8579
"../../../Engine/Content/EngineMaterials/Substrate/Glints2/dict_0003_0147.uasset" 8580
"../../../Engine/Content/EngineMaterials/Substrate/Glints2/dict_0003_0148.uasset" 8581
"../../../Engine/Content/EngineMaterials/Substrate/Glints2/dict_0003_0149.uasset" 8582
"/Engine/EngineMaterials/Substrate/Glints2/dict_0003_0149" 8583
"/Engine/EngineMaterials/Substrate/Glints2/dict_0003_0148" 8584
"/Engine/EngineMaterials/Substrate/Glints2/dict_0003_0147" 8585
"/Engine/EngineMaterials/Substrate/Glints2/dict_0003_0146" 8586
"/Engine/EngineMaterials/Substrate/Glints2/dict_0003_0145" 8587
"/Engine/EngineMaterials/Substrate/Glints2/dict_0003_0144" 8588
"/Engine/EngineMaterials/Substrate/Glints2/dict_0003_0143" 8589
"/Engine/EngineMaterials/Substrate/Glints2/dict_0003_0142" 8590
"/Engine/EngineMaterials/Substrate/Glints2/dict_0003_0141" 8591
"/Engine/EngineMaterials/Substrate/Glints2/dict_0003_0140" 8592
"/Engine/EngineMaterials/Substrate/Glints2/dict_0003_0139" 8593
"/Engine/EngineMaterials/Substrate/Glints2/dict_0003_0138" 8594
"/Engine/EngineMaterials/Substrate/Glints2/dict_0003_0137" 8595
"/Engine/EngineMaterials/Substrate/Glints2/dict_0003_0136" 8596
"/Engine/EngineMaterials/Substrate/Glints2/dict_0003_0135" 8597
"/Engine/EngineMaterials/Substrate/Glints2/dict_0003_0134" 8598
"/Engine/EngineMaterials/Substrate/Glints2/dict_0003_0133" 8599
"/Engine/EngineMaterials/Substrate/Glints2/dict_0003_0132" 8600
"/Engine/EngineMaterials/Substrate/Glints2/dict_0003_0131" 8601
"/Engine/EngineMaterials/Substrate/Glints2/dict_0003_0130" 8602
"/Engine/EngineMaterials/Substrate/Glints2/dict_0003_0129" 8603
"/Engine/EngineMaterials/Substrate/Glints2/dict_0003_0128" 8604
"/Engine/EngineMaterials/Substrate/Glints2/dict_0003_0127" 8605
"/Engine/EngineMaterials/Substrate/Glints2/dict_0003_0126" 8606
"/Engine/EngineMaterials/Substrate/Glints2/dict_0003_0125" 8607
"/Engine/EngineMaterials/Substrate/Glints2/dict_0003_0124" 8608
"/Engine/EngineMaterials/Substrate/Glints2/dict_0003_0123" 8609
"/Engine/EngineMaterials/Substrate/Glints2/dict_0003_0122" 8610
"/Engine/EngineMaterials/Substrate/Glints2/dict_0003_0121" 8611
"/Engine/EngineMaterials/Substrate/Glints2/dict_0003_0120" 8612
"/Engine/EngineMaterials/Substrate/Glints2/dict_0003_0119" 8613
"/Engine/EngineMaterials/Substrate/Glints2/dict_0003_0118" 8614
"../../../Engine/Content/EngineMaterials/Substrate/Glints2/dict_0003_0150.uasset" 8615
"../../../Engine/Content/EngineMaterials/Substrate/Glints2/dict_0003_0151.uasset" 8616
"../../../Engine/Content/EngineMaterials/Substrate/Glints2/dict_0003_0152.uasset" 8617
"../../../Engine/Content/EngineMaterials/Substrate/Glints2/dict_0003_0153.uasset" 8618
"../../../Engine/Content/EngineMaterials/Substrate/Glints2/dict_0003_0154.uasset" 8619
"../../../Engine/Content/EngineMaterials/Substrate/Glints2/dict_0003_0155.uasset" 8620
"../../../Engine/Content/EngineMaterials/Substrate/Glints2/dict_0003_0156.uasset" 8621
"../../../Engine/Content/EngineMaterials/Substrate/Glints2/dict_0003_0157.uasset" 8622
"../../../Engine/Content/EngineMaterials/Substrate/Glints2/dict_0003_0158.uasset" 8623
"../../../Engine/Content/EngineMaterials/Substrate/Glints2/dict_0003_0159.uasset" 8624
"../../../Engine/Content/EngineMaterials/Substrate/Glints2/dict_0003_0160.uasset" 8625
"../../../Engine/Content/EngineMaterials/Substrate/Glints2/dict_0003_0161.uasset" 8626
"../../../Engine/Content/EngineMaterials/Substrate/Glints2/dict_0003_0162.uasset" 8627
"../../../Engine/Content/EngineMaterials/Substrate/Glints2/dict_0003_0163.uasset" 8628
"../../../Engine/Content/EngineMaterials/Substrate/Glints2/dict_0003_0164.uasset" 8629
"../../../Engine/Content/EngineMaterials/Substrate/Glints2/dict_0003_0165.uasset" 8630
"../../../Engine/Content/EngineMaterials/Substrate/Glints2/dict_0003_0166.uasset" 8631
"../../../Engine/Content/EngineMaterials/Substrate/Glints2/dict_0003_0167.uasset" 8632
"../../../Engine/Content/EngineMaterials/Substrate/Glints2/dict_0003_0168.uasset" 8633
"../../../Engine/Content/EngineMaterials/Substrate/Glints2/dict_0003_0169.uasset" 8634
"../../../Engine/Content/EngineMaterials/Substrate/Glints2/dict_0003_0170.uasset" 8635
"../../../Engine/Content/EngineMaterials/Substrate/Glints2/dict_0003_0171.uasset" 8636
"../../../Engine/Content/EngineMaterials/Substrate/Glints2/dict_0003_0172.uasset" 8637
"../../../Engine/Content/EngineMaterials/Substrate/Glints2/dict_0003_0173.uasset" 8638
"../../../Engine/Content/EngineMaterials/Substrate/Glints2/dict_0003_0174.uasset" 8639
"../../../Engine/Content/EngineMaterials/Substrate/Glints2/dict_0003_0175.uasset" 8640
"../../../Engine/Content/EngineMaterials/Substrate/Glints2/dict_0003_0176.uasset" 8641
"../../../Engine/Content/EngineMaterials/Substrate/Glints2/dict_0003_0177.uasset" 8642
"../../../Engine/Content/EngineMaterials/Substrate/Glints2/dict_0003_0178.uasset" 8643
"../../../Engine/Content/EngineMaterials/Substrate/Glints2/dict_0003_0179.uasset" 8644
"../../../Engine/Content/EngineMaterials/Substrate/Glints2/dict_0003_0180.uasset" 8645
"../../../Engine/Content/EngineMaterials/Substrate/Glints2/dict_0003_0181.uasset" 8646
"/Engine/EngineMaterials/Substrate/Glints2/dict_0003_0181" 8647
"/Engine/EngineMaterials/Substrate/Glints2/dict_0003_0180" 8648
"/Engine/EngineMaterials/Substrate/Glints2/dict_0003_0179" 8649
"/Engine/EngineMaterials/Substrate/Glints2/dict_0003_0178" 8650
"/Engine/EngineMaterials/Substrate/Glints2/dict_0003_0177" 8651
"/Engine/EngineMaterials/Substrate/Glints2/dict_0003_0176" 8652
"/Engine/EngineMaterials/Substrate/Glints2/dict_0003_0175" 8653
"/Engine/EngineMaterials/Substrate/Glints2/dict_0003_0174" 8654
"/Engine/EngineMaterials/Substrate/Glints2/dict_0003_0173" 8655
"/Engine/EngineMaterials/Substrate/Glints2/dict_0003_0172" 8656
"/Engine/EngineMaterials/Substrate/Glints2/dict_0003_0171" 8657
"/Engine/EngineMaterials/Substrate/Glints2/dict_0003_0170" 8658
"/Engine/EngineMaterials/Substrate/Glints2/dict_0003_0169" 8659
"/Engine/EngineMaterials/Substrate/Glints2/dict_0003_0168" 8660
"/Engine/EngineMaterials/Substrate/Glints2/dict_0003_0167" 8661
"/Engine/EngineMaterials/Substrate/Glints2/dict_0003_0166" 8662
"/Engine/EngineMaterials/Substrate/Glints2/dict_0003_0165" 8663
"/Engine/EngineMaterials/Substrate/Glints2/dict_0003_0164" 8664
"/Engine/EngineMaterials/Substrate/Glints2/dict_0003_0163" 8665
"/Engine/EngineMaterials/Substrate/Glints2/dict_0003_0162" 8666
"/Engine/EngineMaterials/Substrate/Glints2/dict_0003_0161" 8667
"/Engine/EngineMaterials/Substrate/Glints2/dict_0003_0160" 8668
"/Engine/EngineMaterials/Substrate/Glints2/dict_0003_0159" 8669
"/Engine/EngineMaterials/Substrate/Glints2/dict_0003_0158" 8670
"/Engine/EngineMaterials/Substrate/Glints2/dict_0003_0157" 8671
"/Engine/EngineMaterials/Substrate/Glints2/dict_0003_0156" 8672
"/Engine/EngineMaterials/Substrate/Glints2/dict_0003_0155" 8673
"/Engine/EngineMaterials/Substrate/Glints2/dict_0003_0154" 8674
"/Engine/EngineMaterials/Substrate/Glints2/dict_0003_0153" 8675
"/Engine/EngineMaterials/Substrate/Glints2/dict_0003_0152" 8676
"/Engine/EngineMaterials/Substrate/Glints2/dict_0003_0151" 8677
"/Engine/EngineMaterials/Substrate/Glints2/dict_0003_0150" 8678
"../../../Engine/Content/EngineMaterials/Substrate/Glints2/dict_0003_0182.uasset" 8679
"../../../Engine/Content/EngineMaterials/Substrate/Glints2/dict_0003_0183.uasset" 8680
"../../../Engine/Content/EngineMaterials/Substrate/Glints2/dict_0003_0184.uasset" 8681
"../../../Engine/Content/EngineMaterials/Substrate/Glints2/dict_0003_0185.uasset" 8682
"../../../Engine/Content/EngineMaterials/Substrate/Glints2/dict_0003_0186.uasset" 8683
"../../../Engine/Content/EngineMaterials/Substrate/Glints2/dict_0003_0187.uasset" 8684
"../../../Engine/Content/EngineMaterials/Substrate/Glints2/dict_0003_0188.uasset" 8685
"../../../Engine/Content/EngineMaterials/Substrate/Glints2/dict_0003_0189.uasset" 8686
"../../../Engine/Content/EngineMaterials/Substrate/Glints2/dict_0003_0190.uasset" 8687
"../../../Engine/Content/EngineMaterials/Substrate/Glints2/dict_0003_0191.uasset" 8688
"../../../Engine/Content/EngineMaterials/Substrate/Glints2/dict_0003_0192.uasset" 8689
"../../../Engine/Content/EngineMaterials/Substrate/Glints2/dict_0003_0193.uasset" 8690
"../../../Engine/Content/EngineMaterials/Substrate/Glints2/dict_0003_0194.uasset" 8691
"../../../Engine/Content/EngineMaterials/Substrate/Glints2/dict_0003_0195.uasset" 8692
"../../../Engine/Content/EngineMaterials/Substrate/Glints2/dict_0003_0196.uasset" 8693
"../../../Engine/Content/EngineMaterials/Substrate/Glints2/dict_0003_0197.uasset" 8694
"../../../Engine/Content/EngineMaterials/Substrate/Glints2/dict_0003_0198.uasset" 8695
"../../../Engine/Content/EngineMaterials/Substrate/Glints2/dict_0003_0199.uasset" 8696
"../../../Engine/Content/EngineMaterials/Substrate/Glints2/dict_0003_0200.uasset" 8697
"../../../Engine/Content/EngineMaterials/Substrate/Glints2/dict_0003_0201.uasset" 8698
"../../../Engine/Content/EngineMaterials/Substrate/Glints2/dict_0003_0202.uasset" 8699
"../../../Engine/Content/EngineMaterials/Substrate/Glints2/dict_0003_0203.uasset" 8700
"../../../Engine/Content/EngineMaterials/Substrate/Glints2/dict_0003_0204.uasset" 8701
"../../../Engine/Content/EngineMaterials/Substrate/Glints2/dict_0003_0205.uasset" 8702
"../../../Engine/Content/EngineMaterials/Substrate/Glints2/dict_0003_0206.uasset" 8703
"../../../Engine/Content/EngineMaterials/Substrate/Glints2/dict_0003_0207.uasset" 8704
"../../../Engine/Content/EngineMaterials/Substrate/Glints2/dict_0003_0208.uasset" 8705
"../../../Engine/Content/EngineMaterials/Substrate/Glints2/dict_0003_0209.uasset" 8706
"../../../Engine/Content/EngineMaterials/Substrate/Glints2/dict_0003_0210.uasset" 8707
"../../../Engine/Content/EngineMaterials/Substrate/Glints2/dict_0003_0211.uasset" 8708
"../../../Engine/Content/EngineMaterials/Substrate/Glints2/dict_0003_0212.uasset" 8709
"../../../Engine/Content/EngineMaterials/Substrate/Glints2/dict_0003_0213.uasset" 8710
"/Engine/EngineMaterials/Substrate/Glints2/dict_0003_0213" 8711
"/Engine/EngineMaterials/Substrate/Glints2/dict_0003_0212" 8712
"/Engine/EngineMaterials/Substrate/Glints2/dict_0003_0211" 8713
"/Engine/EngineMaterials/Substrate/Glints2/dict_0003_0210" 8714
"/Engine/EngineMaterials/Substrate/Glints2/dict_0003_0209" 8715
"/Engine/EngineMaterials/Substrate/Glints2/dict_0003_0208" 8716
"/Engine/EngineMaterials/Substrate/Glints2/dict_0003_0207" 8717
"/Engine/EngineMaterials/Substrate/Glints2/dict_0003_0206" 8718
"/Engine/EngineMaterials/Substrate/Glints2/dict_0003_0205" 8719
"/Engine/EngineMaterials/Substrate/Glints2/dict_0003_0204" 8720
"/Engine/EngineMaterials/Substrate/Glints2/dict_0003_0203" 8721
"/Engine/EngineMaterials/Substrate/Glints2/dict_0003_0202" 8722
"/Engine/EngineMaterials/Substrate/Glints2/dict_0003_0201" 8723
"/Engine/EngineMaterials/Substrate/Glints2/dict_0003_0200" 8724
"/Engine/EngineMaterials/Substrate/Glints2/dict_0003_0199" 8725
"/Engine/EngineMaterials/Substrate/Glints2/dict_0003_0198" 8726
"/Engine/EngineMaterials/Substrate/Glints2/dict_0003_0197" 8727
"/Engine/EngineMaterials/Substrate/Glints2/dict_0003_0196" 8728
"/Engine/EngineMaterials/Substrate/Glints2/dict_0003_0195" 8729
"/Engine/EngineMaterials/Substrate/Glints2/dict_0003_0194" 8730
"/Engine/EngineMaterials/Substrate/Glints2/dict_0003_0193" 8731
"/Engine/EngineMaterials/Substrate/Glints2/dict_0003_0192" 8732
"/Engine/EngineMaterials/Substrate/Glints2/dict_0003_0191" 8733
"/Engine/EngineMaterials/Substrate/Glints2/dict_0003_0190" 8734
"/Engine/EngineMaterials/Substrate/Glints2/dict_0003_0189" 8735
"/Engine/EngineMaterials/Substrate/Glints2/dict_0003_0188" 8736
"/Engine/EngineMaterials/Substrate/Glints2/dict_0003_0187" 8737
"/Engine/EngineMaterials/Substrate/Glints2/dict_0003_0186" 8738
"/Engine/EngineMaterials/Substrate/Glints2/dict_0003_0185" 8739
"/Engine/EngineMaterials/Substrate/Glints2/dict_0003_0184" 8740
"/Engine/EngineMaterials/Substrate/Glints2/dict_0003_0183" 8741
"/Engine/EngineMaterials/Substrate/Glints2/dict_0003_0182" 8742
"../../../Engine/Content/EngineMaterials/Substrate/Glints2/dict_0003_0215.uasset" 8743
"../../../Engine/Content/EngineMaterials/Substrate/Glints2/dict_0003_0214.uasset" 8744
"../../../Engine/Content/EngineMaterials/Substrate/Glints2/dict_0003_0216.uasset" 8745
"../../../Engine/Content/EngineMaterials/Substrate/Glints2/dict_0003_0217.uasset" 8746
"../../../Engine/Content/EngineMaterials/Substrate/Glints2/dict_0003_0218.uasset" 8747
"../../../Engine/Content/EngineMaterials/Substrate/Glints2/dict_0003_0219.uasset" 8748
"../../../Engine/Content/EngineMaterials/Substrate/Glints2/dict_0003_0220.uasset" 8749
"/Engine/EngineMaterials/Substrate/Glints2/dict_0003_0217" 8750
"../../../Engine/Content/EngineMaterials/Substrate/Glints2/dict_0003_0222.uasset" 8751
"../../../Engine/Content/EngineMaterials/Substrate/Glints2/dict_0003_0221.uasset" 8752
"../../../Engine/Content/EngineMaterials/Substrate/Glints2/dict_0003_0223.uasset" 8753
"../../../Engine/Content/EngineMaterials/Substrate/Glints2/dict_0003_0224.uasset" 8754
"/Engine/EngineMaterials/Substrate/Glints2/dict_0003_0216" 8755
"../../../Engine/Content/EngineMaterials/Substrate/Glints2/dict_0003_0225.uasset" 8756
"../../../Engine/Content/EngineMaterials/Substrate/Glints2/dict_0003_0226.uasset" 8757
"../../../Engine/Content/EngineMaterials/Substrate/Glints2/dict_0003_0227.uasset" 8758
"../../../Engine/Content/EngineMaterials/Substrate/Glints2/dict_0003_0228.uasset" 8759
"../../../Engine/Content/EngineMaterials/Substrate/Glints2/dict_0003_0229.uasset" 8760
"/Engine/EngineMaterials/Substrate/Glints2/dict_0003_0215" 8761
"../../../Engine/Content/EngineMaterials/Substrate/Glints2/dict_0003_0230.uasset" 8762
"../../../Engine/Content/EngineMaterials/Substrate/Glints2/dict_0003_0232.uasset" 8763
"../../../Engine/Content/EngineMaterials/Substrate/Glints2/dict_0003_0231.uasset" 8764
"/Engine/EngineMaterials/Substrate/Glints2/dict_0003_0214" 8765
"../../../Engine/Content/EngineMaterials/Substrate/Glints2/dict_0003_0233.uasset" 8766
"../../../Engine/Content/EngineMaterials/Substrate/Glints2/dict_0003_0234.uasset" 8767
"../../../Engine/Content/EngineMaterials/Substrate/Glints2/dict_0003_0235.uasset" 8768
"../../../Engine/Content/EngineMaterials/Substrate/Glints2/dict_0003_0236.uasset" 8769
"../../../Engine/Content/EngineMaterials/Substrate/Glints2/dict_0003_0238.uasset" 8770
"../../../Engine/Content/EngineMaterials/Substrate/Glints2/dict_0003_0237.uasset" 8771
"/Engine/EngineMaterials/Substrate/Glints2/dict_0003_0235" 8772
"../../../Engine/Content/EngineMaterials/Substrate/Glints2/dict_0003_0239.uasset" 8773
"../../../Engine/Content/EngineMaterials/Substrate/Glints2/dict_0003_0240.uasset" 8774
"../../../Engine/Content/EngineMaterials/Substrate/Glints2/dict_0003_0241.uasset" 8775
"../../../Engine/Content/EngineMaterials/Substrate/Glints2/dict_0003_0242.uasset" 8776
"/Engine/EngineMaterials/Substrate/Glints2/dict_0003_0234" 8777
"../../../Engine/Content/EngineMaterials/Substrate/Glints2/dict_0003_0244.uasset" 8778
"../../../Engine/Content/EngineMaterials/Substrate/Glints2/dict_0003_0243.uasset" 8779
"../../../Engine/Content/EngineMaterials/Substrate/Glints2/dict_0003_0245.uasset" 8780
"../../../Engine/Content/EngineMaterials/Substrate/Glints2/dict_0003_0246.uasset" 8781
"../../../Engine/Content/EngineMaterials/Substrate/Glints2/dict_0003_0247.uasset" 8782
"/Engine/EngineMaterials/Substrate/Glints2/dict_0003_0233" 8783
"../../../Engine/Content/EngineMaterials/Substrate/Glints2/dict_0003_0248.uasset" 8784
"../../../Engine/Content/EngineMaterials/Substrate/Glints2/dict_0003_0249.uasset" 8785
"/Engine/EngineMaterials/Substrate/Glints2/dict_0003_0232" 8786
"/Engine/EngineMaterials/Substrate/Glints2/dict_0003_0231" 8787
"/Engine/EngineMaterials/Substrate/Glints2/dict_0003_0230" 8788
"/Engine/EngineMaterials/Substrate/Glints2/dict_0003_0229" 8789
"/Engine/EngineMaterials/Substrate/Glints2/dict_0003_0228" 8790
"/Engine/EngineMaterials/Substrate/Glints2/dict_0003_0227" 8791
"/Engine/EngineMaterials/Substrate/Glints2/dict_0003_0226" 8792
"/Engine/EngineMaterials/Substrate/Glints2/dict_0003_0225" 8793
"/Engine/EngineMaterials/Substrate/Glints2/dict_0003_0224" 8794
"/Engine/EngineMaterials/Substrate/Glints2/dict_0003_0223" 8795
"/Engine/EngineMaterials/Substrate/Glints2/dict_0003_0222" 8796
"/Engine/EngineMaterials/Substrate/Glints2/dict_0003_0221" 8797
"/Engine/EngineMaterials/Substrate/Glints2/dict_0003_0220" 8798
"/Engine/EngineMaterials/Substrate/Glints2/dict_0003_0219" 8799
"/Engine/EngineMaterials/Substrate/Glints2/dict_0003_0218" 8800
"/Engine/EngineMaterials/Substrate/Glints2/dict_0003_0245" 8801
"../../../Engine/Content/EngineMaterials/Substrate/Glints2/dict_0003_0251.uasset" 8802
"../../../Engine/Content/EngineMaterials/Substrate/Glints2/dict_0003_0250.uasset" 8803
"/Engine/EngineMaterials/Substrate/Glints2/dict_0003_0244" 8804
"../../../Engine/Content/EngineMaterials/Substrate/Glints2/dict_0003_0253.uasset" 8805
"../../../Engine/Content/EngineMaterials/Substrate/Glints2/dict_0003_0252.uasset" 8806
"/Engine/EngineMaterials/Substrate/Glints2/dict_0003_0243" 8807
"../../../Engine/Content/EngineMaterials/Substrate/Glints2/dict_0003_0254.uasset" 8808
"../../../Engine/Content/EngineMaterials/Substrate/Glints2/dict_0003_0255.uasset" 8809
"/Engine/EngineMaterials/Substrate/Glints2/dict_0003_0242" 8810
"../../../Engine/Content/EngineMaterials/Substrate/Glints2/dict_0004_0000.uasset" 8811
"../../../Engine/Content/EngineMaterials/Substrate/Glints2/dict_0004_0001.uasset" 8812
"/Engine/EngineMaterials/Substrate/Glints2/dict_0003_0241" 8813
"../../../Engine/Content/EngineMaterials/Substrate/Glints2/dict_0004_0002.uasset" 8814
"../../../Engine/Content/EngineMaterials/Substrate/Glints2/dict_0004_0003.uasset" 8815
"/Engine/EngineMaterials/Substrate/Glints2/dict_0003_0240" 8816
"../../../Engine/Content/EngineMaterials/Substrate/Glints2/dict_0004_0004.uasset" 8817
"../../../Engine/Content/EngineMaterials/Substrate/Glints2/dict_0004_0005.uasset" 8818
"/Engine/EngineMaterials/Substrate/Glints2/dict_0003_0239" 8819
"../../../Engine/Content/EngineMaterials/Substrate/Glints2/dict_0004_0007.uasset" 8820
"../../../Engine/Content/EngineMaterials/Substrate/Glints2/dict_0004_0006.uasset" 8821
"/Engine/EngineMaterials/Substrate/Glints2/dict_0003_0238" 8822
"../../../Engine/Content/EngineMaterials/Substrate/Glints2/dict_0004_0008.uasset" 8823
"../../../Engine/Content/EngineMaterials/Substrate/Glints2/dict_0004_0009.uasset" 8824
"/Engine/EngineMaterials/Substrate/Glints2/dict_0003_0237" 8825
"../../../Engine/Content/EngineMaterials/Substrate/Glints2/dict_0004_0010.uasset" 8826
"../../../Engine/Content/EngineMaterials/Substrate/Glints2/dict_0004_0011.uasset" 8827
"/Engine/EngineMaterials/Substrate/Glints2/dict_0003_0236" 8828
"/Engine/EngineMaterials/Substrate/Glints2/dict_0003_0249" 8829
"/Engine/EngineMaterials/Substrate/Glints2/dict_0003_0248" 8830
"/Engine/EngineMaterials/Substrate/Glints2/dict_0003_0247" 8831
"/Engine/EngineMaterials/Substrate/Glints2/dict_0003_0246" 8832
"../../../Engine/Content/EngineMaterials/Substrate/Glints2/dict_0004_0013.uasset" 8833
"../../../Engine/Content/EngineMaterials/Substrate/Glints2/dict_0004_0012.uasset" 8834
"/Engine/EngineMaterials/Substrate/Glints2/dict_0004_0011" 8835
"../../../Engine/Content/EngineMaterials/Substrate/Glints2/dict_0004_0014.uasset" 8836
"../../../Engine/Content/EngineMaterials/Substrate/Glints2/dict_0004_0015.uasset" 8837
"../../../Engine/Content/EngineMaterials/Substrate/Glints2/dict_0004_0016.uasset" 8838
"/Engine/EngineMaterials/Substrate/Glints2/dict_0004_0010" 8839
"../../../Engine/Content/EngineMaterials/Substrate/Glints2/dict_0004_0017.uasset" 8840
"../../../Engine/Content/EngineMaterials/Substrate/Glints2/dict_0004_0018.uasset" 8841
"../../../Engine/Content/EngineMaterials/Substrate/Glints2/dict_0004_0019.uasset" 8842
"/Engine/EngineMaterials/Substrate/Glints2/dict_0004_0009" 8843
"../../../Engine/Content/EngineMaterials/Substrate/Glints2/dict_0004_0020.uasset" 8844
"../../../Engine/Content/EngineMaterials/Substrate/Glints2/dict_0004_0021.uasset" 8845
"../../../Engine/Content/EngineMaterials/Substrate/Glints2/dict_0004_0022.uasset" 8846
"../../../Engine/Content/EngineMaterials/Substrate/Glints2/dict_0004_0024.uasset" 8847
"/Engine/EngineMaterials/Substrate/Glints2/dict_0004_0008" 8848
"../../../Engine/Content/EngineMaterials/Substrate/Glints2/dict_0004_0023.uasset" 8849
"../../../Engine/Content/EngineMaterials/Substrate/Glints2/dict_0004_0025.uasset" 8850
"/Engine/EngineMaterials/Substrate/Glints2/dict_0004_0007" 8851
"/Engine/EngineMaterials/Substrate/Glints2/dict_0004_0006" 8852
"/Engine/EngineMaterials/Substrate/Glints2/dict_0004_0005" 8853
"/Engine/EngineMaterials/Substrate/Glints2/dict_0004_0004" 8854
"/Engine/EngineMaterials/Substrate/Glints2/dict_0004_0003" 8855
"/Engine/EngineMaterials/Substrate/Glints2/dict_0004_0002" 8856
"/Engine/EngineMaterials/Substrate/Glints2/dict_0004_0001" 8857
"/Engine/EngineMaterials/Substrate/Glints2/dict_0004_0000" 8858
"/Engine/EngineMaterials/Substrate/Glints2/dict_0003_0255" 8859
"/Engine/EngineMaterials/Substrate/Glints2/dict_0003_0254" 8860
"/Engine/EngineMaterials/Substrate/Glints2/dict_0003_0253" 8861
"/Engine/EngineMaterials/Substrate/Glints2/dict_0003_0252" 8862
"/Engine/EngineMaterials/Substrate/Glints2/dict_0003_0251" 8863
"/Engine/EngineMaterials/Substrate/Glints2/dict_0003_0250" 8864
"../../../Engine/Content/EngineMaterials/Substrate/Glints2/dict_0004_0027.uasset" 8865
"../../../Engine/Content/EngineMaterials/Substrate/Glints2/dict_0004_0026.uasset" 8866
"/Engine/EngineMaterials/Substrate/Glints2/dict_0004_0025" 8867
"../../../Engine/Content/EngineMaterials/Substrate/Glints2/dict_0004_0028.uasset" 8868
"../../../Engine/Content/EngineMaterials/Substrate/Glints2/dict_0004_0029.uasset" 8869
"/Engine/EngineMaterials/Substrate/Glints2/dict_0004_0024" 8870
"/Engine/EngineMaterials/Substrate/Glints2/dict_0004_0023" 8871
"../../../Engine/Content/EngineMaterials/Substrate/Glints2/dict_0004_0030.uasset" 8872
"../../../Engine/Content/EngineMaterials/Substrate/Glints2/dict_0004_0031.uasset" 8873
"../../../Engine/Content/EngineMaterials/Substrate/Glints2/dict_0004_0032.uasset" 8874
"/Engine/EngineMaterials/Substrate/Glints2/dict_0004_0022" 8875
"../../../Engine/Content/EngineMaterials/Substrate/Glints2/dict_0004_0033.uasset" 8876
"../../../Engine/Content/EngineMaterials/Substrate/Glints2/dict_0004_0034.uasset" 8877
"../../../Engine/Content/EngineMaterials/Substrate/Glints2/dict_0004_0035.uasset" 8878
"../../../Engine/Content/EngineMaterials/Substrate/Glints2/dict_0004_0036.uasset" 8879
"/Engine/EngineMaterials/Substrate/Glints2/dict_0004_0021" 8880
"../../../Engine/Content/EngineMaterials/Substrate/Glints2/dict_0004_0037.uasset" 8881
"../../../Engine/Content/EngineMaterials/Substrate/Glints2/dict_0004_0038.uasset" 8882
"../../../Engine/Content/EngineMaterials/Substrate/Glints2/dict_0004_0039.uasset" 8883
"/Engine/EngineMaterials/Substrate/Glints2/dict_0004_0020" 8884
"../../../Engine/Content/EngineMaterials/Substrate/Glints2/dict_0004_0040.uasset" 8885
"../../../Engine/Content/EngineMaterials/Substrate/Glints2/dict_0004_0042.uasset" 8886
"../../../Engine/Content/EngineMaterials/Substrate/Glints2/dict_0004_0041.uasset" 8887
"/Engine/EngineMaterials/Substrate/Glints2/dict_0004_0019" 8888
"../../../Engine/Content/EngineMaterials/Substrate/Glints2/dict_0004_0043.uasset" 8889
"/Engine/EngineMaterials/Substrate/Glints2/dict_0004_0018" 8890
"/Engine/EngineMaterials/Substrate/Glints2/dict_0004_0017" 8891
"/Engine/EngineMaterials/Substrate/Glints2/dict_0004_0016" 8892
"/Engine/EngineMaterials/Substrate/Glints2/dict_0004_0015" 8893
"/Engine/EngineMaterials/Substrate/Glints2/dict_0004_0014" 8894
"/Engine/EngineMaterials/Substrate/Glints2/dict_0004_0013" 8895
"/Engine/EngineMaterials/Substrate/Glints2/dict_0004_0012" 8896
"../../../Engine/Content/EngineMaterials/Substrate/Glints2/dict_0004_0045.uasset" 8897
"../../../Engine/Content/EngineMaterials/Substrate/Glints2/dict_0004_0044.uasset" 8898
"/Engine/EngineMaterials/Substrate/Glints2/dict_0004_0043" 8899
"/Engine/EngineMaterials/Substrate/Glints2/dict_0004_0042" 8900
"../../../Engine/Content/EngineMaterials/Substrate/Glints2/dict_0004_0046.uasset" 8901
"../../../Engine/Content/EngineMaterials/Substrate/Glints2/dict_0004_0047.uasset" 8902
"/Engine/EngineMaterials/Substrate/Glints2/dict_0004_0041" 8903
"../../../Engine/Content/EngineMaterials/Substrate/Glints2/dict_0004_0048.uasset" 8904
"../../../Engine/Content/EngineMaterials/Substrate/Glints2/dict_0004_0049.uasset" 8905
"../../../Engine/Content/EngineMaterials/Substrate/Glints2/dict_0004_0050.uasset" 8906
"/Engine/EngineMaterials/Substrate/Glints2/dict_0004_0040" 8907
"../../../Engine/Content/EngineMaterials/Substrate/Glints2/dict_0004_0051.uasset" 8908
"../../../Engine/Content/EngineMaterials/Substrate/Glints2/dict_0004_0052.uasset" 8909
"../../../Engine/Content/EngineMaterials/Substrate/Glints2/dict_0004_0053.uasset" 8910
"/Engine/EngineMaterials/Substrate/Glints2/dict_0004_0039" 8911
"../../../Engine/Content/EngineMaterials/Substrate/Glints2/dict_0004_0054.uasset" 8912
"../../../Engine/Content/EngineMaterials/Substrate/Glints2/dict_0004_0055.uasset" 8913
"../../../Engine/Content/EngineMaterials/Substrate/Glints2/dict_0004_0056.uasset" 8914
"../../../Engine/Content/EngineMaterials/Substrate/Glints2/dict_0004_0057.uasset" 8915
"/Engine/EngineMaterials/Substrate/Glints2/dict_0004_0038" 8916
"/Engine/EngineMaterials/Substrate/Glints2/dict_0004_0037" 8917
"/Engine/EngineMaterials/Substrate/Glints2/dict_0004_0036" 8918
"/Engine/EngineMaterials/Substrate/Glints2/dict_0004_0035" 8919
"/Engine/EngineMaterials/Substrate/Glints2/dict_0004_0034" 8920
"/Engine/EngineMaterials/Substrate/Glints2/dict_0004_0033" 8921
"/Engine/EngineMaterials/Substrate/Glints2/dict_0004_0032" 8922
"/Engine/EngineMaterials/Substrate/Glints2/dict_0004_0031" 8923
"/Engine/EngineMaterials/Substrate/Glints2/dict_0004_0030" 8924
"/Engine/EngineMaterials/Substrate/Glints2/dict_0004_0029" 8925
"/Engine/EngineMaterials/Substrate/Glints2/dict_0004_0028" 8926
"/Engine/EngineMaterials/Substrate/Glints2/dict_0004_0027" 8927
"/Engine/EngineMaterials/Substrate/Glints2/dict_0004_0026" 8928
"/Engine/EngineMaterials/Substrate/Glints2/dict_0004_0057" 8929
"../../../Engine/Content/EngineMaterials/Substrate/Glints2/dict_0004_0058.uasset" 8930
"../../../Engine/Content/EngineMaterials/Substrate/Glints2/dict_0004_0059.uasset" 8931
"/Engine/EngineMaterials/Substrate/Glints2/dict_0004_0056" 8932
"../../../Engine/Content/EngineMaterials/Substrate/Glints2/dict_0004_0060.uasset" 8933
"../../../Engine/Content/EngineMaterials/Substrate/Glints2/dict_0004_0061.uasset" 8934
"/Engine/EngineMaterials/Substrate/Glints2/dict_0004_0055" 8935
"../../../Engine/Content/EngineMaterials/Substrate/Glints2/dict_0004_0062.uasset" 8936
"../../../Engine/Content/EngineMaterials/Substrate/Glints2/dict_0004_0063.uasset" 8937
"/Engine/EngineMaterials/Substrate/Glints2/dict_0004_0054" 8938
"../../../Engine/Content/EngineMaterials/Substrate/Glints2/dict_0004_0064.uasset" 8939
"../../../Engine/Content/EngineMaterials/Substrate/Glints2/dict_0004_0065.uasset" 8940
"/Engine/EngineMaterials/Substrate/Glints2/dict_0004_0053" 8941
"../../../Engine/Content/EngineMaterials/Substrate/Glints2/dict_0004_0066.uasset" 8942
"../../../Engine/Content/EngineMaterials/Substrate/Glints2/dict_0004_0067.uasset" 8943
"/Engine/EngineMaterials/Substrate/Glints2/dict_0004_0052" 8944
"../../../Engine/Content/EngineMaterials/Substrate/Glints2/dict_0004_0068.uasset" 8945
"../../../Engine/Content/EngineMaterials/Substrate/Glints2/dict_0004_0069.uasset" 8946
"/Engine/EngineMaterials/Substrate/Glints2/dict_0004_0051" 8947
"../../../Engine/Content/EngineMaterials/Substrate/Glints2/dict_0004_0070.uasset" 8948
"../../../Engine/Content/EngineMaterials/Substrate/Glints2/dict_0004_0071.uasset" 8949
"/Engine/EngineMaterials/Substrate/Glints2/dict_0004_0050" 8950
"../../../Engine/Content/EngineMaterials/Substrate/Glints2/dict_0004_0072.uasset" 8951
"../../../Engine/Content/EngineMaterials/Substrate/Glints2/dict_0004_0073.uasset" 8952
"/Engine/EngineMaterials/Substrate/Glints2/dict_0004_0049" 8953
"../../../Engine/Content/EngineMaterials/Substrate/Glints2/dict_0004_0074.uasset" 8954
"/Engine/EngineMaterials/Substrate/Glints2/dict_0004_0048" 8955
"../../../Engine/Content/EngineMaterials/Substrate/Glints2/dict_0004_0075.uasset" 8956
"/Engine/EngineMaterials/Substrate/Glints2/dict_0004_0047" 8957
"/Engine/EngineMaterials/Substrate/Glints2/dict_0004_0046" 8958
"/Engine/EngineMaterials/Substrate/Glints2/dict_0004_0045" 8959
"/Engine/EngineMaterials/Substrate/Glints2/dict_0004_0044" 8960
"/Engine/EngineMaterials/Substrate/Glints2/dict_0004_0075" 8961
"../../../Engine/Content/EngineMaterials/Substrate/Glints2/dict_0004_0076.uasset" 8962
"/Engine/EngineMaterials/Substrate/Glints2/dict_0004_0074" 8963
"../../../Engine/Content/EngineMaterials/Substrate/Glints2/dict_0004_0077.uasset" 8964
"/Engine/EngineMaterials/Substrate/Glints2/dict_0004_0072" 8965
"/Engine/EngineMaterials/Substrate/Glints2/dict_0004_0071" 8966
"/Engine/EngineMaterials/Substrate/Glints2/dict_0004_0070" 8967
"/Engine/EngineMaterials/Substrate/Glints2/dict_0004_0069" 8968
"/Engine/EngineMaterials/Substrate/Glints2/dict_0004_0068" 8969
"../../../Engine/Content/EngineMaterials/Substrate/Glints2/dict_0004_0078.uasset" 8970
"/Engine/EngineMaterials/Substrate/Glints2/dict_0004_0067" 8971
"/Engine/EngineMaterials/Substrate/Glints2/dict_0004_0066" 8972
"../../../Engine/Content/EngineMaterials/Substrate/Glints2/dict_0004_0079.uasset" 8973
"/Engine/EngineMaterials/Substrate/Glints2/dict_0004_0065" 8974
"/Engine/EngineMaterials/Substrate/Glints2/dict_0004_0064" 8975
"../../../Engine/Content/EngineMaterials/Substrate/Glints2/dict_0004_0080.uasset" 8976
"/Engine/EngineMaterials/Substrate/Glints2/dict_0004_0063" 8977
"../../../Engine/Content/EngineMaterials/Substrate/Glints2/dict_0004_0081.uasset" 8978
"../../../Engine/Content/EngineMaterials/Substrate/Glints2/dict_0004_0082.uasset" 8979
"/Engine/EngineMaterials/Substrate/Glints2/dict_0004_0062" 8980
"../../../Engine/Content/EngineMaterials/Substrate/Glints2/dict_0004_0083.uasset" 8981
"/Engine/EngineMaterials/Substrate/Glints2/dict_0004_0061" 8982
"../../../Engine/Content/EngineMaterials/Substrate/Glints2/dict_0004_0084.uasset" 8983
"../../../Engine/Content/EngineMaterials/Substrate/Glints2/dict_0004_0085.uasset" 8984
"/Engine/EngineMaterials/Substrate/Glints2/dict_0004_0060" 8985
"../../../Engine/Content/EngineMaterials/Substrate/Glints2/dict_0004_0086.uasset" 8986
"../../../Engine/Content/EngineMaterials/Substrate/Glints2/dict_0004_0087.uasset" 8987
"../../../Engine/Content/EngineMaterials/Substrate/Glints2/dict_0004_0088.uasset" 8988
"../../../Engine/Content/EngineMaterials/Substrate/Glints2/dict_0004_0089.uasset" 8989
"/Engine/EngineMaterials/Substrate/Glints2/dict_0004_0059" 8990
"/Engine/EngineMaterials/Substrate/Glints2/dict_0004_0058" 8991
"../../../Engine/Content/EngineMaterials/Substrate/Glints2/dict_0004_0090.uasset" 8992
"../../../Engine/Content/EngineMaterials/Substrate/Glints2/dict_0004_0091.uasset" 8993
"/Engine/EngineMaterials/Substrate/Glints2/dict_0004_0089" 8994
"../../../Engine/Content/EngineMaterials/Substrate/Glints2/dict_0004_0092.uasset" 8995
"../../../Engine/Content/EngineMaterials/Substrate/Glints2/dict_0004_0093.uasset" 8996
"../../../Engine/Content/EngineMaterials/Substrate/Glints2/dict_0004_0094.uasset" 8997
"/Engine/EngineMaterials/Substrate/Glints2/dict_0004_0088" 8998
"../../../Engine/Content/EngineMaterials/Substrate/Glints2/dict_0004_0096.uasset" 8999
"../../../Engine/Content/EngineMaterials/Substrate/Glints2/dict_0004_0095.uasset" 9000
"../../../Engine/Content/EngineMaterials/Substrate/Glints2/dict_0004_0097.uasset" 9001
"/Engine/EngineMaterials/Substrate/Glints2/dict_0004_0087" 9002
"../../../Engine/Content/EngineMaterials/Substrate/Glints2/dict_0004_0098.uasset" 9003
"../../../Engine/Content/EngineMaterials/Substrate/Glints2/dict_0004_0099.uasset" 9004
"../../../Engine/Content/EngineMaterials/Substrate/Glints2/dict_0004_0100.uasset" 9005
"/Engine/EngineMaterials/Substrate/Glints2/dict_0004_0086" 9006
"../../../Engine/Content/EngineMaterials/Substrate/Glints2/dict_0004_0102.uasset" 9007
"../../../Engine/Content/EngineMaterials/Substrate/Glints2/dict_0004_0101.uasset" 9008
"../../../Engine/Content/EngineMaterials/Substrate/Glints2/dict_0004_0103.uasset" 9009
"../../../Engine/Content/EngineMaterials/Substrate/Glints2/dict_0004_0105.uasset" 9010
"../../../Engine/Content/EngineMaterials/Substrate/Glints2/dict_0004_0104.uasset" 9011
"../../../Engine/Content/EngineMaterials/Substrate/Glints2/dict_0004_0106.uasset" 9012
"/Engine/EngineMaterials/Substrate/Glints2/dict_0004_0085" 9013
"/Engine/EngineMaterials/Substrate/Glints2/dict_0004_0084" 9014
"/Engine/EngineMaterials/Substrate/Glints2/dict_0004_0083" 9015
"/Engine/EngineMaterials/Substrate/Glints2/dict_0004_0082" 9016
"/Engine/EngineMaterials/Substrate/Glints2/dict_0004_0081" 9017
"/Engine/EngineMaterials/Substrate/Glints2/dict_0004_0080" 9018
"/Engine/EngineMaterials/Substrate/Glints2/dict_0004_0073" 9019
"/Engine/EngineMaterials/Substrate/Glints2/dict_0004_0079" 9020
"/Engine/EngineMaterials/Substrate/Glints2/dict_0004_0078" 9021
"/Engine/EngineMaterials/Substrate/Glints2/dict_0004_0077" 9022
"/Engine/EngineMaterials/Substrate/Glints2/dict_0004_0076" 9023
"../../../Engine/Content/EngineMaterials/Substrate/Glints2/dict_0004_0107.uasset" 9024
"../../../Engine/Content/EngineMaterials/Substrate/Glints2/dict_0004_0108.uasset" 9025
"/Engine/EngineMaterials/Substrate/Glints2/dict_0004_0106" 9026
"../../../Engine/Content/EngineMaterials/Substrate/Glints2/dict_0004_0109.uasset" 9027
"../../../Engine/Content/EngineMaterials/Substrate/Glints2/dict_0004_0110.uasset" 9028
"/Engine/EngineMaterials/Substrate/Glints2/dict_0004_0105" 9029
"../../../Engine/Content/EngineMaterials/Substrate/Glints2/dict_0004_0111.uasset" 9030
"../../../Engine/Content/EngineMaterials/Substrate/Glints2/dict_0004_0112.uasset" 9031
"/Engine/EngineMaterials/Substrate/Glints2/dict_0004_0104" 9032
"../../../Engine/Content/EngineMaterials/Substrate/Glints2/dict_0004_0113.uasset" 9033
"../../../Engine/Content/EngineMaterials/Substrate/Glints2/dict_0004_0114.uasset" 9034
"/Engine/EngineMaterials/Substrate/Glints2/dict_0004_0103" 9035
"../../../Engine/Content/EngineMaterials/Substrate/Glints2/dict_0004_0115.uasset" 9036
"../../../Engine/Content/EngineMaterials/Substrate/Glints2/dict_0004_0116.uasset" 9037
"../../../Engine/Content/EngineMaterials/Substrate/Glints2/dict_0004_0117.uasset" 9038
"/Engine/EngineMaterials/Substrate/Glints2/dict_0004_0102" 9039
"../../../Engine/Content/EngineMaterials/Substrate/Glints2/dict_0004_0118.uasset" 9040
"../../../Engine/Content/EngineMaterials/Substrate/Glints2/dict_0004_0119.uasset" 9041
"../../../Engine/Content/EngineMaterials/Substrate/Glints2/dict_0004_0120.uasset" 9042
"/Engine/EngineMaterials/Substrate/Glints2/dict_0004_0101" 9043
"../../../Engine/Content/EngineMaterials/Substrate/Glints2/dict_0004_0121.uasset" 9044
"/Engine/EngineMaterials/Substrate/Glints2/dict_0004_0100" 9045
"/Engine/EngineMaterials/Substrate/Glints2/dict_0004_0099" 9046
"/Engine/EngineMaterials/Substrate/Glints2/dict_0004_0098" 9047
"/Engine/EngineMaterials/Substrate/Glints2/dict_0004_0097" 9048
"/Engine/EngineMaterials/Substrate/Glints2/dict_0004_0096" 9049
"/Engine/EngineMaterials/Substrate/Glints2/dict_0004_0095" 9050
"/Engine/EngineMaterials/Substrate/Glints2/dict_0004_0094" 9051
"/Engine/EngineMaterials/Substrate/Glints2/dict_0004_0093" 9052
"/Engine/EngineMaterials/Substrate/Glints2/dict_0004_0092" 9053
"/Engine/EngineMaterials/Substrate/Glints2/dict_0004_0091" 9054
"/Engine/EngineMaterials/Substrate/Glints2/dict_0004_0090" 9055
"../../../Engine/Content/EngineMaterials/Substrate/Glints2/dict_0004_0122.uasset" 9056
"../../../Engine/Content/EngineMaterials/Substrate/Glints2/dict_0004_0123.uasset" 9057
"/Engine/EngineMaterials/Substrate/Glints2/dict_0004_0121" 9058
"../../../Engine/Content/EngineMaterials/Substrate/Glints2/dict_0004_0124.uasset" 9059
"../../../Engine/Content/EngineMaterials/Substrate/Glints2/dict_0004_0125.uasset" 9060
"/Engine/EngineMaterials/Substrate/Glints2/dict_0004_0120" 9061
"../../../Engine/Content/EngineMaterials/Substrate/Glints2/dict_0004_0126.uasset" 9062
"../../../Engine/Content/EngineMaterials/Substrate/Glints2/dict_0004_0127.uasset" 9063
"/Engine/EngineMaterials/Substrate/Glints2/dict_0004_0119" 9064
"../../../Engine/Content/EngineMaterials/Substrate/Glints2/dict_0004_0128.uasset" 9065
"../../../Engine/Content/EngineMaterials/Substrate/Glints2/dict_0004_0129.uasset" 9066
"/Engine/EngineMaterials/Substrate/Glints2/dict_0004_0118" 9067
"../../../Engine/Content/EngineMaterials/Substrate/Glints2/dict_0004_0130.uasset" 9068
"../../../Engine/Content/EngineMaterials/Substrate/Glints2/dict_0004_0131.uasset" 9069
"/Engine/EngineMaterials/Substrate/Glints2/dict_0004_0117" 9070
"../../../Engine/Content/EngineMaterials/Substrate/Glints2/dict_0004_0133.uasset" 9071
"../../../Engine/Content/EngineMaterials/Substrate/Glints2/dict_0004_0132.uasset" 9072
"/Engine/EngineMaterials/Substrate/Glints2/dict_0004_0116" 9073
"../../../Engine/Content/EngineMaterials/Substrate/Glints2/dict_0004_0134.uasset" 9074
"../../../Engine/Content/EngineMaterials/Substrate/Glints2/dict_0004_0135.uasset" 9075
"/Engine/EngineMaterials/Substrate/Glints2/dict_0004_0115" 9076
"../../../Engine/Content/EngineMaterials/Substrate/Glints2/dict_0004_0136.uasset" 9077
"../../../Engine/Content/EngineMaterials/Substrate/Glints2/dict_0004_0137.uasset" 9078
"/Engine/EngineMaterials/Substrate/Glints2/dict_0004_0114" 9079
"../../../Engine/Content/EngineMaterials/Substrate/Glints2/dict_0004_0138.uasset" 9080
"/Engine/EngineMaterials/Substrate/Glints2/dict_0004_0113" 9081
"/Engine/EngineMaterials/Substrate/Glints2/dict_0004_0112" 9082
"/Engine/EngineMaterials/Substrate/Glints2/dict_0004_0111" 9083
"/Engine/EngineMaterials/Substrate/Glints2/dict_0004_0110" 9084
"/Engine/EngineMaterials/Substrate/Glints2/dict_0004_0109" 9085
"/Engine/EngineMaterials/Substrate/Glints2/dict_0004_0108" 9086
"/Engine/EngineMaterials/Substrate/Glints2/dict_0004_0107" 9087
"../../../Engine/Content/EngineMaterials/Substrate/Glints2/dict_0004_0140.uasset" 9088
"../../../Engine/Content/EngineMaterials/Substrate/Glints2/dict_0004_0139.uasset" 9089
"/Engine/EngineMaterials/Substrate/Glints2/dict_0004_0138" 9090
"../../../Engine/Content/EngineMaterials/Substrate/Glints2/dict_0004_0141.uasset" 9091
"/Engine/EngineMaterials/Substrate/Glints2/dict_0004_0137" 9092
"../../../Engine/Content/EngineMaterials/Substrate/Glints2/dict_0004_0142.uasset" 9093
"../../../Engine/Content/EngineMaterials/Substrate/Glints2/dict_0004_0143.uasset" 9094
"../../../Engine/Content/EngineMaterials/Substrate/Glints2/dict_0004_0144.uasset" 9095
"/Engine/EngineMaterials/Substrate/Glints2/dict_0004_0136" 9096
"../../../Engine/Content/EngineMaterials/Substrate/Glints2/dict_0004_0146.uasset" 9097
"../../../Engine/Content/EngineMaterials/Substrate/Glints2/dict_0004_0145.uasset" 9098
"/Engine/EngineMaterials/Substrate/Glints2/dict_0004_0135" 9099
"../../../Engine/Content/EngineMaterials/Substrate/Glints2/dict_0004_0147.uasset" 9100
"../../../Engine/Content/EngineMaterials/Substrate/Glints2/dict_0004_0148.uasset" 9101
"/Engine/EngineMaterials/Substrate/Glints2/dict_0004_0134" 9102
"../../../Engine/Content/EngineMaterials/Substrate/Glints2/dict_0004_0149.uasset" 9103
"../../../Engine/Content/EngineMaterials/Substrate/Glints2/dict_0004_0150.uasset" 9104
"/Engine/EngineMaterials/Substrate/Glints2/dict_0004_0133" 9105
"../../../Engine/Content/EngineMaterials/Substrate/Glints2/dict_0004_0151.uasset" 9106
"../../../Engine/Content/EngineMaterials/Substrate/Glints2/dict_0004_0152.uasset" 9107
"/Engine/EngineMaterials/Substrate/Glints2/dict_0004_0132" 9108
"../../../Engine/Content/EngineMaterials/Substrate/Glints2/dict_0004_0153.uasset" 9109
"/Engine/EngineMaterials/Substrate/Glints2/dict_0004_0131" 9110
"/Engine/EngineMaterials/Substrate/Glints2/dict_0004_0130" 9111
"/Engine/EngineMaterials/Substrate/Glints2/dict_0004_0129" 9112
"/Engine/EngineMaterials/Substrate/Glints2/dict_0004_0128" 9113
"/Engine/EngineMaterials/Substrate/Glints2/dict_0004_0127" 9114
"/Engine/EngineMaterials/Substrate/Glints2/dict_0004_0126" 9115
"/Engine/EngineMaterials/Substrate/Glints2/dict_0004_0125" 9116
"/Engine/EngineMaterials/Substrate/Glints2/dict_0004_0124" 9117
"/Engine/EngineMaterials/Substrate/Glints2/dict_0004_0123" 9118
"/Engine/EngineMaterials/Substrate/Glints2/dict_0004_0122" 9119
"../../../Engine/Content/EngineMaterials/Substrate/Glints2/dict_0004_0155.uasset" 9120
"../../../Engine/Content/EngineMaterials/Substrate/Glints2/dict_0004_0154.uasset" 9121
"/Engine/EngineMaterials/Substrate/Glints2/dict_0004_0153" 9122
"../../../Engine/Content/EngineMaterials/Substrate/Glints2/dict_0004_0156.uasset" 9123
"../../../Engine/Content/EngineMaterials/Substrate/Glints2/dict_0004_0157.uasset" 9124
"/Engine/EngineMaterials/Substrate/Glints2/dict_0004_0152" 9125
"../../../Engine/Content/EngineMaterials/Substrate/Glints2/dict_0004_0158.uasset" 9126
"../../../Engine/Content/EngineMaterials/Substrate/Glints2/dict_0004_0159.uasset" 9127
"/Engine/EngineMaterials/Substrate/Glints2/dict_0004_0151" 9128
"../../../Engine/Content/EngineMaterials/Substrate/Glints2/dict_0004_0160.uasset" 9129
"../../../Engine/Content/EngineMaterials/Substrate/Glints2/dict_0004_0161.uasset" 9130
"../../../Engine/Content/EngineMaterials/Substrate/Glints2/dict_0004_0162.uasset" 9131
"/Engine/EngineMaterials/Substrate/Glints2/dict_0004_0150" 9132
"../../../Engine/Content/EngineMaterials/Substrate/Glints2/dict_0004_0163.uasset" 9133
"../../../Engine/Content/EngineMaterials/Substrate/Glints2/dict_0004_0164.uasset" 9134
"/Engine/EngineMaterials/Substrate/Glints2/dict_0004_0149" 9135
"../../../Engine/Content/EngineMaterials/Substrate/Glints2/dict_0004_0165.uasset" 9136
"../../../Engine/Content/EngineMaterials/Substrate/Glints2/dict_0004_0166.uasset" 9137
"/Engine/EngineMaterials/Substrate/Glints2/dict_0004_0148" 9138
"../../../Engine/Content/EngineMaterials/Substrate/Glints2/dict_0004_0167.uasset" 9139
"../../../Engine/Content/EngineMaterials/Substrate/Glints2/dict_0004_0168.uasset" 9140
"/Engine/EngineMaterials/Substrate/Glints2/dict_0004_0147" 9141
"../../../Engine/Content/EngineMaterials/Substrate/Glints2/dict_0004_0169.uasset" 9142
"../../../Engine/Content/EngineMaterials/Substrate/Glints2/dict_0004_0170.uasset" 9143
"/Engine/EngineMaterials/Substrate/Glints2/dict_0004_0146" 9144
"/Engine/EngineMaterials/Substrate/Glints2/dict_0004_0145" 9145
"/Engine/EngineMaterials/Substrate/Glints2/dict_0004_0144" 9146
"/Engine/EngineMaterials/Substrate/Glints2/dict_0004_0143" 9147
"/Engine/EngineMaterials/Substrate/Glints2/dict_0004_0142" 9148
"/Engine/EngineMaterials/Substrate/Glints2/dict_0004_0141" 9149
"/Engine/EngineMaterials/Substrate/Glints2/dict_0004_0140" 9150
"/Engine/EngineMaterials/Substrate/Glints2/dict_0004_0139" 9151
"../../../Engine/Content/EngineMaterials/Substrate/Glints2/dict_0004_0172.uasset" 9152
"../../../Engine/Content/EngineMaterials/Substrate/Glints2/dict_0004_0171.uasset" 9153
"/Engine/EngineMaterials/Substrate/Glints2/dict_0004_0170" 9154
"/Engine/EngineMaterials/Substrate/Glints2/dict_0004_0169" 9155
"../../../Engine/Content/EngineMaterials/Substrate/Glints2/dict_0004_0173.uasset" 9156
"../../../Engine/Content/EngineMaterials/Substrate/Glints2/dict_0004_0174.uasset" 9157
"/Engine/EngineMaterials/Substrate/Glints2/dict_0004_0168" 9158
"../../../Engine/Content/EngineMaterials/Substrate/Glints2/dict_0004_0175.uasset" 9159
"../../../Engine/Content/EngineMaterials/Substrate/Glints2/dict_0004_0176.uasset" 9160
"/Engine/EngineMaterials/Substrate/Glints2/dict_0004_0167" 9161
"../../../Engine/Content/EngineMaterials/Substrate/Glints2/dict_0004_0178.uasset" 9162
"../../../Engine/Content/EngineMaterials/Substrate/Glints2/dict_0004_0177.uasset" 9163
"/Engine/EngineMaterials/Substrate/Glints2/dict_0004_0166" 9164
"../../../Engine/Content/EngineMaterials/Substrate/Glints2/dict_0004_0180.uasset" 9165
"../../../Engine/Content/EngineMaterials/Substrate/Glints2/dict_0004_0179.uasset" 9166
"/Engine/EngineMaterials/Substrate/Glints2/dict_0004_0165" 9167
"../../../Engine/Content/EngineMaterials/Substrate/Glints2/dict_0004_0181.uasset" 9168
"../../../Engine/Content/EngineMaterials/Substrate/Glints2/dict_0004_0182.uasset" 9169
"/Engine/EngineMaterials/Substrate/Glints2/dict_0004_0164" 9170
"../../../Engine/Content/EngineMaterials/Substrate/Glints2/dict_0004_0184.uasset" 9171
"../../../Engine/Content/EngineMaterials/Substrate/Glints2/dict_0004_0183.uasset" 9172
"/Engine/EngineMaterials/Substrate/Glints2/dict_0004_0163" 9173
"../../../Engine/Content/EngineMaterials/Substrate/Glints2/dict_0004_0185.uasset" 9174
"/Engine/EngineMaterials/Substrate/Glints2/dict_0004_0162" 9175
"/Engine/EngineMaterials/Substrate/Glints2/dict_0004_0161" 9176
"/Engine/EngineMaterials/Substrate/Glints2/dict_0004_0160" 9177
"/Engine/EngineMaterials/Substrate/Glints2/dict_0004_0159" 9178
"/Engine/EngineMaterials/Substrate/Glints2/dict_0004_0158" 9179
"/Engine/EngineMaterials/Substrate/Glints2/dict_0004_0157" 9180
"/Engine/EngineMaterials/Substrate/Glints2/dict_0004_0156" 9181
"/Engine/EngineMaterials/Substrate/Glints2/dict_0004_0155" 9182
"/Engine/EngineMaterials/Substrate/Glints2/dict_0004_0154" 9183
"/Engine/EngineMaterials/Substrate/Glints2/dict_0004_0185" 9184
"../../../Engine/Content/EngineMaterials/Substrate/Glints2/dict_0004_0186.uasset" 9185
"../../../Engine/Content/EngineMaterials/Substrate/Glints2/dict_0004_0187.uasset" 9186
"/Engine/EngineMaterials/Substrate/Glints2/dict_0004_0184" 9187
"../../../Engine/Content/EngineMaterials/Substrate/Glints2/dict_0004_0189.uasset" 9188
"../../../Engine/Content/EngineMaterials/Substrate/Glints2/dict_0004_0188.uasset" 9189
"/Engine/EngineMaterials/Substrate/Glints2/dict_0004_0183" 9190
"../../../Engine/Content/EngineMaterials/Substrate/Glints2/dict_0004_0191.uasset" 9191
"../../../Engine/Content/EngineMaterials/Substrate/Glints2/dict_0004_0190.uasset" 9192
"/Engine/EngineMaterials/Substrate/Glints2/dict_0004_0182" 9193
"../../../Engine/Content/EngineMaterials/Substrate/Glints2/dict_0004_0192.uasset" 9194
"../../../Engine/Content/EngineMaterials/Substrate/Glints2/dict_0004_0194.uasset" 9195
"../../../Engine/Content/EngineMaterials/Substrate/Glints2/dict_0004_0193.uasset" 9196
"/Engine/EngineMaterials/Substrate/Glints2/dict_0004_0181" 9197
"../../../Engine/Content/EngineMaterials/Substrate/Glints2/dict_0004_0195.uasset" 9198
"../../../Engine/Content/EngineMaterials/Substrate/Glints2/dict_0004_0196.uasset" 9199
"../../../Engine/Content/EngineMaterials/Substrate/Glints2/dict_0004_0197.uasset" 9200
"/Engine/EngineMaterials/Substrate/Glints2/dict_0004_0180" 9201
"../../../Engine/Content/EngineMaterials/Substrate/Glints2/dict_0004_0198.uasset" 9202
"../../../Engine/Content/EngineMaterials/Substrate/Glints2/dict_0004_0199.uasset" 9203
"../../../Engine/Content/EngineMaterials/Substrate/Glints2/dict_0004_0200.uasset" 9204
"/Engine/EngineMaterials/Substrate/Glints2/dict_0004_0179" 9205
"../../../Engine/Content/EngineMaterials/Substrate/Glints2/dict_0004_0201.uasset" 9206
"../../../Engine/Content/EngineMaterials/Substrate/Glints2/dict_0004_0202.uasset" 9207
"/Engine/EngineMaterials/Substrate/Glints2/dict_0004_0178" 9208
"/Engine/EngineMaterials/Substrate/Glints2/dict_0004_0177" 9209
"/Engine/EngineMaterials/Substrate/Glints2/dict_0004_0176" 9210
"/Engine/EngineMaterials/Substrate/Glints2/dict_0004_0175" 9211
"/Engine/EngineMaterials/Substrate/Glints2/dict_0004_0174" 9212
"/Engine/EngineMaterials/Substrate/Glints2/dict_0004_0173" 9213
"/Engine/EngineMaterials/Substrate/Glints2/dict_0004_0172" 9214
"/Engine/EngineMaterials/Substrate/Glints2/dict_0004_0171" 9215
"../../../Engine/Content/EngineMaterials/Substrate/Glints2/dict_0004_0204.uasset" 9216
"../../../Engine/Content/EngineMaterials/Substrate/Glints2/dict_0004_0203.uasset" 9217
"/Engine/EngineMaterials/Substrate/Glints2/dict_0004_0202" 9218
"../../../Engine/Content/EngineMaterials/Substrate/Glints2/dict_0004_0205.uasset" 9219
"/Engine/EngineMaterials/Substrate/Glints2/dict_0004_0201" 9220
"../../../Engine/Content/EngineMaterials/Substrate/Glints2/dict_0004_0206.uasset" 9221
"../../../Engine/Content/EngineMaterials/Substrate/Glints2/dict_0004_0207.uasset" 9222
"/Engine/EngineMaterials/Substrate/Glints2/dict_0004_0200" 9223
"../../../Engine/Content/EngineMaterials/Substrate/Glints2/dict_0004_0208.uasset" 9224
"../../../Engine/Content/EngineMaterials/Substrate/Glints2/dict_0004_0209.uasset" 9225
"/Engine/EngineMaterials/Substrate/Glints2/dict_0004_0199" 9226
"../../../Engine/Content/EngineMaterials/Substrate/Glints2/dict_0004_0211.uasset" 9227
"../../../Engine/Content/EngineMaterials/Substrate/Glints2/dict_0004_0210.uasset" 9228
"/Engine/EngineMaterials/Substrate/Glints2/dict_0004_0198" 9229
"../../../Engine/Content/EngineMaterials/Substrate/Glints2/dict_0004_0212.uasset" 9230
"../../../Engine/Content/EngineMaterials/Substrate/Glints2/dict_0004_0213.uasset" 9231
"/Engine/EngineMaterials/Substrate/Glints2/dict_0004_0197" 9232
"../../../Engine/Content/EngineMaterials/Substrate/Glints2/dict_0004_0214.uasset" 9233
"../../../Engine/Content/EngineMaterials/Substrate/Glints2/dict_0004_0215.uasset" 9234
"/Engine/EngineMaterials/Substrate/Glints2/dict_0004_0196" 9235
"../../../Engine/Content/EngineMaterials/Substrate/Glints2/dict_0004_0216.uasset" 9236
"../../../Engine/Content/EngineMaterials/Substrate/Glints2/dict_0004_0217.uasset" 9237
"/Engine/EngineMaterials/Substrate/Glints2/dict_0004_0195" 9238
"/Engine/EngineMaterials/Substrate/Glints2/dict_0004_0194" 9239
"/Engine/EngineMaterials/Substrate/Glints2/dict_0004_0193" 9240
"/Engine/EngineMaterials/Substrate/Glints2/dict_0004_0192" 9241
"/Engine/EngineMaterials/Substrate/Glints2/dict_0004_0191" 9242
"/Engine/EngineMaterials/Substrate/Glints2/dict_0004_0190" 9243
"/Engine/EngineMaterials/Substrate/Glints2/dict_0004_0189" 9244
"/Engine/EngineMaterials/Substrate/Glints2/dict_0004_0188" 9245
"/Engine/EngineMaterials/Substrate/Glints2/dict_0004_0187" 9246
"/Engine/EngineMaterials/Substrate/Glints2/dict_0004_0186" 9247
"../../../Engine/Content/EngineMaterials/Substrate/Glints2/dict_0004_0219.uasset" 9248
"../../../Engine/Content/EngineMaterials/Substrate/Glints2/dict_0004_0218.uasset" 9249
"/Engine/EngineMaterials/Substrate/Glints2/dict_0004_0217" 9250
"../../../Engine/Content/EngineMaterials/Substrate/Glints2/dict_0004_0220.uasset" 9251
"/Engine/EngineMaterials/Substrate/Glints2/dict_0004_0216" 9252
"../../../Engine/Content/EngineMaterials/Substrate/Glints2/dict_0004_0221.uasset" 9253
"/Engine/EngineMaterials/Substrate/Glints2/dict_0004_0215" 9254
"/Engine/EngineMaterials/Substrate/Glints2/dict_0004_0214" 9255
"/Engine/EngineMaterials/Substrate/Glints2/dict_0004_0213" 9256
"/Engine/EngineMaterials/Substrate/Glints2/dict_0004_0212" 9257
"/Engine/EngineMaterials/Substrate/Glints2/dict_0004_0211" 9258
"../../../Engine/Content/EngineMaterials/Substrate/Glints2/dict_0004_0222.uasset" 9259
"/Engine/EngineMaterials/Substrate/Glints2/dict_0004_0210" 9260
"../../../Engine/Content/EngineMaterials/Substrate/Glints2/dict_0004_0223.uasset" 9261
"../../../Engine/Content/EngineMaterials/Substrate/Glints2/dict_0004_0224.uasset" 9262
"/Engine/EngineMaterials/Substrate/Glints2/dict_0004_0209" 9263
"../../../Engine/Content/EngineMaterials/Substrate/Glints2/dict_0004_0225.uasset" 9264
"../../../Engine/Content/EngineMaterials/Substrate/Glints2/dict_0004_0226.uasset" 9265
"/Engine/EngineMaterials/Substrate/Glints2/dict_0004_0208" 9266
"../../../Engine/Content/EngineMaterials/Substrate/Glints2/dict_0004_0227.uasset" 9267
"../../../Engine/Content/EngineMaterials/Substrate/Glints2/dict_0004_0228.uasset" 9268
"../../../Engine/Content/EngineMaterials/Substrate/Glints2/dict_0004_0229.uasset" 9269
"../../../Engine/Content/EngineMaterials/Substrate/Glints2/dict_0004_0230.uasset" 9270
"/Engine/EngineMaterials/Substrate/Glints2/dict_0004_0207" 9271
"../../../Engine/Content/EngineMaterials/Substrate/Glints2/dict_0004_0231.uasset" 9272
"../../../Engine/Content/EngineMaterials/Substrate/Glints2/dict_0004_0233.uasset" 9273
"../../../Engine/Content/EngineMaterials/Substrate/Glints2/dict_0004_0232.uasset" 9274
"/Engine/EngineMaterials/Substrate/Glints2/dict_0004_0206" 9275
"../../../Engine/Content/EngineMaterials/Substrate/Glints2/dict_0004_0234.uasset" 9276
"/Engine/EngineMaterials/Substrate/Glints2/dict_0004_0205" 9277
"/Engine/EngineMaterials/Substrate/Glints2/dict_0004_0204" 9278
"/Engine/EngineMaterials/Substrate/Glints2/dict_0004_0203" 9279
"../../../Engine/Content/EngineMaterials/Substrate/Glints2/dict_0004_0235.uasset" 9280
"../../../Engine/Content/EngineMaterials/Substrate/Glints2/dict_0004_0236.uasset" 9281
"/Engine/EngineMaterials/Substrate/Glints2/dict_0004_0234" 9282
"../../../Engine/Content/EngineMaterials/Substrate/Glints2/dict_0004_0237.uasset" 9283
"../../../Engine/Content/EngineMaterials/Substrate/Glints2/dict_0004_0238.uasset" 9284
"../../../Engine/Content/EngineMaterials/Substrate/Glints2/dict_0004_0239.uasset" 9285
"/Engine/EngineMaterials/Substrate/Glints2/dict_0004_0233" 9286
"../../../Engine/Content/EngineMaterials/Substrate/Glints2/dict_0004_0240.uasset" 9287
"../../../Engine/Content/EngineMaterials/Substrate/Glints2/dict_0004_0241.uasset" 9288
"/Engine/EngineMaterials/Substrate/Glints2/dict_0004_0232" 9289
"../../../Engine/Content/EngineMaterials/Substrate/Glints2/dict_0004_0242.uasset" 9290
"../../../Engine/Content/EngineMaterials/Substrate/Glints2/dict_0004_0243.uasset" 9291
"/Engine/EngineMaterials/Substrate/Glints2/dict_0004_0231" 9292
"../../../Engine/Content/EngineMaterials/Substrate/Glints2/dict_0004_0245.uasset" 9293
"../../../Engine/Content/EngineMaterials/Substrate/Glints2/dict_0004_0244.uasset" 9294
"/Engine/EngineMaterials/Substrate/Glints2/dict_0004_0230" 9295
"../../../Engine/Content/EngineMaterials/Substrate/Glints2/dict_0004_0246.uasset" 9296
"../../../Engine/Content/EngineMaterials/Substrate/Glints2/dict_0004_0247.uasset" 9297
"/Engine/EngineMaterials/Substrate/Glints2/dict_0004_0229" 9298
"../../../Engine/Content/EngineMaterials/Substrate/Glints2/dict_0004_0248.uasset" 9299
"../../../Engine/Content/EngineMaterials/Substrate/Glints2/dict_0004_0249.uasset" 9300
"/Engine/EngineMaterials/Substrate/Glints2/dict_0004_0228" 9301
"/Engine/EngineMaterials/Substrate/Glints2/dict_0004_0227" 9302
"/Engine/EngineMaterials/Substrate/Glints2/dict_0004_0226" 9303
"/Engine/EngineMaterials/Substrate/Glints2/dict_0004_0225" 9304
"/Engine/EngineMaterials/Substrate/Glints2/dict_0004_0224" 9305
"/Engine/EngineMaterials/Substrate/Glints2/dict_0004_0223" 9306
"/Engine/EngineMaterials/Substrate/Glints2/dict_0004_0222" 9307
"/Engine/EngineMaterials/Substrate/Glints2/dict_0004_0221" 9308
"/Engine/EngineMaterials/Substrate/Glints2/dict_0004_0220" 9309
"/Engine/EngineMaterials/Substrate/Glints2/dict_0004_0219" 9310
"/Engine/EngineMaterials/Substrate/Glints2/dict_0004_0218" 9311
"../../../Engine/Content/EngineMaterials/Substrate/Glints2/dict_0004_0250.uasset" 9312
"/Engine/EngineMaterials/Substrate/Glints2/dict_0004_0249" 9313
"../../../Engine/Content/EngineMaterials/Substrate/Glints2/dict_0004_0251.uasset" 9314
"/Engine/EngineMaterials/Substrate/Glints2/dict_0004_0248" 9315
"../../../Engine/Content/EngineMaterials/Substrate/Glints2/dict_0004_0253.uasset" 9316
"../../../Engine/Content/EngineMaterials/Substrate/Glints2/dict_0004_0252.uasset" 9317
"/Engine/EngineMaterials/Substrate/Glints2/dict_0004_0247" 9318
"../../../Engine/Content/EngineMaterials/Substrate/Glints2/dict_0004_0254.uasset" 9319
"../../../Engine/Content/EngineMaterials/Substrate/Glints2/dict_0004_0255.uasset" 9320
"/Engine/EngineMaterials/Substrate/Glints2/dict_0004_0246" 9321
"../../../Engine/Content/EngineMaterials/Substrate/Glints2/dict_0005_0000.uasset" 9322
"../../../Engine/Content/EngineMaterials/Substrate/Glints2/dict_0005_0001.uasset" 9323
"../../../Engine/Content/EngineMaterials/Substrate/Glints2/dict_0005_0003.uasset" 9324
"/Engine/EngineMaterials/Substrate/Glints2/dict_0004_0245" 9325
"../../../Engine/Content/EngineMaterials/Substrate/Glints2/dict_0005_0002.uasset" 9326
"../../../Engine/Content/EngineMaterials/Substrate/Glints2/dict_0005_0004.uasset" 9327
"../../../Engine/Content/EngineMaterials/Substrate/Glints2/dict_0005_0005.uasset" 9328
"/Engine/EngineMaterials/Substrate/Glints2/dict_0004_0244" 9329
"../../../Engine/Content/EngineMaterials/Substrate/Glints2/dict_0005_0006.uasset" 9330
"../../../Engine/Content/EngineMaterials/Substrate/Glints2/dict_0005_0007.uasset" 9331
"../../../Engine/Content/EngineMaterials/Substrate/Glints2/dict_0005_0008.uasset" 9332
"/Engine/EngineMaterials/Substrate/Glints2/dict_0004_0243" 9333
"../../../Engine/Content/EngineMaterials/Substrate/Glints2/dict_0005_0009.uasset" 9334
"../../../Engine/Content/EngineMaterials/Substrate/Glints2/dict_0005_0010.uasset" 9335
"/Engine/EngineMaterials/Substrate/Glints2/dict_0004_0242" 9336
"/Engine/EngineMaterials/Substrate/Glints2/dict_0004_0241" 9337
"/Engine/EngineMaterials/Substrate/Glints2/dict_0004_0240" 9338
"/Engine/EngineMaterials/Substrate/Glints2/dict_0004_0239" 9339
"/Engine/EngineMaterials/Substrate/Glints2/dict_0004_0238" 9340
"/Engine/EngineMaterials/Substrate/Glints2/dict_0004_0237" 9341
"/Engine/EngineMaterials/Substrate/Glints2/dict_0004_0236" 9342
"/Engine/EngineMaterials/Substrate/Glints2/dict_0004_0235" 9343
"../../../Engine/Content/EngineMaterials/Substrate/Glints2/dict_0005_0011.uasset" 9344
"../../../Engine/Content/EngineMaterials/Substrate/Glints2/dict_0005_0012.uasset" 9345
"/Engine/EngineMaterials/Substrate/Glints2/dict_0005_0010" 9346
"../../../Engine/Content/EngineMaterials/Substrate/Glints2/dict_0005_0013.uasset" 9347
"../../../Engine/Content/EngineMaterials/Substrate/Glints2/dict_0005_0014.uasset" 9348
"/Engine/EngineMaterials/Substrate/Glints2/dict_0005_0009" 9349
"../../../Engine/Content/EngineMaterials/Substrate/Glints2/dict_0005_0015.uasset" 9350
"../../../Engine/Content/EngineMaterials/Substrate/Glints2/dict_0005_0016.uasset" 9351
"../../../Engine/Content/EngineMaterials/Substrate/Glints2/dict_0005_0017.uasset" 9352
"/Engine/EngineMaterials/Substrate/Glints2/dict_0005_0008" 9353
"../../../Engine/Content/EngineMaterials/Substrate/Glints2/dict_0005_0018.uasset" 9354
"../../../Engine/Content/EngineMaterials/Substrate/Glints2/dict_0005_0019.uasset" 9355
"/Engine/EngineMaterials/Substrate/Glints2/dict_0005_0007" 9356
"../../../Engine/Content/EngineMaterials/Substrate/Glints2/dict_0005_0021.uasset" 9357
"../../../Engine/Content/EngineMaterials/Substrate/Glints2/dict_0005_0020.uasset" 9358
"/Engine/EngineMaterials/Substrate/Glints2/dict_0005_0006" 9359
"../../../Engine/Content/EngineMaterials/Substrate/Glints2/dict_0005_0022.uasset" 9360
"../../../Engine/Content/EngineMaterials/Substrate/Glints2/dict_0005_0023.uasset" 9361
"/Engine/EngineMaterials/Substrate/Glints2/dict_0005_0005" 9362
"../../../Engine/Content/EngineMaterials/Substrate/Glints2/dict_0005_0024.uasset" 9363
"../../../Engine/Content/EngineMaterials/Substrate/Glints2/dict_0005_0025.uasset" 9364
"/Engine/EngineMaterials/Substrate/Glints2/dict_0005_0004" 9365
"/Engine/EngineMaterials/Substrate/Glints2/dict_0005_0003" 9366
"/Engine/EngineMaterials/Substrate/Glints2/dict_0005_0002" 9367
"/Engine/EngineMaterials/Substrate/Glints2/dict_0005_0001" 9368
"/Engine/EngineMaterials/Substrate/Glints2/dict_0005_0000" 9369
"/Engine/EngineMaterials/Substrate/Glints2/dict_0004_0255" 9370
"/Engine/EngineMaterials/Substrate/Glints2/dict_0004_0254" 9371
"/Engine/EngineMaterials/Substrate/Glints2/dict_0004_0253" 9372
"/Engine/EngineMaterials/Substrate/Glints2/dict_0004_0252" 9373
"/Engine/EngineMaterials/Substrate/Glints2/dict_0004_0251" 9374
"/Engine/EngineMaterials/Substrate/Glints2/dict_0004_0250" 9375
"../../../Engine/Content/EngineMaterials/Substrate/Glints2/dict_0005_0026.uasset" 9376
"../../../Engine/Content/EngineMaterials/Substrate/Glints2/dict_0005_0027.uasset" 9377
"/Engine/EngineMaterials/Substrate/Glints2/dict_0005_0025" 9378
"../../../Engine/Content/EngineMaterials/Substrate/Glints2/dict_0005_0028.uasset" 9379
"../../../Engine/Content/EngineMaterials/Substrate/Glints2/dict_0005_0029.uasset" 9380
"/Engine/EngineMaterials/Substrate/Glints2/dict_0005_0024" 9381
"../../../Engine/Content/EngineMaterials/Substrate/Glints2/dict_0005_0030.uasset" 9382
"../../../Engine/Content/EngineMaterials/Substrate/Glints2/dict_0005_0031.uasset" 9383
"/Engine/EngineMaterials/Substrate/Glints2/dict_0005_0023" 9384
"../../../Engine/Content/EngineMaterials/Substrate/Glints2/dict_0005_0033.uasset" 9385
"../../../Engine/Content/EngineMaterials/Substrate/Glints2/dict_0005_0032.uasset" 9386
"/Engine/EngineMaterials/Substrate/Glints2/dict_0005_0022" 9387
"../../../Engine/Content/EngineMaterials/Substrate/Glints2/dict_0005_0034.uasset" 9388
"../../../Engine/Content/EngineMaterials/Substrate/Glints2/dict_0005_0035.uasset" 9389
"/Engine/EngineMaterials/Substrate/Glints2/dict_0005_0021" 9390
"../../../Engine/Content/EngineMaterials/Substrate/Glints2/dict_0005_0037.uasset" 9391
"../../../Engine/Content/EngineMaterials/Substrate/Glints2/dict_0005_0036.uasset" 9392
"../../../Engine/Content/EngineMaterials/Substrate/Glints2/dict_0005_0038.uasset" 9393
"../../../Engine/Content/EngineMaterials/Substrate/Glints2/dict_0005_0039.uasset" 9394
"/Engine/EngineMaterials/Substrate/Glints2/dict_0005_0020" 9395
"../../../Engine/Content/EngineMaterials/Substrate/Glints2/dict_0005_0040.uasset" 9396
"../../../Engine/Content/EngineMaterials/Substrate/Glints2/dict_0005_0041.uasset" 9397
"/Engine/EngineMaterials/Substrate/Glints2/dict_0005_0019" 9398
"../../../Engine/Content/EngineMaterials/Substrate/Glints2/dict_0005_0042.uasset" 9399
"/Engine/EngineMaterials/Substrate/Glints2/dict_0005_0018" 9400
"/Engine/EngineMaterials/Substrate/Glints2/dict_0005_0017" 9401
"/Engine/EngineMaterials/Substrate/Glints2/dict_0005_0016" 9402
"/Engine/EngineMaterials/Substrate/Glints2/dict_0005_0015" 9403
"/Engine/EngineMaterials/Substrate/Glints2/dict_0005_0014" 9404
"/Engine/EngineMaterials/Substrate/Glints2/dict_0005_0013" 9405
"/Engine/EngineMaterials/Substrate/Glints2/dict_0005_0012" 9406
"/Engine/EngineMaterials/Substrate/Glints2/dict_0005_0011" 9407
"../../../Engine/Content/EngineMaterials/Substrate/Glints2/dict_0005_0044.uasset" 9408
"../../../Engine/Content/EngineMaterials/Substrate/Glints2/dict_0005_0043.uasset" 9409
"/Engine/EngineMaterials/Substrate/Glints2/dict_0005_0042" 9410
"../../../Engine/Content/EngineMaterials/Substrate/Glints2/dict_0005_0045.uasset" 9411
"/Engine/EngineMaterials/Substrate/Glints2/dict_0005_0041" 9412
"../../../Engine/Content/EngineMaterials/Substrate/Glints2/dict_0005_0046.uasset" 9413
"../../../Engine/Content/EngineMaterials/Substrate/Glints2/dict_0005_0047.uasset" 9414
"../../../Engine/Content/EngineMaterials/Substrate/Glints2/dict_0005_0048.uasset" 9415
"/Engine/EngineMaterials/Substrate/Glints2/dict_0005_0040" 9416
"../../../Engine/Content/EngineMaterials/Substrate/Glints2/dict_0005_0049.uasset" 9417
"../../../Engine/Content/EngineMaterials/Substrate/Glints2/dict_0005_0050.uasset" 9418
"/Engine/EngineMaterials/Substrate/Glints2/dict_0005_0039" 9419
"../../../Engine/Content/EngineMaterials/Substrate/Glints2/dict_0005_0051.uasset" 9420
"../../../Engine/Content/EngineMaterials/Substrate/Glints2/dict_0005_0052.uasset" 9421
"/Engine/EngineMaterials/Substrate/Glints2/dict_0005_0038" 9422
"../../../Engine/Content/EngineMaterials/Substrate/Glints2/dict_0005_0053.uasset" 9423
"../../../Engine/Content/EngineMaterials/Substrate/Glints2/dict_0005_0054.uasset" 9424
"../../../Engine/Content/EngineMaterials/Substrate/Glints2/dict_0005_0055.uasset" 9425
"/Engine/EngineMaterials/Substrate/Glints2/dict_0005_0037" 9426
"/Engine/EngineMaterials/Substrate/Glints2/dict_0005_0036" 9427
"../../../Engine/Content/EngineMaterials/Substrate/Glints2/dict_0005_0057.uasset" 9428
"../../../Engine/Content/EngineMaterials/Substrate/Glints2/dict_0005_0056.uasset" 9429
"/Engine/EngineMaterials/Substrate/Glints2/dict_0005_0035" 9430
"/Engine/EngineMaterials/Substrate/Glints2/dict_0005_0034" 9431
"/Engine/EngineMaterials/Substrate/Glints2/dict_0005_0033" 9432
"/Engine/EngineMaterials/Substrate/Glints2/dict_0005_0032" 9433
"/Engine/EngineMaterials/Substrate/Glints2/dict_0005_0031" 9434
"/Engine/EngineMaterials/Substrate/Glints2/dict_0005_0030" 9435
"/Engine/EngineMaterials/Substrate/Glints2/dict_0005_0029" 9436
"/Engine/EngineMaterials/Substrate/Glints2/dict_0005_0028" 9437
"/Engine/EngineMaterials/Substrate/Glints2/dict_0005_0027" 9438
"/Engine/EngineMaterials/Substrate/Glints2/dict_0005_0026" 9439
"../../../Engine/Content/EngineMaterials/Substrate/Glints2/dict_0005_0058.uasset" 9440
"../../../Engine/Content/EngineMaterials/Substrate/Glints2/dict_0005_0059.uasset" 9441
"/Engine/EngineMaterials/Substrate/Glints2/dict_0005_0057" 9442
"../../../Engine/Content/EngineMaterials/Substrate/Glints2/dict_0005_0060.uasset" 9443
"../../../Engine/Content/EngineMaterials/Substrate/Glints2/dict_0005_0061.uasset" 9444
"/Engine/EngineMaterials/Substrate/Glints2/dict_0005_0056" 9445
"../../../Engine/Content/EngineMaterials/Substrate/Glints2/dict_0005_0062.uasset" 9446
"../../../Engine/Content/EngineMaterials/Substrate/Glints2/dict_0005_0063.uasset" 9447
"/Engine/EngineMaterials/Substrate/Glints2/dict_0005_0055" 9448
"../../../Engine/Content/EngineMaterials/Substrate/Glints2/dict_0005_0064.uasset" 9449
"../../../Engine/Content/EngineMaterials/Substrate/Glints2/dict_0005_0065.uasset" 9450
"/Engine/EngineMaterials/Substrate/Glints2/dict_0005_0054" 9451
"../../../Engine/Content/EngineMaterials/Substrate/Glints2/dict_0005_0066.uasset" 9452
"../../../Engine/Content/EngineMaterials/Substrate/Glints2/dict_0005_0067.uasset" 9453
"/Engine/EngineMaterials/Substrate/Glints2/dict_0005_0053" 9454
"../../../Engine/Content/EngineMaterials/Substrate/Glints2/dict_0005_0068.uasset" 9455
"../../../Engine/Content/EngineMaterials/Substrate/Glints2/dict_0005_0069.uasset" 9456
"/Engine/EngineMaterials/Substrate/Glints2/dict_0005_0052" 9457
"../../../Engine/Content/EngineMaterials/Substrate/Glints2/dict_0005_0070.uasset" 9458
"../../../Engine/Content/EngineMaterials/Substrate/Glints2/dict_0005_0071.uasset" 9459
"/Engine/EngineMaterials/Substrate/Glints2/dict_0005_0051" 9460
"../../../Engine/Content/EngineMaterials/Substrate/Glints2/dict_0005_0072.uasset" 9461
"../../../Engine/Content/EngineMaterials/Substrate/Glints2/dict_0005_0073.uasset" 9462
"/Engine/EngineMaterials/Substrate/Glints2/dict_0005_0050" 9463
"../../../Engine/Content/EngineMaterials/Substrate/Glints2/dict_0005_0074.uasset" 9464
"/Engine/EngineMaterials/Substrate/Glints2/dict_0005_0049" 9465
"/Engine/EngineMaterials/Substrate/Glints2/dict_0005_0048" 9466
"/Engine/EngineMaterials/Substrate/Glints2/dict_0005_0047" 9467
"/Engine/EngineMaterials/Substrate/Glints2/dict_0005_0046" 9468
"/Engine/EngineMaterials/Substrate/Glints2/dict_0005_0045" 9469
"/Engine/EngineMaterials/Substrate/Glints2/dict_0005_0044" 9470
"/Engine/EngineMaterials/Substrate/Glints2/dict_0005_0043" 9471
"../../../Engine/Content/EngineMaterials/Substrate/Glints2/dict_0005_0076.uasset" 9472
"../../../Engine/Content/EngineMaterials/Substrate/Glints2/dict_0005_0075.uasset" 9473
"/Engine/EngineMaterials/Substrate/Glints2/dict_0005_0074" 9474
"../../../Engine/Content/EngineMaterials/Substrate/Glints2/dict_0005_0077.uasset" 9475
"../../../Engine/Content/EngineMaterials/Substrate/Glints2/dict_0005_0078.uasset" 9476
"/Engine/EngineMaterials/Substrate/Glints2/dict_0005_0073" 9477
"../../../Engine/Content/EngineMaterials/Substrate/Glints2/dict_0005_0079.uasset" 9478
"../../../Engine/Content/EngineMaterials/Substrate/Glints2/dict_0005_0080.uasset" 9479
"/Engine/EngineMaterials/Substrate/Glints2/dict_0005_0072" 9480
"../../../Engine/Content/EngineMaterials/Substrate/Glints2/dict_0005_0081.uasset" 9481
"../../../Engine/Content/EngineMaterials/Substrate/Glints2/dict_0005_0082.uasset" 9482
"../../../Engine/Content/EngineMaterials/Substrate/Glints2/dict_0005_0083.uasset" 9483
"/Engine/EngineMaterials/Substrate/Glints2/dict_0005_0071" 9484
"../../../Engine/Content/EngineMaterials/Substrate/Glints2/dict_0005_0084.uasset" 9485
"../../../Engine/Content/EngineMaterials/Substrate/Glints2/dict_0005_0085.uasset" 9486
"/Engine/EngineMaterials/Substrate/Glints2/dict_0005_0070" 9487
"../../../Engine/Content/EngineMaterials/Substrate/Glints2/dict_0005_0087.uasset" 9488
"../../../Engine/Content/EngineMaterials/Substrate/Glints2/dict_0005_0086.uasset" 9489
"/Engine/EngineMaterials/Substrate/Glints2/dict_0005_0069" 9490
"../../../Engine/Content/EngineMaterials/Substrate/Glints2/dict_0005_0089.uasset" 9491
"../../../Engine/Content/EngineMaterials/Substrate/Glints2/dict_0005_0088.uasset" 9492
"/Engine/EngineMaterials/Substrate/Glints2/dict_0005_0068" 9493
"/Engine/EngineMaterials/Substrate/Glints2/dict_0005_0067" 9494
"/Engine/EngineMaterials/Substrate/Glints2/dict_0005_0066" 9495
"/Engine/EngineMaterials/Substrate/Glints2/dict_0005_0065" 9496
"/Engine/EngineMaterials/Substrate/Glints2/dict_0005_0064" 9497
"/Engine/EngineMaterials/Substrate/Glints2/dict_0005_0063" 9498
"/Engine/EngineMaterials/Substrate/Glints2/dict_0005_0062" 9499
"/Engine/EngineMaterials/Substrate/Glints2/dict_0005_0061" 9500
"/Engine/EngineMaterials/Substrate/Glints2/dict_0005_0060" 9501
"/Engine/EngineMaterials/Substrate/Glints2/dict_0005_0059" 9502
"/Engine/EngineMaterials/Substrate/Glints2/dict_0005_0058" 9503
"../../../Engine/Content/EngineMaterials/Substrate/Glints2/dict_0005_0090.uasset" 9504
"../../../Engine/Content/EngineMaterials/Substrate/Glints2/dict_0005_0091.uasset" 9505
"/Engine/EngineMaterials/Substrate/Glints2/dict_0005_0089" 9506
"/Engine/EngineMaterials/Substrate/Glints2/dict_0005_0088" 9507
"../../../Engine/Content/EngineMaterials/Substrate/Glints2/dict_0005_0092.uasset" 9508
"../../../Engine/Content/EngineMaterials/Substrate/Glints2/dict_0005_0093.uasset" 9509
"/Engine/EngineMaterials/Substrate/Glints2/dict_0005_0087" 9510
"../../../Engine/Content/EngineMaterials/Substrate/Glints2/dict_0005_0094.uasset" 9511
"../../../Engine/Content/EngineMaterials/Substrate/Glints2/dict_0005_0095.uasset" 9512
"/Engine/EngineMaterials/Substrate/Glints2/dict_0005_0086" 9513
"../../../Engine/Content/EngineMaterials/Substrate/Glints2/dict_0005_0097.uasset" 9514
"../../../Engine/Content/EngineMaterials/Substrate/Glints2/dict_0005_0096.uasset" 9515
"/Engine/EngineMaterials/Substrate/Glints2/dict_0005_0085" 9516
"../../../Engine/Content/EngineMaterials/Substrate/Glints2/dict_0005_0098.uasset" 9517
"/Engine/EngineMaterials/Substrate/Glints2/dict_0005_0084" 9518
"../../../Engine/Content/EngineMaterials/Substrate/Glints2/dict_0005_0099.uasset" 9519
"/Engine/EngineMaterials/Substrate/Glints2/dict_0005_0083" 9520
"/Engine/EngineMaterials/Substrate/Glints2/dict_0005_0082" 9521
"/Engine/EngineMaterials/Substrate/Glints2/dict_0005_0081" 9522
"/Engine/EngineMaterials/Substrate/Glints2/dict_0005_0080" 9523
"../../../Engine/Content/EngineMaterials/Substrate/Glints2/dict_0005_0101.uasset" 9524
"/Engine/EngineMaterials/Substrate/Glints2/dict_0005_0079" 9525
"../../../Engine/Content/EngineMaterials/Substrate/Glints2/dict_0005_0102.uasset" 9526
"/Engine/EngineMaterials/Substrate/Glints2/dict_0005_0078" 9527
"../../../Engine/Content/EngineMaterials/Substrate/Glints2/dict_0005_0103.uasset" 9528
"/Engine/EngineMaterials/Substrate/Glints2/dict_0005_0077" 9529
"../../../Engine/Content/EngineMaterials/Substrate/Glints2/dict_0005_0104.uasset" 9530
"/Engine/EngineMaterials/Substrate/Glints2/dict_0005_0076" 9531
"../../../Engine/Content/EngineMaterials/Substrate/Glints2/dict_0005_0105.uasset" 9532
"../../../Engine/Content/EngineMaterials/Substrate/Glints2/dict_0005_0106.uasset" 9533
"/Engine/EngineMaterials/Substrate/Glints2/dict_0005_0075" 9534
"/Engine/EngineMaterials/Substrate/Glints2/dict_0005_0106" 9535
"/Engine/EngineMaterials/Substrate/Glints2/dict_0005_0104" 9536
"../../../Engine/Content/EngineMaterials/Substrate/Glints2/dict_0005_0100.uasset" 9537
"/Engine/EngineMaterials/Substrate/Glints2/dict_0005_0103" 9538
"../../../Engine/Content/EngineMaterials/Substrate/Glints2/dict_0005_0107.uasset" 9539
"/Engine/EngineMaterials/Substrate/Glints2/dict_0005_0102" 9540
"../../../Engine/Content/EngineMaterials/Substrate/Glints2/dict_0005_0108.uasset" 9541
"/Engine/EngineMaterials/Substrate/Glints2/dict_0005_0101" 9542
"../../../Engine/Content/EngineMaterials/Substrate/Glints2/dict_0005_0109.uasset" 9543
"../../../Engine/Content/EngineMaterials/Substrate/Glints2/dict_0005_0110.uasset" 9544
"../../../Engine/Content/EngineMaterials/Substrate/Glints2/dict_0005_0111.uasset" 9545
"/Engine/EngineMaterials/Substrate/Glints2/dict_0005_0099" 9546
"../../../Engine/Content/EngineMaterials/Substrate/Glints2/dict_0005_0112.uasset" 9547
"../../../Engine/Content/EngineMaterials/Substrate/Glints2/dict_0005_0113.uasset" 9548
"/Engine/EngineMaterials/Substrate/Glints2/dict_0005_0098" 9549
"../../../Engine/Content/EngineMaterials/Substrate/Glints2/dict_0005_0114.uasset" 9550
"../../../Engine/Content/EngineMaterials/Substrate/Glints2/dict_0005_0115.uasset" 9551
"/Engine/EngineMaterials/Substrate/Glints2/dict_0005_0097" 9552
"../../../Engine/Content/EngineMaterials/Substrate/Glints2/dict_0005_0116.uasset" 9553
"../../../Engine/Content/EngineMaterials/Substrate/Glints2/dict_0005_0117.uasset" 9554
"/Engine/EngineMaterials/Substrate/Glints2/dict_0005_0096" 9555
"../../../Engine/Content/EngineMaterials/Substrate/Glints2/dict_0005_0118.uasset" 9556
"../../../Engine/Content/EngineMaterials/Substrate/Glints2/dict_0005_0119.uasset" 9557
"/Engine/EngineMaterials/Substrate/Glints2/dict_0005_0095" 9558
"../../../Engine/Content/EngineMaterials/Substrate/Glints2/dict_0005_0120.uasset" 9559
"../../../Engine/Content/EngineMaterials/Substrate/Glints2/dict_0005_0121.uasset" 9560
"/Engine/EngineMaterials/Substrate/Glints2/dict_0005_0094" 9561
"/Engine/EngineMaterials/Substrate/Glints2/dict_0005_0093" 9562
"/Engine/EngineMaterials/Substrate/Glints2/dict_0005_0092" 9563
"/Engine/EngineMaterials/Substrate/Glints2/dict_0005_0091" 9564
"/Engine/EngineMaterials/Substrate/Glints2/dict_0005_0090" 9565
"../../../Engine/Content/EngineMaterials/Substrate/Glints2/dict_0005_0123.uasset" 9566
"../../../Engine/Content/EngineMaterials/Substrate/Glints2/dict_0005_0122.uasset" 9567
"/Engine/EngineMaterials/Substrate/Glints2/dict_0005_0121" 9568
"../../../Engine/Content/EngineMaterials/Substrate/Glints2/dict_0005_0124.uasset" 9569
"../../../Engine/Content/EngineMaterials/Substrate/Glints2/dict_0005_0125.uasset" 9570
"/Engine/EngineMaterials/Substrate/Glints2/dict_0005_0120" 9571
"../../../Engine/Content/EngineMaterials/Substrate/Glints2/dict_0005_0126.uasset" 9572
"/Engine/EngineMaterials/Substrate/Glints2/dict_0005_0119" 9573
"../../../Engine/Content/EngineMaterials/Substrate/Glints2/dict_0005_0127.uasset" 9574
"../../../Engine/Content/EngineMaterials/Substrate/Glints2/dict_0005_0128.uasset" 9575
"../../../Engine/Content/EngineMaterials/Substrate/Glints2/dict_0005_0129.uasset" 9576
"/Engine/EngineMaterials/Substrate/Glints2/dict_0005_0118" 9577
"../../../Engine/Content/EngineMaterials/Substrate/Glints2/dict_0005_0130.uasset" 9578
"../../../Engine/Content/EngineMaterials/Substrate/Glints2/dict_0005_0131.uasset" 9579
"/Engine/EngineMaterials/Substrate/Glints2/dict_0005_0117" 9580
"../../../Engine/Content/EngineMaterials/Substrate/Glints2/dict_0005_0132.uasset" 9581
"../../../Engine/Content/EngineMaterials/Substrate/Glints2/dict_0005_0133.uasset" 9582
"/Engine/EngineMaterials/Substrate/Glints2/dict_0005_0116" 9583
"../../../Engine/Content/EngineMaterials/Substrate/Glints2/dict_0005_0134.uasset" 9584
"/Engine/EngineMaterials/Substrate/Glints2/dict_0005_0115" 9585
"../../../Engine/Content/EngineMaterials/Substrate/Glints2/dict_0005_0135.uasset" 9586
"/Engine/EngineMaterials/Substrate/Glints2/dict_0005_0114" 9587
"../../../Engine/Content/EngineMaterials/Substrate/Glints2/dict_0005_0136.uasset" 9588
"/Engine/EngineMaterials/Substrate/Glints2/dict_0005_0113" 9589
"/Engine/EngineMaterials/Substrate/Glints2/dict_0005_0112" 9590
"/Engine/EngineMaterials/Substrate/Glints2/dict_0005_0105" 9591
"/Engine/EngineMaterials/Substrate/Glints2/dict_0005_0111" 9592
"/Engine/EngineMaterials/Substrate/Glints2/dict_0005_0100" 9593
"/Engine/EngineMaterials/Substrate/Glints2/dict_0005_0110" 9594
"/Engine/EngineMaterials/Substrate/Glints2/dict_0005_0109" 9595
"/Engine/EngineMaterials/Substrate/Glints2/dict_0005_0108" 9596
"/Engine/EngineMaterials/Substrate/Glints2/dict_0005_0107" 9597
"../../../Engine/Content/EngineMaterials/Substrate/Glints2/dict_0005_0137.uasset" 9598
"../../../Engine/Content/EngineMaterials/Substrate/Glints2/dict_0005_0138.uasset" 9599
"/Engine/EngineMaterials/Substrate/Glints2/dict_0005_0136" 9600
"/Engine/EngineMaterials/Substrate/Glints2/dict_0005_0135" 9601
"../../../Engine/Content/EngineMaterials/Substrate/Glints2/dict_0005_0139.uasset" 9602
"../../../Engine/Content/EngineMaterials/Substrate/Glints2/dict_0005_0140.uasset" 9603
"/Engine/EngineMaterials/Substrate/Glints2/dict_0005_0134" 9604
"../../../Engine/Content/EngineMaterials/Substrate/Glints2/dict_0005_0142.uasset" 9605
"../../../Engine/Content/EngineMaterials/Substrate/Glints2/dict_0005_0141.uasset" 9606
"/Engine/EngineMaterials/Substrate/Glints2/dict_0005_0133" 9607
"../../../Engine/Content/EngineMaterials/Substrate/Glints2/dict_0005_0144.uasset" 9608
"../../../Engine/Content/EngineMaterials/Substrate/Glints2/dict_0005_0143.uasset" 9609
"../../../Engine/Content/EngineMaterials/Substrate/Glints2/dict_0005_0145.uasset" 9610
"../../../Engine/Content/EngineMaterials/Substrate/Glints2/dict_0005_0146.uasset" 9611
"../../../Engine/Content/EngineMaterials/Substrate/Glints2/dict_0005_0147.uasset" 9612
"/Engine/EngineMaterials/Substrate/Glints2/dict_0005_0132" 9613
"../../../Engine/Content/EngineMaterials/Substrate/Glints2/dict_0005_0148.uasset" 9614
"../../../Engine/Content/EngineMaterials/Substrate/Glints2/dict_0005_0149.uasset" 9615
"/Engine/EngineMaterials/Substrate/Glints2/dict_0005_0131" 9616
"../../../Engine/Content/EngineMaterials/Substrate/Glints2/dict_0005_0150.uasset" 9617
"../../../Engine/Content/EngineMaterials/Substrate/Glints2/dict_0005_0151.uasset" 9618
"/Engine/EngineMaterials/Substrate/Glints2/dict_0005_0130" 9619
"../../../Engine/Content/EngineMaterials/Substrate/Glints2/dict_0005_0153.uasset" 9620
"../../../Engine/Content/EngineMaterials/Substrate/Glints2/dict_0005_0152.uasset" 9621
"/Engine/EngineMaterials/Substrate/Glints2/dict_0005_0129" 9622
"/Engine/EngineMaterials/Substrate/Glints2/dict_0005_0128" 9623
"/Engine/EngineMaterials/Substrate/Glints2/dict_0005_0127" 9624
"/Engine/EngineMaterials/Substrate/Glints2/dict_0005_0126" 9625
"/Engine/EngineMaterials/Substrate/Glints2/dict_0005_0125" 9626
"/Engine/EngineMaterials/Substrate/Glints2/dict_0005_0124" 9627
"/Engine/EngineMaterials/Substrate/Glints2/dict_0005_0123" 9628
"/Engine/EngineMaterials/Substrate/Glints2/dict_0005_0122" 9629
"../../../Engine/Content/EngineMaterials/Substrate/Glints2/dict_0005_0155.uasset" 9630
"../../../Engine/Content/EngineMaterials/Substrate/Glints2/dict_0005_0154.uasset" 9631
"/Engine/EngineMaterials/Substrate/Glints2/dict_0005_0153" 9632
"/Engine/EngineMaterials/Substrate/Glints2/dict_0005_0152" 9633
"/Engine/EngineMaterials/Substrate/Glints2/dict_0005_0151" 9634
"/Engine/EngineMaterials/Substrate/Glints2/dict_0005_0150" 9635
"/Engine/EngineMaterials/Substrate/Glints2/dict_0005_0149" 9636
"../../../Engine/Content/EngineMaterials/Substrate/Glints2/dict_0005_0156.uasset" 9637
"../../../Engine/Content/EngineMaterials/Substrate/Glints2/dict_0005_0157.uasset" 9638
"/Engine/EngineMaterials/Substrate/Glints2/dict_0005_0148" 9639
"../../../Engine/Content/EngineMaterials/Substrate/Glints2/dict_0005_0158.uasset" 9640
"../../../Engine/Content/EngineMaterials/Substrate/Glints2/dict_0005_0159.uasset" 9641
"/Engine/EngineMaterials/Substrate/Glints2/dict_0005_0147" 9642
"../../../Engine/Content/EngineMaterials/Substrate/Glints2/dict_0005_0160.uasset" 9643
"../../../Engine/Content/EngineMaterials/Substrate/Glints2/dict_0005_0161.uasset" 9644
"/Engine/EngineMaterials/Substrate/Glints2/dict_0005_0146" 9645
"../../../Engine/Content/EngineMaterials/Substrate/Glints2/dict_0005_0162.uasset" 9646
"/Engine/EngineMaterials/Substrate/Glints2/dict_0005_0145" 9647
"../../../Engine/Content/EngineMaterials/Substrate/Glints2/dict_0005_0163.uasset" 9648
"../../../Engine/Content/EngineMaterials/Substrate/Glints2/dict_0005_0164.uasset" 9649
"/Engine/EngineMaterials/Substrate/Glints2/dict_0005_0144" 9650
"../../../Engine/Content/EngineMaterials/Substrate/Glints2/dict_0005_0165.uasset" 9651
"../../../Engine/Content/EngineMaterials/Substrate/Glints2/dict_0005_0166.uasset" 9652
"/Engine/EngineMaterials/Substrate/Glints2/dict_0005_0143" 9653
"../../../Engine/Content/EngineMaterials/Substrate/Glints2/dict_0005_0167.uasset" 9654
"../../../Engine/Content/EngineMaterials/Substrate/Glints2/dict_0005_0168.uasset" 9655
"/Engine/EngineMaterials/Substrate/Glints2/dict_0005_0142" 9656
"/Engine/EngineMaterials/Substrate/Glints2/dict_0005_0141" 9657
"/Engine/EngineMaterials/Substrate/Glints2/dict_0005_0140" 9658
"/Engine/EngineMaterials/Substrate/Glints2/dict_0005_0139" 9659
"/Engine/EngineMaterials/Substrate/Glints2/dict_0005_0138" 9660
"/Engine/EngineMaterials/Substrate/Glints2/dict_0005_0137" 9661
"../../../Engine/Content/EngineMaterials/Substrate/Glints2/dict_0005_0170.uasset" 9662
"../../../Engine/Content/EngineMaterials/Substrate/Glints2/dict_0005_0169.uasset" 9663
"/Engine/EngineMaterials/Substrate/Glints2/dict_0005_0168" 9664
"../../../Engine/Content/EngineMaterials/Substrate/Glints2/dict_0005_0172.uasset" 9665
"/Engine/EngineMaterials/Substrate/Glints2/dict_0005_0167" 9666
"../../../Engine/Content/EngineMaterials/Substrate/Glints2/dict_0005_0171.uasset" 9667
"../../../Engine/Content/EngineMaterials/Substrate/Glints2/dict_0005_0173.uasset" 9668
"/Engine/EngineMaterials/Substrate/Glints2/dict_0005_0166" 9669
"../../../Engine/Content/EngineMaterials/Substrate/Glints2/dict_0005_0174.uasset" 9670
"../../../Engine/Content/EngineMaterials/Substrate/Glints2/dict_0005_0175.uasset" 9671
"../../../Engine/Content/EngineMaterials/Substrate/Glints2/dict_0005_0176.uasset" 9672
"/Engine/EngineMaterials/Substrate/Glints2/dict_0005_0165" 9673
"../../../Engine/Content/EngineMaterials/Substrate/Glints2/dict_0005_0177.uasset" 9674
"../../../Engine/Content/EngineMaterials/Substrate/Glints2/dict_0005_0178.uasset" 9675
"/Engine/EngineMaterials/Substrate/Glints2/dict_0005_0164" 9676
"../../../Engine/Content/EngineMaterials/Substrate/Glints2/dict_0005_0179.uasset" 9677
"../../../Engine/Content/EngineMaterials/Substrate/Glints2/dict_0005_0180.uasset" 9678
"/Engine/EngineMaterials/Substrate/Glints2/dict_0005_0163" 9679
"../../../Engine/Content/EngineMaterials/Substrate/Glints2/dict_0005_0181.uasset" 9680
"../../../Engine/Content/EngineMaterials/Substrate/Glints2/dict_0005_0182.uasset" 9681
"/Engine/EngineMaterials/Substrate/Glints2/dict_0005_0162" 9682
"../../../Engine/Content/EngineMaterials/Substrate/Glints2/dict_0005_0183.uasset" 9683
"../../../Engine/Content/EngineMaterials/Substrate/Glints2/dict_0005_0184.uasset" 9684
"/Engine/EngineMaterials/Substrate/Glints2/dict_0005_0161" 9685
"../../../Engine/Content/EngineMaterials/Substrate/Glints2/dict_0005_0185.uasset" 9686
"/Engine/EngineMaterials/Substrate/Glints2/dict_0005_0160" 9687
"/Engine/EngineMaterials/Substrate/Glints2/dict_0005_0159" 9688
"/Engine/EngineMaterials/Substrate/Glints2/dict_0005_0158" 9689
"/Engine/EngineMaterials/Substrate/Glints2/dict_0005_0157" 9690
"/Engine/EngineMaterials/Substrate/Glints2/dict_0005_0156" 9691
"/Engine/EngineMaterials/Substrate/Glints2/dict_0005_0155" 9692
"/Engine/EngineMaterials/Substrate/Glints2/dict_0005_0154" 9693
"../../../Engine/Content/EngineMaterials/Substrate/Glints2/dict_0005_0186.uasset" 9694
"/Engine/EngineMaterials/Substrate/Glints2/dict_0005_0185" 9695
"../../../Engine/Content/EngineMaterials/Substrate/Glints2/dict_0005_0187.uasset" 9696
"../../../Engine/Content/EngineMaterials/Substrate/Glints2/dict_0005_0188.uasset" 9697
"/Engine/EngineMaterials/Substrate/Glints2/dict_0005_0184" 9698
"../../../Engine/Content/EngineMaterials/Substrate/Glints2/dict_0005_0189.uasset" 9699
"../../../Engine/Content/EngineMaterials/Substrate/Glints2/dict_0005_0190.uasset" 9700
"/Engine/EngineMaterials/Substrate/Glints2/dict_0005_0183" 9701
"../../../Engine/Content/EngineMaterials/Substrate/Glints2/dict_0005_0191.uasset" 9702
"../../../Engine/Content/EngineMaterials/Substrate/Glints2/dict_0005_0192.uasset" 9703
"/Engine/EngineMaterials/Substrate/Glints2/dict_0005_0182" 9704
"../../../Engine/Content/EngineMaterials/Substrate/Glints2/dict_0005_0193.uasset" 9705
"../../../Engine/Content/EngineMaterials/Substrate/Glints2/dict_0005_0194.uasset" 9706
"/Engine/EngineMaterials/Substrate/Glints2/dict_0005_0181" 9707
"../../../Engine/Content/EngineMaterials/Substrate/Glints2/dict_0005_0195.uasset" 9708
"../../../Engine/Content/EngineMaterials/Substrate/Glints2/dict_0005_0196.uasset" 9709
"../../../Engine/Content/EngineMaterials/Substrate/Glints2/dict_0005_0197.uasset" 9710
"../../../Engine/Content/EngineMaterials/Substrate/Glints2/dict_0005_0198.uasset" 9711
"/Engine/EngineMaterials/Substrate/Glints2/dict_0005_0180" 9712
"../../../Engine/Content/EngineMaterials/Substrate/Glints2/dict_0005_0199.uasset" 9713
"../../../Engine/Content/EngineMaterials/Substrate/Glints2/dict_0005_0200.uasset" 9714
"/Engine/EngineMaterials/Substrate/Glints2/dict_0005_0179" 9715
"/Engine/EngineMaterials/Substrate/Glints2/dict_0005_0178" 9716
"/Engine/EngineMaterials/Substrate/Glints2/dict_0005_0177" 9717
"/Engine/EngineMaterials/Substrate/Glints2/dict_0005_0176" 9718
"/Engine/EngineMaterials/Substrate/Glints2/dict_0005_0175" 9719
"/Engine/EngineMaterials/Substrate/Glints2/dict_0005_0174" 9720
"/Engine/EngineMaterials/Substrate/Glints2/dict_0005_0173" 9721
"/Engine/EngineMaterials/Substrate/Glints2/dict_0005_0172" 9722
"/Engine/EngineMaterials/Substrate/Glints2/dict_0005_0171" 9723
"/Engine/EngineMaterials/Substrate/Glints2/dict_0005_0170" 9724
"/Engine/EngineMaterials/Substrate/Glints2/dict_0005_0169" 9725
"../../../Engine/Content/EngineMaterials/Substrate/Glints2/dict_0005_0202.uasset" 9726
"../../../Engine/Content/EngineMaterials/Substrate/Glints2/dict_0005_0201.uasset" 9727
"/Engine/EngineMaterials/Substrate/Glints2/dict_0005_0200" 9728
"../../../Engine/Content/EngineMaterials/Substrate/Glints2/dict_0005_0204.uasset" 9729
"../../../Engine/Content/EngineMaterials/Substrate/Glints2/dict_0005_0203.uasset" 9730
"/Engine/EngineMaterials/Substrate/Glints2/dict_0005_0199" 9731
"../../../Engine/Content/EngineMaterials/Substrate/Glints2/dict_0005_0206.uasset" 9732
"../../../Engine/Content/EngineMaterials/Substrate/Glints2/dict_0005_0205.uasset" 9733
"/Engine/EngineMaterials/Substrate/Glints2/dict_0005_0198" 9734
"../../../Engine/Content/EngineMaterials/Substrate/Glints2/dict_0005_0207.uasset" 9735
"../../../Engine/Content/EngineMaterials/Substrate/Glints2/dict_0005_0208.uasset" 9736
"../../../Engine/Content/EngineMaterials/Substrate/Glints2/dict_0005_0209.uasset" 9737
"../../../Engine/Content/EngineMaterials/Substrate/Glints2/dict_0005_0210.uasset" 9738
"/Engine/EngineMaterials/Substrate/Glints2/dict_0005_0197" 9739
"../../../Engine/Content/EngineMaterials/Substrate/Glints2/dict_0005_0211.uasset" 9740
"../../../Engine/Content/EngineMaterials/Substrate/Glints2/dict_0005_0212.uasset" 9741
"../../../Engine/Content/EngineMaterials/Substrate/Glints2/dict_0005_0213.uasset" 9742
"../../../Engine/Content/EngineMaterials/Substrate/Glints2/dict_0005_0214.uasset" 9743
"/Engine/EngineMaterials/Substrate/Glints2/dict_0005_0196" 9744
"../../../Engine/Content/EngineMaterials/Substrate/Glints2/dict_0005_0215.uasset" 9745
"../../../Engine/Content/EngineMaterials/Substrate/Glints2/dict_0005_0216.uasset" 9746
"../../../Engine/Content/EngineMaterials/Substrate/Glints2/dict_0005_0217.uasset" 9747
"/Engine/EngineMaterials/Substrate/Glints2/dict_0005_0195" 9748
"/Engine/EngineMaterials/Substrate/Glints2/dict_0005_0194" 9749
"/Engine/EngineMaterials/Substrate/Glints2/dict_0005_0193" 9750
"/Engine/EngineMaterials/Substrate/Glints2/dict_0005_0192" 9751
"/Engine/EngineMaterials/Substrate/Glints2/dict_0005_0191" 9752
"/Engine/EngineMaterials/Substrate/Glints2/dict_0005_0190" 9753
"/Engine/EngineMaterials/Substrate/Glints2/dict_0005_0189" 9754
"/Engine/EngineMaterials/Substrate/Glints2/dict_0005_0188" 9755
"/Engine/EngineMaterials/Substrate/Glints2/dict_0005_0187" 9756
"/Engine/EngineMaterials/Substrate/Glints2/dict_0005_0186" 9757
"/Engine/EngineMaterials/Substrate/Glints2/dict_0005_0217" 9758
"../../../Engine/Content/EngineMaterials/Substrate/Glints2/dict_0005_0219.uasset" 9759
"../../../Engine/Content/EngineMaterials/Substrate/Glints2/dict_0005_0218.uasset" 9760
"/Engine/EngineMaterials/Substrate/Glints2/dict_0005_0216" 9761
"../../../Engine/Content/EngineMaterials/Substrate/Glints2/dict_0005_0220.uasset" 9762
"../../../Engine/Content/EngineMaterials/Substrate/Glints2/dict_0005_0221.uasset" 9763
"/Engine/EngineMaterials/Substrate/Glints2/dict_0005_0215" 9764
"../../../Engine/Content/EngineMaterials/Substrate/Glints2/dict_0005_0222.uasset" 9765
"../../../Engine/Content/EngineMaterials/Substrate/Glints2/dict_0005_0223.uasset" 9766
"/Engine/EngineMaterials/Substrate/Glints2/dict_0005_0214" 9767
"../../../Engine/Content/EngineMaterials/Substrate/Glints2/dict_0005_0224.uasset" 9768
"../../../Engine/Content/EngineMaterials/Substrate/Glints2/dict_0005_0225.uasset" 9769
"/Engine/EngineMaterials/Substrate/Glints2/dict_0005_0213" 9770
"../../../Engine/Content/EngineMaterials/Substrate/Glints2/dict_0005_0226.uasset" 9771
"../../../Engine/Content/EngineMaterials/Substrate/Glints2/dict_0005_0227.uasset" 9772
"../../../Engine/Content/EngineMaterials/Substrate/Glints2/dict_0005_0228.uasset" 9773
"/Engine/EngineMaterials/Substrate/Glints2/dict_0005_0212" 9774
"../../../Engine/Content/EngineMaterials/Substrate/Glints2/dict_0005_0229.uasset" 9775
"/Engine/EngineMaterials/Substrate/Glints2/dict_0005_0211" 9776
"../../../Engine/Content/EngineMaterials/Substrate/Glints2/dict_0005_0230.uasset" 9777
"../../../Engine/Content/EngineMaterials/Substrate/Glints2/dict_0005_0231.uasset" 9778
"../../../Engine/Content/EngineMaterials/Substrate/Glints2/dict_0005_0232.uasset" 9779
"/Engine/EngineMaterials/Substrate/Glints2/dict_0005_0210" 9780
"/Engine/EngineMaterials/Substrate/Glints2/dict_0005_0209" 9781
"/Engine/EngineMaterials/Substrate/Glints2/dict_0005_0208" 9782
"/Engine/EngineMaterials/Substrate/Glints2/dict_0005_0207" 9783
"/Engine/EngineMaterials/Substrate/Glints2/dict_0005_0206" 9784
"/Engine/EngineMaterials/Substrate/Glints2/dict_0005_0205" 9785
"/Engine/EngineMaterials/Substrate/Glints2/dict_0005_0204" 9786
"/Engine/EngineMaterials/Substrate/Glints2/dict_0005_0203" 9787
"/Engine/EngineMaterials/Substrate/Glints2/dict_0005_0202" 9788
"/Engine/EngineMaterials/Substrate/Glints2/dict_0005_0201" 9789
"../../../Engine/Content/EngineMaterials/Substrate/Glints2/dict_0005_0234.uasset" 9790
"/Engine/EngineMaterials/Substrate/Glints2/dict_0005_0232" 9791
"../../../Engine/Content/EngineMaterials/Substrate/Glints2/dict_0005_0233.uasset" 9792
"/Engine/EngineMaterials/Substrate/Glints2/dict_0005_0231" 9793
"../../../Engine/Content/EngineMaterials/Substrate/Glints2/dict_0005_0235.uasset" 9794
"../../../Engine/Content/EngineMaterials/Substrate/Glints2/dict_0005_0236.uasset" 9795
"/Engine/EngineMaterials/Substrate/Glints2/dict_0005_0230" 9796
"../../../Engine/Content/EngineMaterials/Substrate/Glints2/dict_0005_0237.uasset" 9797
"/Engine/EngineMaterials/Substrate/Glints2/dict_0005_0229" 9798
"../../../Engine/Content/EngineMaterials/Substrate/Glints2/dict_0005_0238.uasset" 9799
"/Engine/EngineMaterials/Substrate/Glints2/dict_0005_0228" 9800
"../../../Engine/Content/EngineMaterials/Substrate/Glints2/dict_0005_0240.uasset" 9801
"../../../Engine/Content/EngineMaterials/Substrate/Glints2/dict_0005_0239.uasset" 9802
"/Engine/EngineMaterials/Substrate/Glints2/dict_0005_0227" 9803
"../../../Engine/Content/EngineMaterials/Substrate/Glints2/dict_0005_0241.uasset" 9804
"../../../Engine/Content/EngineMaterials/Substrate/Glints2/dict_0005_0242.uasset" 9805
"/Engine/EngineMaterials/Substrate/Glints2/dict_0005_0226" 9806
"../../../Engine/Content/EngineMaterials/Substrate/Glints2/dict_0005_0243.uasset" 9807
"../../../Engine/Content/EngineMaterials/Substrate/Glints2/dict_0005_0245.uasset" 9808
"../../../Engine/Content/EngineMaterials/Substrate/Glints2/dict_0005_0244.uasset" 9809
"/Engine/EngineMaterials/Substrate/Glints2/dict_0005_0225" 9810
"../../../Engine/Content/EngineMaterials/Substrate/Glints2/dict_0005_0246.uasset" 9811
"/Engine/EngineMaterials/Substrate/Glints2/dict_0005_0224" 9812
"../../../Engine/Content/EngineMaterials/Substrate/Glints2/dict_0005_0247.uasset" 9813
"../../../Engine/Content/EngineMaterials/Substrate/Glints2/dict_0005_0249.uasset" 9814
"../../../Engine/Content/EngineMaterials/Substrate/Glints2/dict_0005_0248.uasset" 9815
"/Engine/EngineMaterials/Substrate/Glints2/dict_0005_0223" 9816
"/Engine/EngineMaterials/Substrate/Glints2/dict_0005_0222" 9817
"/Engine/EngineMaterials/Substrate/Glints2/dict_0005_0221" 9818
"/Engine/EngineMaterials/Substrate/Glints2/dict_0005_0220" 9819
"/Engine/EngineMaterials/Substrate/Glints2/dict_0005_0219" 9820
"/Engine/EngineMaterials/Substrate/Glints2/dict_0005_0218" 9821
"../../../Engine/Content/EngineMaterials/Substrate/Glints2/dict_0005_0250.uasset" 9822
"../../../Engine/Content/EngineMaterials/Substrate/Glints2/dict_0005_0251.uasset" 9823
"/Engine/EngineMaterials/Substrate/Glints2/dict_0005_0249" 9824
"../../../Engine/Content/EngineMaterials/Substrate/Glints2/dict_0005_0253.uasset" 9825
"../../../Engine/Content/EngineMaterials/Substrate/Glints2/dict_0005_0252.uasset" 9826
"/Engine/EngineMaterials/Substrate/Glints2/dict_0005_0248" 9827
"../../../Engine/Content/EngineMaterials/Substrate/Glints2/dict_0005_0254.uasset" 9828
"../../../Engine/Content/EngineMaterials/Substrate/Glints2/dict_0005_0255.uasset" 9829
"/Engine/EngineMaterials/Substrate/Glints2/dict_0005_0247" 9830
"../../../Engine/Content/EngineMaterials/Substrate/Glints2/dict_0006_0000.uasset" 9831
"../../../Engine/Content/EngineMaterials/Substrate/Glints2/dict_0006_0001.uasset" 9832
"../../../Engine/Content/EngineMaterials/Substrate/Glints2/dict_0006_0002.uasset" 9833
"/Engine/EngineMaterials/Substrate/Glints2/dict_0005_0246" 9834
"../../../Engine/Content/EngineMaterials/Substrate/Glints2/dict_0006_0003.uasset" 9835
"../../../Engine/Content/EngineMaterials/Substrate/Glints2/dict_0006_0004.uasset" 9836
"../../../Engine/Content/EngineMaterials/Substrate/Glints2/dict_0006_0005.uasset" 9837
"../../../Engine/Content/EngineMaterials/Substrate/Glints2/dict_0006_0006.uasset" 9838
"/Engine/EngineMaterials/Substrate/Glints2/dict_0005_0245" 9839
"../../../Engine/Content/EngineMaterials/Substrate/Glints2/dict_0006_0007.uasset" 9840
"../../../Engine/Content/EngineMaterials/Substrate/Glints2/dict_0006_0008.uasset" 9841
"/Engine/EngineMaterials/Substrate/Glints2/dict_0005_0244" 9842
"/Engine/EngineMaterials/Substrate/Glints2/dict_0005_0243" 9843
"/Engine/EngineMaterials/Substrate/Glints2/dict_0005_0242" 9844
"/Engine/EngineMaterials/Substrate/Glints2/dict_0005_0241" 9845
"/Engine/EngineMaterials/Substrate/Glints2/dict_0005_0240" 9846
"/Engine/EngineMaterials/Substrate/Glints2/dict_0005_0239" 9847
"/Engine/EngineMaterials/Substrate/Glints2/dict_0005_0238" 9848
"/Engine/EngineMaterials/Substrate/Glints2/dict_0005_0237" 9849
"/Engine/EngineMaterials/Substrate/Glints2/dict_0005_0236" 9850
"/Engine/EngineMaterials/Substrate/Glints2/dict_0005_0235" 9851
"/Engine/EngineMaterials/Substrate/Glints2/dict_0005_0234" 9852
"/Engine/EngineMaterials/Substrate/Glints2/dict_0005_0233" 9853
"../../../Engine/Content/EngineMaterials/Substrate/Glints2/dict_0006_0009.uasset" 9854
"../../../Engine/Content/EngineMaterials/Substrate/Glints2/dict_0006_0010.uasset" 9855
"/Engine/EngineMaterials/Substrate/Glints2/dict_0006_0008" 9856
"../../../Engine/Content/EngineMaterials/Substrate/Glints2/dict_0006_0011.uasset" 9857
"/Engine/EngineMaterials/Substrate/Glints2/dict_0006_0007" 9858
"../../../Engine/Content/EngineMaterials/Substrate/Glints2/dict_0006_0012.uasset" 9859
"../../../Engine/Content/EngineMaterials/Substrate/Glints2/dict_0006_0013.uasset" 9860
"/Engine/EngineMaterials/Substrate/Glints2/dict_0006_0006" 9861
"../../../Engine/Content/EngineMaterials/Substrate/Glints2/dict_0006_0014.uasset" 9862
"../../../Engine/Content/EngineMaterials/Substrate/Glints2/dict_0006_0015.uasset" 9863
"/Engine/EngineMaterials/Substrate/Glints2/dict_0006_0005" 9864
"../../../Engine/Content/EngineMaterials/Substrate/Glints2/dict_0006_0016.uasset" 9865
"../../../Engine/Content/EngineMaterials/Substrate/Glints2/dict_0006_0017.uasset" 9866
"/Engine/EngineMaterials/Substrate/Glints2/dict_0006_0004" 9867
"../../../Engine/Content/EngineMaterials/Substrate/Glints2/dict_0006_0018.uasset" 9868
"../../../Engine/Content/EngineMaterials/Substrate/Glints2/dict_0006_0019.uasset" 9869
"/Engine/EngineMaterials/Substrate/Glints2/dict_0006_0003" 9870
"../../../Engine/Content/EngineMaterials/Substrate/Glints2/dict_0006_0020.uasset" 9871
"../../../Engine/Content/EngineMaterials/Substrate/Glints2/dict_0006_0021.uasset" 9872
"/Engine/EngineMaterials/Substrate/Glints2/dict_0006_0002" 9873
"../../../Engine/Content/EngineMaterials/Substrate/Glints2/dict_0006_0022.uasset" 9874
"../../../Engine/Content/EngineMaterials/Substrate/Glints2/dict_0006_0023.uasset" 9875
"/Engine/EngineMaterials/Substrate/Glints2/dict_0006_0001" 9876
"../../../Engine/Content/EngineMaterials/Substrate/Glints2/dict_0006_0024.uasset" 9877
"../../../Engine/Content/EngineMaterials/Substrate/Glints2/dict_0006_0025.uasset" 9878
"/Engine/EngineMaterials/Substrate/Glints2/dict_0006_0000" 9879
"/Engine/EngineMaterials/Substrate/Glints2/dict_0005_0255" 9880
"/Engine/EngineMaterials/Substrate/Glints2/dict_0005_0254" 9881
"/Engine/EngineMaterials/Substrate/Glints2/dict_0005_0253" 9882
"/Engine/EngineMaterials/Substrate/Glints2/dict_0005_0252" 9883
"/Engine/EngineMaterials/Substrate/Glints2/dict_0005_0251" 9884
"/Engine/EngineMaterials/Substrate/Glints2/dict_0005_0250" 9885
"../../../Engine/Content/EngineMaterials/Substrate/Glints2/dict_0006_0027.uasset" 9886
"../../../Engine/Content/EngineMaterials/Substrate/Glints2/dict_0006_0026.uasset" 9887
"/Engine/EngineMaterials/Substrate/Glints2/dict_0006_0025" 9888
"/Engine/EngineMaterials/Substrate/Glints2/dict_0006_0024" 9889
"../../../Engine/Content/EngineMaterials/Substrate/Glints2/dict_0006_0028.uasset" 9890
"../../../Engine/Content/EngineMaterials/Substrate/Glints2/dict_0006_0029.uasset" 9891
"/Engine/EngineMaterials/Substrate/Glints2/dict_0006_0023" 9892
"../../../Engine/Content/EngineMaterials/Substrate/Glints2/dict_0006_0030.uasset" 9893
"../../../Engine/Content/EngineMaterials/Substrate/Glints2/dict_0006_0031.uasset" 9894
"/Engine/EngineMaterials/Substrate/Glints2/dict_0006_0022" 9895
"../../../Engine/Content/EngineMaterials/Substrate/Glints2/dict_0006_0032.uasset" 9896
"../../../Engine/Content/EngineMaterials/Substrate/Glints2/dict_0006_0033.uasset" 9897
"/Engine/EngineMaterials/Substrate/Glints2/dict_0006_0021" 9898
"../../../Engine/Content/EngineMaterials/Substrate/Glints2/dict_0006_0034.uasset" 9899
"../../../Engine/Content/EngineMaterials/Substrate/Glints2/dict_0006_0035.uasset" 9900
"/Engine/EngineMaterials/Substrate/Glints2/dict_0006_0020" 9901
"../../../Engine/Content/EngineMaterials/Substrate/Glints2/dict_0006_0036.uasset" 9902
"../../../Engine/Content/EngineMaterials/Substrate/Glints2/dict_0006_0037.uasset" 9903
"/Engine/EngineMaterials/Substrate/Glints2/dict_0006_0019" 9904
"../../../Engine/Content/EngineMaterials/Substrate/Glints2/dict_0006_0038.uasset" 9905
"../../../Engine/Content/EngineMaterials/Substrate/Glints2/dict_0006_0039.uasset" 9906
"/Engine/EngineMaterials/Substrate/Glints2/dict_0006_0018" 9907
"../../../Engine/Content/EngineMaterials/Substrate/Glints2/dict_0006_0040.uasset" 9908
"/Engine/EngineMaterials/Substrate/Glints2/dict_0006_0017" 9909
"/Engine/EngineMaterials/Substrate/Glints2/dict_0006_0016" 9910
"/Engine/EngineMaterials/Substrate/Glints2/dict_0006_0015" 9911
"/Engine/EngineMaterials/Substrate/Glints2/dict_0006_0014" 9912
"/Engine/EngineMaterials/Substrate/Glints2/dict_0006_0013" 9913
"/Engine/EngineMaterials/Substrate/Glints2/dict_0006_0012" 9914
"/Engine/EngineMaterials/Substrate/Glints2/dict_0006_0011" 9915
"/Engine/EngineMaterials/Substrate/Glints2/dict_0006_0010" 9916
"/Engine/EngineMaterials/Substrate/Glints2/dict_0006_0009" 9917
"../../../Engine/Content/EngineMaterials/Substrate/Glints2/dict_0006_0041.uasset" 9918
"../../../Engine/Content/EngineMaterials/Substrate/Glints2/dict_0006_0042.uasset" 9919
"/Engine/EngineMaterials/Substrate/Glints2/dict_0006_0040" 9920
"../../../Engine/Content/EngineMaterials/Substrate/Glints2/dict_0006_0044.uasset" 9921
"../../../Engine/Content/EngineMaterials/Substrate/Glints2/dict_0006_0043.uasset" 9922
"/Engine/EngineMaterials/Substrate/Glints2/dict_0006_0039" 9923
"../../../Engine/Content/EngineMaterials/Substrate/Glints2/dict_0006_0045.uasset" 9924
"../../../Engine/Content/EngineMaterials/Substrate/Glints2/dict_0006_0046.uasset" 9925
"/Engine/EngineMaterials/Substrate/Glints2/dict_0006_0038" 9926
"../../../Engine/Content/EngineMaterials/Substrate/Glints2/dict_0006_0047.uasset" 9927
"../../../Engine/Content/EngineMaterials/Substrate/Glints2/dict_0006_0048.uasset" 9928
"../../../Engine/Content/EngineMaterials/Substrate/Glints2/dict_0006_0049.uasset" 9929
"/Engine/EngineMaterials/Substrate/Glints2/dict_0006_0037" 9930
"../../../Engine/Content/EngineMaterials/Substrate/Glints2/dict_0006_0050.uasset" 9931
"../../../Engine/Content/EngineMaterials/Substrate/Glints2/dict_0006_0051.uasset" 9932
"/Engine/EngineMaterials/Substrate/Glints2/dict_0006_0036" 9933
"../../../Engine/Content/EngineMaterials/Substrate/Glints2/dict_0006_0052.uasset" 9934
"../../../Engine/Content/EngineMaterials/Substrate/Glints2/dict_0006_0053.uasset" 9935
"/Engine/EngineMaterials/Substrate/Glints2/dict_0006_0035" 9936
"../../../Engine/Content/EngineMaterials/Substrate/Glints2/dict_0006_0055.uasset" 9937
"../../../Engine/Content/EngineMaterials/Substrate/Glints2/dict_0006_0054.uasset" 9938
"/Engine/EngineMaterials/Substrate/Glints2/dict_0006_0034" 9939
"../../../Engine/Content/EngineMaterials/Substrate/Glints2/dict_0006_0056.uasset" 9940
"../../../Engine/Content/EngineMaterials/Substrate/Glints2/dict_0006_0057.uasset" 9941
"/Engine/EngineMaterials/Substrate/Glints2/dict_0006_0033" 9942
"/Engine/EngineMaterials/Substrate/Glints2/dict_0006_0032" 9943
"/Engine/EngineMaterials/Substrate/Glints2/dict_0006_0031" 9944
"/Engine/EngineMaterials/Substrate/Glints2/dict_0006_0030" 9945
"/Engine/EngineMaterials/Substrate/Glints2/dict_0006_0029" 9946
"/Engine/EngineMaterials/Substrate/Glints2/dict_0006_0028" 9947
"/Engine/EngineMaterials/Substrate/Glints2/dict_0006_0027" 9948
"/Engine/EngineMaterials/Substrate/Glints2/dict_0006_0026" 9949
"../../../Engine/Content/EngineMaterials/Substrate/Glints2/dict_0006_0058.uasset" 9950
"../../../Engine/Content/EngineMaterials/Substrate/Glints2/dict_0006_0059.uasset" 9951
"/Engine/EngineMaterials/Substrate/Glints2/dict_0006_0057" 9952
"../../../Engine/Content/EngineMaterials/Substrate/Glints2/dict_0006_0060.uasset" 9953
"/Engine/EngineMaterials/Substrate/Glints2/dict_0006_0056" 9954
"../../../Engine/Content/EngineMaterials/Substrate/Glints2/dict_0006_0061.uasset" 9955
"../../../Engine/Content/EngineMaterials/Substrate/Glints2/dict_0006_0062.uasset" 9956
"/Engine/EngineMaterials/Substrate/Glints2/dict_0006_0055" 9957
"../../../Engine/Content/EngineMaterials/Substrate/Glints2/dict_0006_0063.uasset" 9958
"../../../Engine/Content/EngineMaterials/Substrate/Glints2/dict_0006_0064.uasset" 9959
"../../../Engine/Content/EngineMaterials/Substrate/Glints2/dict_0006_0065.uasset" 9960
"/Engine/EngineMaterials/Substrate/Glints2/dict_0006_0054" 9961
"../../../Engine/Content/EngineMaterials/Substrate/Glints2/dict_0006_0066.uasset" 9962
"../../../Engine/Content/EngineMaterials/Substrate/Glints2/dict_0006_0067.uasset" 9963
"/Engine/EngineMaterials/Substrate/Glints2/dict_0006_0053" 9964
"../../../Engine/Content/EngineMaterials/Substrate/Glints2/dict_0006_0068.uasset" 9965
"/Engine/EngineMaterials/Substrate/Glints2/dict_0006_0052" 9966
"../../../Engine/Content/EngineMaterials/Substrate/Glints2/dict_0006_0069.uasset" 9967
"../../../Engine/Content/EngineMaterials/Substrate/Glints2/dict_0006_0070.uasset" 9968
"/Engine/EngineMaterials/Substrate/Glints2/dict_0006_0051" 9969
"../../../Engine/Content/EngineMaterials/Substrate/Glints2/dict_0006_0072.uasset" 9970
"../../../Engine/Content/EngineMaterials/Substrate/Glints2/dict_0006_0071.uasset" 9971
"/Engine/EngineMaterials/Substrate/Glints2/dict_0006_0050" 9972
"/Engine/EngineMaterials/Substrate/Glints2/dict_0006_0049" 9973
"/Engine/EngineMaterials/Substrate/Glints2/dict_0006_0048" 9974
"/Engine/EngineMaterials/Substrate/Glints2/dict_0006_0047" 9975
"/Engine/EngineMaterials/Substrate/Glints2/dict_0006_0046" 9976
"/Engine/EngineMaterials/Substrate/Glints2/dict_0006_0045" 9977
"/Engine/EngineMaterials/Substrate/Glints2/dict_0006_0044" 9978
"/Engine/EngineMaterials/Substrate/Glints2/dict_0006_0043" 9979
"/Engine/EngineMaterials/Substrate/Glints2/dict_0006_0042" 9980
"/Engine/EngineMaterials/Substrate/Glints2/dict_0006_0041" 9981
"../../../Engine/Content/EngineMaterials/Substrate/Glints2/dict_0006_0074.uasset" 9982
"../../../Engine/Content/EngineMaterials/Substrate/Glints2/dict_0006_0073.uasset" 9983
"/Engine/EngineMaterials/Substrate/Glints2/dict_0006_0072" 9984
"../../../Engine/Content/EngineMaterials/Substrate/Glints2/dict_0006_0075.uasset" 9985
"../../../Engine/Content/EngineMaterials/Substrate/Glints2/dict_0006_0076.uasset" 9986
"/Engine/EngineMaterials/Substrate/Glints2/dict_0006_0071" 9987
"../../../Engine/Content/EngineMaterials/Substrate/Glints2/dict_0006_0077.uasset" 9988
"/Engine/EngineMaterials/Substrate/Glints2/dict_0006_0070" 9989
"../../../Engine/Content/EngineMaterials/Substrate/Glints2/dict_0006_0078.uasset" 9990
"../../../Engine/Content/EngineMaterials/Substrate/Glints2/dict_0006_0079.uasset" 9991
"../../../Engine/Content/EngineMaterials/Substrate/Glints2/dict_0006_0080.uasset" 9992
"/Engine/EngineMaterials/Substrate/Glints2/dict_0006_0069" 9993
"../../../Engine/Content/EngineMaterials/Substrate/Glints2/dict_0006_0081.uasset" 9994
"../../../Engine/Content/EngineMaterials/Substrate/Glints2/dict_0006_0082.uasset" 9995
"/Engine/EngineMaterials/Substrate/Glints2/dict_0006_0068" 9996
"../../../Engine/Content/EngineMaterials/Substrate/Glints2/dict_0006_0083.uasset" 9997
"../../../Engine/Content/EngineMaterials/Substrate/Glints2/dict_0006_0084.uasset" 9998
"../../../Engine/Content/EngineMaterials/Substrate/Glints2/dict_0006_0085.uasset" 9999
"../../../Engine/Content/EngineMaterials/Substrate/Glints2/dict_0006_0086.uasset" 10000
"/Engine/EngineMaterials/Substrate/Glints2/dict_0006_0067" 10001
"../../../Engine/Content/EngineMaterials/Substrate/Glints2/dict_0006_0088.uasset" 10002
"../../../Engine/Content/EngineMaterials/Substrate/Glints2/dict_0006_0087.uasset" 10003
"../../../Engine/Content/EngineMaterials/Substrate/Glints2/dict_0006_0089.uasset" 10004
"/Engine/EngineMaterials/Substrate/Glints2/dict_0006_0066" 10005
"/Engine/EngineMaterials/Substrate/Glints2/dict_0006_0065" 10006
"/Engine/EngineMaterials/Substrate/Glints2/dict_0006_0064" 10007
"/Engine/EngineMaterials/Substrate/Glints2/dict_0006_0063" 10008
"/Engine/EngineMaterials/Substrate/Glints2/dict_0006_0062" 10009
"/Engine/EngineMaterials/Substrate/Glints2/dict_0006_0061" 10010
"/Engine/EngineMaterials/Substrate/Glints2/dict_0006_0060" 10011
"/Engine/EngineMaterials/Substrate/Glints2/dict_0006_0059" 10012
"/Engine/EngineMaterials/Substrate/Glints2/dict_0006_0058" 10013
"../../../Engine/Content/EngineMaterials/Substrate/Glints2/dict_0006_0090.uasset" 10014
"../../../Engine/Content/EngineMaterials/Substrate/Glints2/dict_0006_0091.uasset" 10015
"/Engine/EngineMaterials/Substrate/Glints2/dict_0006_0089" 10016
"../../../Engine/Content/EngineMaterials/Substrate/Glints2/dict_0006_0092.uasset" 10017
"../../../Engine/Content/EngineMaterials/Substrate/Glints2/dict_0006_0093.uasset" 10018
"../../../Engine/Content/EngineMaterials/Substrate/Glints2/dict_0006_0094.uasset" 10019
"/Engine/EngineMaterials/Substrate/Glints2/dict_0006_0088" 10020
"../../../Engine/Content/EngineMaterials/Substrate/Glints2/dict_0006_0096.uasset" 10021
"../../../Engine/Content/EngineMaterials/Substrate/Glints2/dict_0006_0095.uasset" 10022
"../../../Engine/Content/EngineMaterials/Substrate/Glints2/dict_0006_0097.uasset" 10023
"/Engine/EngineMaterials/Substrate/Glints2/dict_0006_0087" 10024
"../../../Engine/Content/EngineMaterials/Substrate/Glints2/dict_0006_0098.uasset" 10025
"../../../Engine/Content/EngineMaterials/Substrate/Glints2/dict_0006_0100.uasset" 10026
"../../../Engine/Content/EngineMaterials/Substrate/Glints2/dict_0006_0099.uasset" 10027
"/Engine/EngineMaterials/Substrate/Glints2/dict_0006_0086" 10028
"../../../Engine/Content/EngineMaterials/Substrate/Glints2/dict_0006_0101.uasset" 10029
"../../../Engine/Content/EngineMaterials/Substrate/Glints2/dict_0006_0102.uasset" 10030
"../../../Engine/Content/EngineMaterials/Substrate/Glints2/dict_0006_0103.uasset" 10031
"/Engine/EngineMaterials/Substrate/Glints2/dict_0006_0085" 10032
"../../../Engine/Content/EngineMaterials/Substrate/Glints2/dict_0006_0104.uasset" 10033
"/Engine/EngineMaterials/Substrate/Glints2/dict_0006_0084" 10034
"/Engine/EngineMaterials/Substrate/Glints2/dict_0006_0083" 10035
"/Engine/EngineMaterials/Substrate/Glints2/dict_0006_0082" 10036
"/Engine/EngineMaterials/Substrate/Glints2/dict_0006_0081" 10037
"/Engine/EngineMaterials/Substrate/Glints2/dict_0006_0080" 10038
"/Engine/EngineMaterials/Substrate/Glints2/dict_0006_0079" 10039
"/Engine/EngineMaterials/Substrate/Glints2/dict_0006_0078" 10040
"/Engine/EngineMaterials/Substrate/Glints2/dict_0006_0077" 10041
"/Engine/EngineMaterials/Substrate/Glints2/dict_0006_0076" 10042
"/Engine/EngineMaterials/Substrate/Glints2/dict_0006_0075" 10043
"/Engine/EngineMaterials/Substrate/Glints2/dict_0006_0074" 10044
"/Engine/EngineMaterials/Substrate/Glints2/dict_0006_0073" 10045
"../../../Engine/Content/EngineMaterials/Substrate/Glints2/dict_0006_0105.uasset" 10046
"../../../Engine/Content/EngineMaterials/Substrate/Glints2/dict_0006_0106.uasset" 10047
"/Engine/EngineMaterials/Substrate/Glints2/dict_0006_0104" 10048
"/Engine/EngineMaterials/Substrate/Glints2/dict_0006_0103" 10049
"../../../Engine/Content/EngineMaterials/Substrate/Glints2/dict_0006_0107.uasset" 10050
"../../../Engine/Content/EngineMaterials/Substrate/Glints2/dict_0006_0108.uasset" 10051
"/Engine/EngineMaterials/Substrate/Glints2/dict_0006_0102" 10052
"../../../Engine/Content/EngineMaterials/Substrate/Glints2/dict_0006_0109.uasset" 10053
"../../../Engine/Content/EngineMaterials/Substrate/Glints2/dict_0006_0110.uasset" 10054
"../../../Engine/Content/EngineMaterials/Substrate/Glints2/dict_0006_0111.uasset" 10055
"/Engine/EngineMaterials/Substrate/Glints2/dict_0006_0101" 10056
"../../../Engine/Content/EngineMaterials/Substrate/Glints2/dict_0006_0112.uasset" 10057
"../../../Engine/Content/EngineMaterials/Substrate/Glints2/dict_0006_0113.uasset" 10058
"/Engine/EngineMaterials/Substrate/Glints2/dict_0006_0100" 10059
"../../../Engine/Content/EngineMaterials/Substrate/Glints2/dict_0006_0114.uasset" 10060
"../../../Engine/Content/EngineMaterials/Substrate/Glints2/dict_0006_0115.uasset" 10061
"/Engine/EngineMaterials/Substrate/Glints2/dict_0006_0099" 10062
"../../../Engine/Content/EngineMaterials/Substrate/Glints2/dict_0006_0116.uasset" 10063
"../../../Engine/Content/EngineMaterials/Substrate/Glints2/dict_0006_0117.uasset" 10064
"/Engine/EngineMaterials/Substrate/Glints2/dict_0006_0098" 10065
"../../../Engine/Content/EngineMaterials/Substrate/Glints2/dict_0006_0118.uasset" 10066
"../../../Engine/Content/EngineMaterials/Substrate/Glints2/dict_0006_0119.uasset" 10067
"/Engine/EngineMaterials/Substrate/Glints2/dict_0006_0097" 10068
"../../../Engine/Content/EngineMaterials/Substrate/Glints2/dict_0006_0120.uasset" 10069
"../../../Engine/Content/EngineMaterials/Substrate/Glints2/dict_0006_0121.uasset" 10070
"/Engine/EngineMaterials/Substrate/Glints2/dict_0006_0096" 10071
"/Engine/EngineMaterials/Substrate/Glints2/dict_0006_0095" 10072
"/Engine/EngineMaterials/Substrate/Glints2/dict_0006_0094" 10073
"/Engine/EngineMaterials/Substrate/Glints2/dict_0006_0093" 10074
"/Engine/EngineMaterials/Substrate/Glints2/dict_0006_0092" 10075
"/Engine/EngineMaterials/Substrate/Glints2/dict_0006_0091" 10076
"/Engine/EngineMaterials/Substrate/Glints2/dict_0006_0090" 10077
"../../../Engine/Content/EngineMaterials/Substrate/Glints2/dict_0006_0122.uasset" 10078
"../../../Engine/Content/EngineMaterials/Substrate/Glints2/dict_0006_0123.uasset" 10079
"/Engine/EngineMaterials/Substrate/Glints2/dict_0006_0121" 10080
"../../../Engine/Content/EngineMaterials/Substrate/Glints2/dict_0006_0124.uasset" 10081
"/Engine/EngineMaterials/Substrate/Glints2/dict_0006_0120" 10082
"../../../Engine/Content/EngineMaterials/Substrate/Glints2/dict_0006_0126.uasset" 10083
"../../../Engine/Content/EngineMaterials/Substrate/Glints2/dict_0006_0125.uasset" 10084
"../../../Engine/Content/EngineMaterials/Substrate/Glints2/dict_0006_0127.uasset" 10085
"/Engine/EngineMaterials/Substrate/Glints2/dict_0006_0119" 10086
"../../../Engine/Content/EngineMaterials/Substrate/Glints2/dict_0006_0128.uasset" 10087
"../../../Engine/Content/EngineMaterials/Substrate/Glints2/dict_0006_0129.uasset" 10088
"/Engine/EngineMaterials/Substrate/Glints2/dict_0006_0118" 10089
"../../../Engine/Content/EngineMaterials/Substrate/Glints2/dict_0006_0130.uasset" 10090
"../../../Engine/Content/EngineMaterials/Substrate/Glints2/dict_0006_0131.uasset" 10091
"../../../Engine/Content/EngineMaterials/Substrate/Glints2/dict_0006_0132.uasset" 10092
"/Engine/EngineMaterials/Substrate/Glints2/dict_0006_0117" 10093
"../../../Engine/Content/EngineMaterials/Substrate/Glints2/dict_0006_0133.uasset" 10094
"../../../Engine/Content/EngineMaterials/Substrate/Glints2/dict_0006_0134.uasset" 10095
"../../../Engine/Content/EngineMaterials/Substrate/Glints2/dict_0006_0135.uasset" 10096
"../../../Engine/Content/EngineMaterials/Substrate/Glints2/dict_0006_0136.uasset" 10097
"/Engine/EngineMaterials/Substrate/Glints2/dict_0006_0116" 10098
"/Engine/EngineMaterials/Substrate/Glints2/dict_0006_0115" 10099
"/Engine/EngineMaterials/Substrate/Glints2/dict_0006_0114" 10100
"/Engine/EngineMaterials/Substrate/Glints2/dict_0006_0113" 10101
"/Engine/EngineMaterials/Substrate/Glints2/dict_0006_0112" 10102
"/Engine/EngineMaterials/Substrate/Glints2/dict_0006_0111" 10103
"/Engine/EngineMaterials/Substrate/Glints2/dict_0006_0110" 10104
"/Engine/EngineMaterials/Substrate/Glints2/dict_0006_0109" 10105
"/Engine/EngineMaterials/Substrate/Glints2/dict_0006_0108" 10106
"/Engine/EngineMaterials/Substrate/Glints2/dict_0006_0107" 10107
"/Engine/EngineMaterials/Substrate/Glints2/dict_0006_0106" 10108
"/Engine/EngineMaterials/Substrate/Glints2/dict_0006_0105" 10109
"../../../Engine/Content/EngineMaterials/Substrate/Glints2/dict_0006_0138.uasset" 10110
"../../../Engine/Content/EngineMaterials/Substrate/Glints2/dict_0006_0137.uasset" 10111
"/Engine/EngineMaterials/Substrate/Glints2/dict_0006_0136" 10112
"../../../Engine/Content/EngineMaterials/Substrate/Glints2/dict_0006_0139.uasset" 10113
"../../../Engine/Content/EngineMaterials/Substrate/Glints2/dict_0006_0140.uasset" 10114
"../../../Engine/Content/EngineMaterials/Substrate/Glints2/dict_0006_0141.uasset" 10115
"/Engine/EngineMaterials/Substrate/Glints2/dict_0006_0135" 10116
"../../../Engine/Content/EngineMaterials/Substrate/Glints2/dict_0006_0142.uasset" 10117
"../../../Engine/Content/EngineMaterials/Substrate/Glints2/dict_0006_0143.uasset" 10118
"../../../Engine/Content/EngineMaterials/Substrate/Glints2/dict_0006_0144.uasset" 10119
"../../../Engine/Content/EngineMaterials/Substrate/Glints2/dict_0006_0145.uasset" 10120
"/Engine/EngineMaterials/Substrate/Glints2/dict_0006_0134" 10121
"../../../Engine/Content/EngineMaterials/Substrate/Glints2/dict_0006_0147.uasset" 10122
"../../../Engine/Content/EngineMaterials/Substrate/Glints2/dict_0006_0146.uasset" 10123
"../../../Engine/Content/EngineMaterials/Substrate/Glints2/dict_0006_0148.uasset" 10124
"../../../Engine/Content/EngineMaterials/Substrate/Glints2/dict_0006_0149.uasset" 10125
"/Engine/EngineMaterials/Substrate/Glints2/dict_0006_0133" 10126
"../../../Engine/Content/EngineMaterials/Substrate/Glints2/dict_0006_0150.uasset" 10127
"../../../Engine/Content/EngineMaterials/Substrate/Glints2/dict_0006_0151.uasset" 10128
"../../../Engine/Content/EngineMaterials/Substrate/Glints2/dict_0006_0152.uasset" 10129
"../../../Engine/Content/EngineMaterials/Substrate/Glints2/dict_0006_0153.uasset" 10130
"/Engine/EngineMaterials/Substrate/Glints2/dict_0006_0132" 10131
"/Engine/EngineMaterials/Substrate/Glints2/dict_0006_0131" 10132
"/Engine/EngineMaterials/Substrate/Glints2/dict_0006_0130" 10133
"/Engine/EngineMaterials/Substrate/Glints2/dict_0006_0129" 10134
"/Engine/EngineMaterials/Substrate/Glints2/dict_0006_0128" 10135
"/Engine/EngineMaterials/Substrate/Glints2/dict_0006_0127" 10136
"/Engine/EngineMaterials/Substrate/Glints2/dict_0006_0126" 10137
"/Engine/EngineMaterials/Substrate/Glints2/dict_0006_0125" 10138
"/Engine/EngineMaterials/Substrate/Glints2/dict_0006_0124" 10139
"/Engine/EngineMaterials/Substrate/Glints2/dict_0006_0123" 10140
"/Engine/EngineMaterials/Substrate/Glints2/dict_0006_0122" 10141
"../../../Engine/Content/EngineMaterials/Substrate/Glints2/dict_0006_0154.uasset" 10142
"../../../Engine/Content/EngineMaterials/Substrate/Glints2/dict_0006_0157.uasset" 10143
"../../../Engine/Content/EngineMaterials/Substrate/Glints2/dict_0006_0155.uasset" 10144
"../../../Engine/Content/EngineMaterials/Substrate/Glints2/dict_0006_0156.uasset" 10145
"/Engine/EngineMaterials/Substrate/Glints2/dict_0006_0153" 10146
"/Engine/EngineMaterials/Substrate/Glints2/dict_0006_0152" 10147
"../../../Engine/Content/EngineMaterials/Substrate/Glints2/dict_0006_0158.uasset" 10148
"../../../Engine/Content/EngineMaterials/Substrate/Glints2/dict_0006_0159.uasset" 10149
"../../../Engine/Content/EngineMaterials/Substrate/Glints2/dict_0006_0160.uasset" 10150
"../../../Engine/Content/EngineMaterials/Substrate/Glints2/dict_0006_0161.uasset" 10151
"/Engine/EngineMaterials/Substrate/Glints2/dict_0006_0151" 10152
"../../../Engine/Content/EngineMaterials/Substrate/Glints2/dict_0006_0162.uasset" 10153
"../../../Engine/Content/EngineMaterials/Substrate/Glints2/dict_0006_0163.uasset" 10154
"../../../Engine/Content/EngineMaterials/Substrate/Glints2/dict_0006_0165.uasset" 10155
"../../../Engine/Content/EngineMaterials/Substrate/Glints2/dict_0006_0164.uasset" 10156
"/Engine/EngineMaterials/Substrate/Glints2/dict_0006_0150" 10157
"../../../Engine/Content/EngineMaterials/Substrate/Glints2/dict_0006_0166.uasset" 10158
"../../../Engine/Content/EngineMaterials/Substrate/Glints2/dict_0006_0168.uasset" 10159
"../../../Engine/Content/EngineMaterials/Substrate/Glints2/dict_0006_0167.uasset" 10160
"/Engine/EngineMaterials/Substrate/Glints2/dict_0006_0149" 10161
"/Engine/EngineMaterials/Substrate/Glints2/dict_0006_0148" 10162
"/Engine/EngineMaterials/Substrate/Glints2/dict_0006_0147" 10163
"/Engine/EngineMaterials/Substrate/Glints2/dict_0006_0146" 10164
"/Engine/EngineMaterials/Substrate/Glints2/dict_0006_0145" 10165
"/Engine/EngineMaterials/Substrate/Glints2/dict_0006_0144" 10166
"/Engine/EngineMaterials/Substrate/Glints2/dict_0006_0143" 10167
"/Engine/EngineMaterials/Substrate/Glints2/dict_0006_0142" 10168
"/Engine/EngineMaterials/Substrate/Glints2/dict_0006_0141" 10169
"/Engine/EngineMaterials/Substrate/Glints2/dict_0006_0140" 10170
"/Engine/EngineMaterials/Substrate/Glints2/dict_0006_0139" 10171
"/Engine/EngineMaterials/Substrate/Glints2/dict_0006_0138" 10172
"/Engine/EngineMaterials/Substrate/Glints2/dict_0006_0137" 10173
"../../../Engine/Content/EngineMaterials/Substrate/Glints2/dict_0006_0171.uasset" 10174
"../../../Engine/Content/EngineMaterials/Substrate/Glints2/dict_0006_0169.uasset" 10175
"/Engine/EngineMaterials/Substrate/Glints2/dict_0006_0168" 10176
"../../../Engine/Content/EngineMaterials/Substrate/Glints2/dict_0006_0170.uasset" 10177
"../../../Engine/Content/EngineMaterials/Substrate/Glints2/dict_0006_0172.uasset" 10178
"/Engine/EngineMaterials/Substrate/Glints2/dict_0006_0167" 10179
"../../../Engine/Content/EngineMaterials/Substrate/Glints2/dict_0006_0174.uasset" 10180
"../../../Engine/Content/EngineMaterials/Substrate/Glints2/dict_0006_0175.uasset" 10181
"../../../Engine/Content/EngineMaterials/Substrate/Glints2/dict_0006_0173.uasset" 10182
"../../../Engine/Content/EngineMaterials/Substrate/Glints2/dict_0006_0176.uasset" 10183
"/Engine/EngineMaterials/Substrate/Glints2/dict_0006_0166" 10184
"../../../Engine/Content/EngineMaterials/Substrate/Glints2/dict_0006_0177.uasset" 10185
"../../../Engine/Content/EngineMaterials/Substrate/Glints2/dict_0006_0179.uasset" 10186
"../../../Engine/Content/EngineMaterials/Substrate/Glints2/dict_0006_0180.uasset" 10187
"../../../Engine/Content/EngineMaterials/Substrate/Glints2/dict_0006_0178.uasset" 10188
"/Engine/EngineMaterials/Substrate/Glints2/dict_0006_0165" 10189
"../../../Engine/Content/EngineMaterials/Substrate/Glints2/dict_0006_0181.uasset" 10190
"../../../Engine/Content/EngineMaterials/Substrate/Glints2/dict_0006_0182.uasset" 10191
"../../../Engine/Content/EngineMaterials/Substrate/Glints2/dict_0006_0183.uasset" 10192
"../../../Engine/Content/EngineMaterials/Substrate/Glints2/dict_0006_0184.uasset" 10193
"/Engine/EngineMaterials/Substrate/Glints2/dict_0006_0164" 10194
"../../../Engine/Content/EngineMaterials/Substrate/Glints2/dict_0006_0185.uasset" 10195
"/Engine/EngineMaterials/Substrate/Glints2/dict_0006_0163" 10196
"/Engine/EngineMaterials/Substrate/Glints2/dict_0006_0162" 10197
"/Engine/EngineMaterials/Substrate/Glints2/dict_0006_0161" 10198
"/Engine/EngineMaterials/Substrate/Glints2/dict_0006_0160" 10199
"/Engine/EngineMaterials/Substrate/Glints2/dict_0006_0159" 10200
"/Engine/EngineMaterials/Substrate/Glints2/dict_0006_0158" 10201
"/Engine/EngineMaterials/Substrate/Glints2/dict_0006_0157" 10202
"/Engine/EngineMaterials/Substrate/Glints2/dict_0006_0156" 10203
"/Engine/EngineMaterials/Substrate/Glints2/dict_0006_0155" 10204
"/Engine/EngineMaterials/Substrate/Glints2/dict_0006_0154" 10205
"../../../Engine/Content/EngineMaterials/Substrate/Glints2/dict_0006_0187.uasset" 10206
"../../../Engine/Content/EngineMaterials/Substrate/Glints2/dict_0006_0188.uasset" 10207
"/Engine/EngineMaterials/Substrate/Glints2/dict_0006_0185" 10208
"../../../Engine/Content/EngineMaterials/Substrate/Glints2/dict_0006_0186.uasset" 10209
"../../../Engine/Content/EngineMaterials/Substrate/Glints2/dict_0006_0189.uasset" 10210
"../../../Engine/Content/EngineMaterials/Substrate/Glints2/dict_0006_0190.uasset" 10211
"/Engine/EngineMaterials/Substrate/Glints2/dict_0006_0184" 10212
"../../../Engine/Content/EngineMaterials/Substrate/Glints2/dict_0006_0191.uasset" 10213
"../../../Engine/Content/EngineMaterials/Substrate/Glints2/dict_0006_0192.uasset" 10214
"../../../Engine/Content/EngineMaterials/Substrate/Glints2/dict_0006_0193.uasset" 10215
"/Engine/EngineMaterials/Substrate/Glints2/dict_0006_0183" 10216
"../../../Engine/Content/EngineMaterials/Substrate/Glints2/dict_0006_0194.uasset" 10217
"../../../Engine/Content/EngineMaterials/Substrate/Glints2/dict_0006_0195.uasset" 10218
"../../../Engine/Content/EngineMaterials/Substrate/Glints2/dict_0006_0196.uasset" 10219
"../../../Engine/Content/EngineMaterials/Substrate/Glints2/dict_0006_0197.uasset" 10220
"../../../Engine/Content/EngineMaterials/Substrate/Glints2/dict_0006_0198.uasset" 10221
"../../../Engine/Content/EngineMaterials/Substrate/Glints2/dict_0006_0199.uasset" 10222
"../../../Engine/Content/EngineMaterials/Substrate/Glints2/dict_0006_0200.uasset" 10223
"/Engine/EngineMaterials/Substrate/Glints2/dict_0006_0182" 10224
"/Engine/EngineMaterials/Substrate/Glints2/dict_0006_0181" 10225
"/Engine/EngineMaterials/Substrate/Glints2/dict_0006_0180" 10226
"/Engine/EngineMaterials/Substrate/Glints2/dict_0006_0179" 10227
"/Engine/EngineMaterials/Substrate/Glints2/dict_0006_0178" 10228
"/Engine/EngineMaterials/Substrate/Glints2/dict_0006_0177" 10229
"/Engine/EngineMaterials/Substrate/Glints2/dict_0006_0176" 10230
"/Engine/EngineMaterials/Substrate/Glints2/dict_0006_0175" 10231
"/Engine/EngineMaterials/Substrate/Glints2/dict_0006_0174" 10232
"/Engine/EngineMaterials/Substrate/Glints2/dict_0006_0173" 10233
"/Engine/EngineMaterials/Substrate/Glints2/dict_0006_0172" 10234
"/Engine/EngineMaterials/Substrate/Glints2/dict_0006_0171" 10235
"/Engine/EngineMaterials/Substrate/Glints2/dict_0006_0170" 10236
"/Engine/EngineMaterials/Substrate/Glints2/dict_0006_0169" 10237
"../../../Engine/Content/EngineMaterials/Substrate/Glints2/dict_0006_0203.uasset" 10238
"../../../Engine/Content/EngineMaterials/Substrate/Glints2/dict_0006_0201.uasset" 10239
"../../../Engine/Content/EngineMaterials/Substrate/Glints2/dict_0006_0202.uasset" 10240
"/Engine/EngineMaterials/Substrate/Glints2/dict_0006_0200" 10241
"../../../Engine/Content/EngineMaterials/Substrate/Glints2/dict_0006_0204.uasset" 10242
"../../../Engine/Content/EngineMaterials/Substrate/Glints2/dict_0006_0205.uasset" 10243
"../../../Engine/Content/EngineMaterials/Substrate/Glints2/dict_0006_0206.uasset" 10244
"../../../Engine/Content/EngineMaterials/Substrate/Glints2/dict_0006_0207.uasset" 10245
"../../../Engine/Content/EngineMaterials/Substrate/Glints2/dict_0006_0208.uasset" 10246
"/Engine/EngineMaterials/Substrate/Glints2/dict_0006_0199" 10247
"../../../Engine/Content/EngineMaterials/Substrate/Glints2/dict_0006_0209.uasset" 10248
"../../../Engine/Content/EngineMaterials/Substrate/Glints2/dict_0006_0210.uasset" 10249
"../../../Engine/Content/EngineMaterials/Substrate/Glints2/dict_0006_0211.uasset" 10250
"../../../Engine/Content/EngineMaterials/Substrate/Glints2/dict_0006_0212.uasset" 10251
"../../../Engine/Content/EngineMaterials/Substrate/Glints2/dict_0006_0213.uasset" 10252
"../../../Engine/Content/EngineMaterials/Substrate/Glints2/dict_0006_0214.uasset" 10253
"../../../Engine/Content/EngineMaterials/Substrate/Glints2/dict_0006_0215.uasset" 10254
"/Engine/EngineMaterials/Substrate/Glints2/dict_0006_0198" 10255
"../../../Engine/Content/EngineMaterials/Substrate/Glints2/dict_0006_0216.uasset" 10256
"../../../Engine/Content/EngineMaterials/Substrate/Glints2/dict_0006_0217.uasset" 10257
"/Engine/EngineMaterials/Substrate/Glints2/dict_0006_0197" 10258
"/Engine/EngineMaterials/Substrate/Glints2/dict_0006_0196" 10259
"/Engine/EngineMaterials/Substrate/Glints2/dict_0006_0195" 10260
"/Engine/EngineMaterials/Substrate/Glints2/dict_0006_0194" 10261
"/Engine/EngineMaterials/Substrate/Glints2/dict_0006_0193" 10262
"/Engine/EngineMaterials/Substrate/Glints2/dict_0006_0192" 10263
"/Engine/EngineMaterials/Substrate/Glints2/dict_0006_0191" 10264
"/Engine/EngineMaterials/Substrate/Glints2/dict_0006_0190" 10265
"/Engine/EngineMaterials/Substrate/Glints2/dict_0006_0189" 10266
"/Engine/EngineMaterials/Substrate/Glints2/dict_0006_0188" 10267
"/Engine/EngineMaterials/Substrate/Glints2/dict_0006_0187" 10268
"/Engine/EngineMaterials/Substrate/Glints2/dict_0006_0186" 10269
"../../../Engine/Content/EngineMaterials/Substrate/Glints2/dict_0006_0220.uasset" 10270
"../../../Engine/Content/EngineMaterials/Substrate/Glints2/dict_0006_0218.uasset" 10271
"../../../Engine/Content/EngineMaterials/Substrate/Glints2/dict_0006_0221.uasset" 10272
"../../../Engine/Content/EngineMaterials/Substrate/Glints2/dict_0006_0222.uasset" 10273
"/Engine/EngineMaterials/Substrate/Glints2/dict_0006_0217" 10274
"../../../Engine/Content/EngineMaterials/Substrate/Glints2/dict_0006_0219.uasset" 10275
"../../../Engine/Content/EngineMaterials/Substrate/Glints2/dict_0006_0223.uasset" 10276
"/Engine/EngineMaterials/Substrate/Glints2/dict_0006_0216" 10277
"../../../Engine/Content/EngineMaterials/Substrate/Glints2/dict_0006_0227.uasset" 10278
"../../../Engine/Content/EngineMaterials/Substrate/Glints2/dict_0006_0225.uasset" 10279
"../../../Engine/Content/EngineMaterials/Substrate/Glints2/dict_0006_0226.uasset" 10280
"../../../Engine/Content/EngineMaterials/Substrate/Glints2/dict_0006_0224.uasset" 10281
"../../../Engine/Content/EngineMaterials/Substrate/Glints2/dict_0006_0229.uasset" 10282
"../../../Engine/Content/EngineMaterials/Substrate/Glints2/dict_0006_0228.uasset" 10283
"../../../Engine/Content/EngineMaterials/Substrate/Glints2/dict_0006_0230.uasset" 10284
"../../../Engine/Content/EngineMaterials/Substrate/Glints2/dict_0006_0231.uasset" 10285
"../../../Engine/Content/EngineMaterials/Substrate/Glints2/dict_0006_0232.uasset" 10286
"/Engine/EngineMaterials/Substrate/Glints2/dict_0006_0215" 10287
"/Engine/EngineMaterials/Substrate/Glints2/dict_0006_0214" 10288
"/Engine/EngineMaterials/Substrate/Glints2/dict_0006_0213" 10289
"/Engine/EngineMaterials/Substrate/Glints2/dict_0006_0212" 10290
"/Engine/EngineMaterials/Substrate/Glints2/dict_0006_0211" 10291
"/Engine/EngineMaterials/Substrate/Glints2/dict_0006_0210" 10292
"/Engine/EngineMaterials/Substrate/Glints2/dict_0006_0209" 10293
"/Engine/EngineMaterials/Substrate/Glints2/dict_0006_0208" 10294
"/Engine/EngineMaterials/Substrate/Glints2/dict_0006_0207" 10295
"/Engine/EngineMaterials/Substrate/Glints2/dict_0006_0206" 10296
"/Engine/EngineMaterials/Substrate/Glints2/dict_0006_0205" 10297
"/Engine/EngineMaterials/Substrate/Glints2/dict_0006_0204" 10298
"/Engine/EngineMaterials/Substrate/Glints2/dict_0006_0203" 10299
"/Engine/EngineMaterials/Substrate/Glints2/dict_0006_0202" 10300
"/Engine/EngineMaterials/Substrate/Glints2/dict_0006_0201" 10301
"../../../Engine/Content/EngineMaterials/Substrate/Glints2/dict_0006_0233.uasset" 10302
"../../../Engine/Content/EngineMaterials/Substrate/Glints2/dict_0006_0235.uasset" 10303
"../../../Engine/Content/EngineMaterials/Substrate/Glints2/dict_0006_0237.uasset" 10304
"../../../Engine/Content/EngineMaterials/Substrate/Glints2/dict_0006_0234.uasset" 10305
"/Engine/EngineMaterials/Substrate/Glints2/dict_0006_0232" 10306
"../../../Engine/Content/EngineMaterials/Substrate/Glints2/dict_0006_0238.uasset" 10307
"../../../Engine/Content/EngineMaterials/Substrate/Glints2/dict_0006_0236.uasset" 10308
"../../../Engine/Content/EngineMaterials/Substrate/Glints2/dict_0006_0240.uasset" 10309
"../../../Engine/Content/EngineMaterials/Substrate/Glints2/dict_0006_0239.uasset" 10310
"../../../Engine/Content/EngineMaterials/Substrate/Glints2/dict_0006_0242.uasset" 10311
"../../../Engine/Content/EngineMaterials/Substrate/Glints2/dict_0006_0241.uasset" 10312
"../../../Engine/Content/EngineMaterials/Substrate/Glints2/dict_0006_0243.uasset" 10313
"../../../Engine/Content/EngineMaterials/Substrate/Glints2/dict_0006_0244.uasset" 10314
"/Engine/EngineMaterials/Substrate/Glints2/dict_0006_0231" 10315
"../../../Engine/Content/EngineMaterials/Substrate/Glints2/dict_0006_0245.uasset" 10316
"/Engine/EngineMaterials/Substrate/Glints2/dict_0006_0230" 10317
"../../../Engine/Content/EngineMaterials/Substrate/Glints2/dict_0006_0247.uasset" 10318
"../../../Engine/Content/EngineMaterials/Substrate/Glints2/dict_0006_0248.uasset" 10319
"../../../Engine/Content/EngineMaterials/Substrate/Glints2/dict_0006_0249.uasset" 10320
"../../../Engine/Content/EngineMaterials/Substrate/Glints2/dict_0006_0246.uasset" 10321
"/Engine/EngineMaterials/Substrate/Glints2/dict_0006_0229" 10322
"/Engine/EngineMaterials/Substrate/Glints2/dict_0006_0228" 10323
"/Engine/EngineMaterials/Substrate/Glints2/dict_0006_0227" 10324
"/Engine/EngineMaterials/Substrate/Glints2/dict_0006_0226" 10325
"/Engine/EngineMaterials/Substrate/Glints2/dict_0006_0225" 10326
"/Engine/EngineMaterials/Substrate/Glints2/dict_0006_0224" 10327
"/Engine/EngineMaterials/Substrate/Glints2/dict_0006_0223" 10328
"/Engine/EngineMaterials/Substrate/Glints2/dict_0006_0222" 10329
"/Engine/EngineMaterials/Substrate/Glints2/dict_0006_0221" 10330
"/Engine/EngineMaterials/Substrate/Glints2/dict_0006_0220" 10331
"/Engine/EngineMaterials/Substrate/Glints2/dict_0006_0219" 10332
"/Engine/EngineMaterials/Substrate/Glints2/dict_0006_0218" 10333
"../../../Engine/Content/EngineMaterials/Substrate/Glints2/dict_0006_0251.uasset" 10334
"../../../Engine/Content/EngineMaterials/Substrate/Glints2/dict_0006_0252.uasset" 10335
"../../../Engine/Content/EngineMaterials/Substrate/Glints2/dict_0006_0255.uasset" 10336
"../../../Engine/Content/EngineMaterials/Substrate/Glints2/dict_0006_0253.uasset" 10337
"../../../Engine/Content/EngineMaterials/Substrate/Glints2/dict_0006_0254.uasset" 10338
"../../../Engine/Content/EngineMaterials/Substrate/Glints2/dict_0006_0250.uasset" 10339
"/Engine/EngineMaterials/Substrate/Glints2/dict_0006_0249" 10340
"../../../Engine/Content/EngineMaterials/Substrate/Glints2/dict_0007_0000.uasset" 10341
"../../../Engine/Content/EngineMaterials/Substrate/Glints2/dict_0007_0002.uasset" 10342
"../../../Engine/Content/EngineMaterials/Substrate/Glints2/dict_0007_0001.uasset" 10343
"../../../Engine/Content/EngineMaterials/Substrate/Glints2/dict_0007_0003.uasset" 10344
"/Engine/EngineMaterials/Substrate/Glints2/dict_0006_0248" 10345
"../../../Engine/Content/EngineMaterials/Substrate/Glints2/dict_0007_0004.uasset" 10346
"../../../Engine/Content/EngineMaterials/Substrate/Glints2/dict_0007_0005.uasset" 10347
"../../../Engine/Content/EngineMaterials/Substrate/Glints2/dict_0007_0006.uasset" 10348
"../../../Engine/Content/EngineMaterials/Substrate/Glints2/dict_0007_0007.uasset" 10349
"../../../Engine/Content/EngineMaterials/Substrate/Glints2/dict_0007_0008.uasset" 10350
"/Engine/EngineMaterials/Substrate/Glints2/dict_0006_0247" 10351
"/Engine/EngineMaterials/Substrate/Glints2/dict_0006_0246" 10352
"/Engine/EngineMaterials/Substrate/Glints2/dict_0006_0245" 10353
"/Engine/EngineMaterials/Substrate/Glints2/dict_0006_0244" 10354
"/Engine/EngineMaterials/Substrate/Glints2/dict_0006_0243" 10355
"/Engine/EngineMaterials/Substrate/Glints2/dict_0006_0242" 10356
"/Engine/EngineMaterials/Substrate/Glints2/dict_0006_0241" 10357
"/Engine/EngineMaterials/Substrate/Glints2/dict_0006_0240" 10358
"/Engine/EngineMaterials/Substrate/Glints2/dict_0006_0239" 10359
"/Engine/EngineMaterials/Substrate/Glints2/dict_0006_0238" 10360
"/Engine/EngineMaterials/Substrate/Glints2/dict_0006_0237" 10361
"/Engine/EngineMaterials/Substrate/Glints2/dict_0006_0236" 10362
"/Engine/EngineMaterials/Substrate/Glints2/dict_0006_0235" 10363
"/Engine/EngineMaterials/Substrate/Glints2/dict_0006_0234" 10364
"/Engine/EngineMaterials/Substrate/Glints2/dict_0006_0233" 10365
"../../../Engine/Content/EngineMaterials/Substrate/Glints2/dict_0007_0009.uasset" 10366
"../../../Engine/Content/EngineMaterials/Substrate/Glints2/dict_0007_0010.uasset" 10367
"../../../Engine/Content/EngineMaterials/Substrate/Glints2/dict_0007_0014.uasset" 10368
"../../../Engine/Content/EngineMaterials/Substrate/Glints2/dict_0007_0013.uasset" 10369
"../../../Engine/Content/EngineMaterials/Substrate/Glints2/dict_0007_0012.uasset" 10370
"../../../Engine/Content/EngineMaterials/Substrate/Glints2/dict_0007_0011.uasset" 10371
"/Engine/EngineMaterials/Substrate/Glints2/dict_0007_0008" 10372
"../../../Engine/Content/EngineMaterials/Substrate/Glints2/dict_0007_0015.uasset" 10373
"../../../Engine/Content/EngineMaterials/Substrate/Glints2/dict_0007_0016.uasset" 10374
"../../../Engine/Content/EngineMaterials/Substrate/Glints2/dict_0007_0017.uasset" 10375
"../../../Engine/Content/EngineMaterials/Substrate/Glints2/dict_0007_0019.uasset" 10376
"../../../Engine/Content/EngineMaterials/Substrate/Glints2/dict_0007_0018.uasset" 10377
"../../../Engine/Content/EngineMaterials/Substrate/Glints2/dict_0007_0020.uasset" 10378
"/Engine/EngineMaterials/Substrate/Glints2/dict_0007_0007" 10379
"../../../Engine/Content/EngineMaterials/Substrate/Glints2/dict_0007_0021.uasset" 10380
"../../../Engine/Content/EngineMaterials/Substrate/Glints2/dict_0007_0023.uasset" 10381
"../../../Engine/Content/EngineMaterials/Substrate/Glints2/dict_0007_0022.uasset" 10382
"../../../Engine/Content/EngineMaterials/Substrate/Glints2/dict_0007_0024.uasset" 10383
"../../../Engine/Content/EngineMaterials/Substrate/Glints2/dict_0007_0025.uasset" 10384
"/Engine/EngineMaterials/Substrate/Glints2/dict_0007_0006" 10385
"/Engine/EngineMaterials/Substrate/Glints2/dict_0007_0005" 10386
"/Engine/EngineMaterials/Substrate/Glints2/dict_0007_0004" 10387
"/Engine/EngineMaterials/Substrate/Glints2/dict_0007_0003" 10388
"/Engine/EngineMaterials/Substrate/Glints2/dict_0007_0002" 10389
"/Engine/EngineMaterials/Substrate/Glints2/dict_0007_0001" 10390
"/Engine/EngineMaterials/Substrate/Glints2/dict_0007_0000" 10391
"/Engine/EngineMaterials/Substrate/Glints2/dict_0006_0255" 10392
"/Engine/EngineMaterials/Substrate/Glints2/dict_0006_0254" 10393
"/Engine/EngineMaterials/Substrate/Glints2/dict_0006_0253" 10394
"/Engine/EngineMaterials/Substrate/Glints2/dict_0006_0252" 10395
"/Engine/EngineMaterials/Substrate/Glints2/dict_0006_0251" 10396
"/Engine/EngineMaterials/Substrate/Glints2/dict_0006_0250" 10397
"../../../Engine/Content/EngineMaterials/Substrate/Glints2/dict_0007_0028.uasset" 10398
"../../../Engine/Content/EngineMaterials/Substrate/Glints2/dict_0007_0030.uasset" 10399
"../../../Engine/Content/EngineMaterials/Substrate/Glints2/dict_0007_0029.uasset" 10400
"../../../Engine/Content/EngineMaterials/Substrate/Glints2/dict_0007_0031.uasset" 10401
"../../../Engine/Content/EngineMaterials/Substrate/Glints2/dict_0007_0026.uasset" 10402
"/Engine/EngineMaterials/Substrate/Glints2/dict_0007_0025" 10403
"../../../Engine/Content/EngineMaterials/Substrate/Glints2/dict_0007_0027.uasset" 10404
"../../../Engine/Content/EngineMaterials/Substrate/Glints2/dict_0007_0033.uasset" 10405
"/Engine/EngineMaterials/Substrate/Glints2/dict_0007_0024" 10406
"../../../Engine/Content/EngineMaterials/Substrate/Glints2/dict_0007_0032.uasset" 10407
"../../../Engine/Content/EngineMaterials/Substrate/Glints2/dict_0007_0036.uasset" 10408
"../../../Engine/Content/EngineMaterials/Substrate/Glints2/dict_0007_0037.uasset" 10409
"../../../Engine/Content/EngineMaterials/Substrate/Glints2/dict_0007_0034.uasset" 10410
"../../../Engine/Content/EngineMaterials/Substrate/Glints2/dict_0007_0035.uasset" 10411
"../../../Engine/Content/EngineMaterials/Substrate/Glints2/dict_0007_0039.uasset" 10412
"../../../Engine/Content/EngineMaterials/Substrate/Glints2/dict_0007_0038.uasset" 10413
"../../../Engine/Content/EngineMaterials/Substrate/Glints2/dict_0007_0040.uasset" 10414
"/Engine/EngineMaterials/Substrate/Glints2/dict_0007_0023" 10415
"/Engine/EngineMaterials/Substrate/Glints2/dict_0007_0022" 10416
"/Engine/EngineMaterials/Substrate/Glints2/dict_0007_0021" 10417
"/Engine/EngineMaterials/Substrate/Glints2/dict_0007_0020" 10418
"/Engine/EngineMaterials/Substrate/Glints2/dict_0007_0019" 10419
"/Engine/EngineMaterials/Substrate/Glints2/dict_0007_0018" 10420
"/Engine/EngineMaterials/Substrate/Glints2/dict_0007_0017" 10421
"/Engine/EngineMaterials/Substrate/Glints2/dict_0007_0016" 10422
"/Engine/EngineMaterials/Substrate/Glints2/dict_0007_0015" 10423
"/Engine/EngineMaterials/Substrate/Glints2/dict_0007_0014" 10424
"/Engine/EngineMaterials/Substrate/Glints2/dict_0007_0013" 10425
"/Engine/EngineMaterials/Substrate/Glints2/dict_0007_0012" 10426
"/Engine/EngineMaterials/Substrate/Glints2/dict_0007_0011" 10427
"/Engine/EngineMaterials/Substrate/Glints2/dict_0007_0010" 10428
"/Engine/EngineMaterials/Substrate/Glints2/dict_0007_0009" 10429
"../../../Engine/Content/EngineMaterials/Substrate/Glints2/dict_0007_0041.uasset" 10430
"../../../Engine/Content/EngineMaterials/Substrate/Glints2/dict_0007_0044.uasset" 10431
"../../../Engine/Content/EngineMaterials/Substrate/Glints2/dict_0007_0046.uasset" 10432
"../../../Engine/Content/EngineMaterials/Substrate/Glints2/dict_0007_0045.uasset" 10433
"../../../Engine/Content/EngineMaterials/Substrate/Glints2/dict_0007_0042.uasset" 10434
"/Engine/EngineMaterials/Substrate/Glints2/dict_0007_0040" 10435
"../../../Engine/Content/EngineMaterials/Substrate/Glints2/dict_0007_0043.uasset" 10436
"../../../Engine/Content/EngineMaterials/Substrate/Glints2/dict_0007_0047.uasset" 10437
"../../../Engine/Content/EngineMaterials/Substrate/Glints2/dict_0007_0048.uasset" 10438
"../../../Engine/Content/EngineMaterials/Substrate/Glints2/dict_0007_0049.uasset" 10439
"../../../Engine/Content/EngineMaterials/Substrate/Glints2/dict_0007_0050.uasset" 10440
"../../../Engine/Content/EngineMaterials/Substrate/Glints2/dict_0007_0052.uasset" 10441
"../../../Engine/Content/EngineMaterials/Substrate/Glints2/dict_0007_0051.uasset" 10442
"/Engine/EngineMaterials/Substrate/Glints2/dict_0007_0039" 10443
"../../../Engine/Content/EngineMaterials/Substrate/Glints2/dict_0007_0053.uasset" 10444
"../../../Engine/Content/EngineMaterials/Substrate/Glints2/dict_0007_0055.uasset" 10445
"../../../Engine/Content/EngineMaterials/Substrate/Glints2/dict_0007_0054.uasset" 10446
"../../../Engine/Content/EngineMaterials/Substrate/Glints2/dict_0007_0057.uasset" 10447
"../../../Engine/Content/EngineMaterials/Substrate/Glints2/dict_0007_0056.uasset" 10448
"/Engine/EngineMaterials/Substrate/Glints2/dict_0007_0038" 10449
"/Engine/EngineMaterials/Substrate/Glints2/dict_0007_0037" 10450
"/Engine/EngineMaterials/Substrate/Glints2/dict_0007_0036" 10451
"/Engine/EngineMaterials/Substrate/Glints2/dict_0007_0035" 10452
"/Engine/EngineMaterials/Substrate/Glints2/dict_0007_0034" 10453
"/Engine/EngineMaterials/Substrate/Glints2/dict_0007_0033" 10454
"/Engine/EngineMaterials/Substrate/Glints2/dict_0007_0032" 10455
"/Engine/EngineMaterials/Substrate/Glints2/dict_0007_0031" 10456
"/Engine/EngineMaterials/Substrate/Glints2/dict_0007_0030" 10457
"/Engine/EngineMaterials/Substrate/Glints2/dict_0007_0029" 10458
"/Engine/EngineMaterials/Substrate/Glints2/dict_0007_0028" 10459
"/Engine/EngineMaterials/Substrate/Glints2/dict_0007_0027" 10460
"/Engine/EngineMaterials/Substrate/Glints2/dict_0007_0026" 10461
"../../../Engine/Content/EngineMaterials/Substrate/Glints2/dict_0007_0061.uasset" 10462
"../../../Engine/Content/EngineMaterials/Substrate/Glints2/dict_0007_0058.uasset" 10463
"../../../Engine/Content/EngineMaterials/Substrate/Glints2/dict_0007_0060.uasset" 10464
"../../../Engine/Content/EngineMaterials/Substrate/Glints2/dict_0007_0062.uasset" 10465
"../../../Engine/Content/EngineMaterials/Substrate/Glints2/dict_0007_0059.uasset" 10466
"../../../Engine/Content/EngineMaterials/Substrate/Glints2/dict_0007_0063.uasset" 10467
"/Engine/EngineMaterials/Substrate/Glints2/dict_0007_0057" 10468
"../../../Engine/Content/EngineMaterials/Substrate/Glints2/dict_0007_0067.uasset" 10469
"../../../Engine/Content/EngineMaterials/Substrate/Glints2/dict_0007_0066.uasset" 10470
"../../../Engine/Content/EngineMaterials/Substrate/Glints2/dict_0007_0068.uasset" 10471
"../../../Engine/Content/EngineMaterials/Substrate/Glints2/dict_0007_0065.uasset" 10472
"../../../Engine/Content/EngineMaterials/Substrate/Glints2/dict_0007_0064.uasset" 10473
"../../../Engine/Content/EngineMaterials/Substrate/Glints2/dict_0007_0069.uasset" 10474
"/Engine/EngineMaterials/Substrate/Glints2/dict_0007_0056" 10475
"../../../Engine/Content/EngineMaterials/Substrate/Glints2/dict_0007_0070.uasset" 10476
"../../../Engine/Content/EngineMaterials/Substrate/Glints2/dict_0007_0071.uasset" 10477
"../../../Engine/Content/EngineMaterials/Substrate/Glints2/dict_0007_0072.uasset" 10478
"/Engine/EngineMaterials/Substrate/Glints2/dict_0007_0055" 10479
"/Engine/EngineMaterials/Substrate/Glints2/dict_0007_0054" 10480
"/Engine/EngineMaterials/Substrate/Glints2/dict_0007_0053" 10481
"/Engine/EngineMaterials/Substrate/Glints2/dict_0007_0052" 10482
"/Engine/EngineMaterials/Substrate/Glints2/dict_0007_0051" 10483
"/Engine/EngineMaterials/Substrate/Glints2/dict_0007_0050" 10484
"/Engine/EngineMaterials/Substrate/Glints2/dict_0007_0049" 10485
"/Engine/EngineMaterials/Substrate/Glints2/dict_0007_0048" 10486
"/Engine/EngineMaterials/Substrate/Glints2/dict_0007_0047" 10487
"/Engine/EngineMaterials/Substrate/Glints2/dict_0007_0046" 10488
"/Engine/EngineMaterials/Substrate/Glints2/dict_0007_0045" 10489
"/Engine/EngineMaterials/Substrate/Glints2/dict_0007_0044" 10490
"/Engine/EngineMaterials/Substrate/Glints2/dict_0007_0043" 10491
"/Engine/EngineMaterials/Substrate/Glints2/dict_0007_0042" 10492
"/Engine/EngineMaterials/Substrate/Glints2/dict_0007_0041" 10493
"../../../Engine/Content/EngineMaterials/Substrate/Glints2/dict_0007_0073.uasset" 10494
"../../../Engine/Content/EngineMaterials/Substrate/Glints2/dict_0007_0074.uasset" 10495
"../../../Engine/Content/EngineMaterials/Substrate/Glints2/dict_0007_0078.uasset" 10496
"../../../Engine/Content/EngineMaterials/Substrate/Glints2/dict_0007_0077.uasset" 10497
"../../../Engine/Content/EngineMaterials/Substrate/Glints2/dict_0007_0075.uasset" 10498
"../../../Engine/Content/EngineMaterials/Substrate/Glints2/dict_0007_0076.uasset" 10499
"/Engine/EngineMaterials/Substrate/Glints2/dict_0007_0072" 10500
"../../../Engine/Content/EngineMaterials/Substrate/Glints2/dict_0007_0079.uasset" 10501
"../../../Engine/Content/EngineMaterials/Substrate/Glints2/dict_0007_0081.uasset" 10502
"../../../Engine/Content/EngineMaterials/Substrate/Glints2/dict_0007_0082.uasset" 10503
"../../../Engine/Content/EngineMaterials/Substrate/Glints2/dict_0007_0084.uasset" 10504
"../../../Engine/Content/EngineMaterials/Substrate/Glints2/dict_0007_0083.uasset" 10505
"/Engine/EngineMaterials/Substrate/Glints2/dict_0007_0071" 10506
"../../../Engine/Content/EngineMaterials/Substrate/Glints2/dict_0007_0080.uasset" 10507
"../../../Engine/Content/EngineMaterials/Substrate/Glints2/dict_0007_0085.uasset" 10508
"../../../Engine/Content/EngineMaterials/Substrate/Glints2/dict_0007_0086.uasset" 10509
"/Engine/EngineMaterials/Substrate/Glints2/dict_0007_0070" 10510
"../../../Engine/Content/EngineMaterials/Substrate/Glints2/dict_0007_0087.uasset" 10511
"../../../Engine/Content/EngineMaterials/Substrate/Glints2/dict_0007_0088.uasset" 10512
"../../../Engine/Content/EngineMaterials/Substrate/Glints2/dict_0007_0089.uasset" 10513
"/Engine/EngineMaterials/Substrate/Glints2/dict_0007_0069" 10514
"/Engine/EngineMaterials/Substrate/Glints2/dict_0007_0068" 10515
"/Engine/EngineMaterials/Substrate/Glints2/dict_0007_0067" 10516
"/Engine/EngineMaterials/Substrate/Glints2/dict_0007_0066" 10517
"/Engine/EngineMaterials/Substrate/Glints2/dict_0007_0065" 10518
"/Engine/EngineMaterials/Substrate/Glints2/dict_0007_0064" 10519
"/Engine/EngineMaterials/Substrate/Glints2/dict_0007_0063" 10520
"/Engine/EngineMaterials/Substrate/Glints2/dict_0007_0062" 10521
"/Engine/EngineMaterials/Substrate/Glints2/dict_0007_0061" 10522
"/Engine/EngineMaterials/Substrate/Glints2/dict_0007_0060" 10523
"/Engine/EngineMaterials/Substrate/Glints2/dict_0007_0059" 10524
"/Engine/EngineMaterials/Substrate/Glints2/dict_0007_0058" 10525
"../../../Engine/Content/EngineMaterials/Substrate/Glints2/dict_0007_0091.uasset" 10526
"../../../Engine/Content/EngineMaterials/Substrate/Glints2/dict_0007_0095.uasset" 10527
"../../../Engine/Content/EngineMaterials/Substrate/Glints2/dict_0007_0094.uasset" 10528
"../../../Engine/Content/EngineMaterials/Substrate/Glints2/dict_0007_0090.uasset" 10529
"/Engine/EngineMaterials/Substrate/Glints2/dict_0007_0089" 10530
"../../../Engine/Content/EngineMaterials/Substrate/Glints2/dict_0007_0092.uasset" 10531
"../../../Engine/Content/EngineMaterials/Substrate/Glints2/dict_0007_0093.uasset" 10532
"/Engine/EngineMaterials/Substrate/Glints2/dict_0007_0088" 10533
"/Engine/EngineMaterials/Substrate/Glints2/dict_0007_0087" 10534
"../../../Engine/Content/EngineMaterials/Substrate/Glints2/dict_0007_0096.uasset" 10535
"../../../Engine/Content/EngineMaterials/Substrate/Glints2/dict_0007_0098.uasset" 10536
"../../../Engine/Content/EngineMaterials/Substrate/Glints2/dict_0007_0101.uasset" 10537
"../../../Engine/Content/EngineMaterials/Substrate/Glints2/dict_0007_0100.uasset" 10538
"../../../Engine/Content/EngineMaterials/Substrate/Glints2/dict_0007_0097.uasset" 10539
"/Engine/EngineMaterials/Substrate/Glints2/dict_0007_0086" 10540
"../../../Engine/Content/EngineMaterials/Substrate/Glints2/dict_0007_0099.uasset" 10541
"../../../Engine/Content/EngineMaterials/Substrate/Glints2/dict_0007_0103.uasset" 10542
"../../../Engine/Content/EngineMaterials/Substrate/Glints2/dict_0007_0102.uasset" 10543
"../../../Engine/Content/EngineMaterials/Substrate/Glints2/dict_0007_0104.uasset" 10544
"/Engine/EngineMaterials/Substrate/Glints2/dict_0007_0085" 10545
"/Engine/EngineMaterials/Substrate/Glints2/dict_0007_0084" 10546
"/Engine/EngineMaterials/Substrate/Glints2/dict_0007_0083" 10547
"/Engine/EngineMaterials/Substrate/Glints2/dict_0007_0082" 10548
"/Engine/EngineMaterials/Substrate/Glints2/dict_0007_0081" 10549
"/Engine/EngineMaterials/Substrate/Glints2/dict_0007_0080" 10550
"/Engine/EngineMaterials/Substrate/Glints2/dict_0007_0079" 10551
"/Engine/EngineMaterials/Substrate/Glints2/dict_0007_0078" 10552
"/Engine/EngineMaterials/Substrate/Glints2/dict_0007_0077" 10553
"/Engine/EngineMaterials/Substrate/Glints2/dict_0007_0076" 10554
"/Engine/EngineMaterials/Substrate/Glints2/dict_0007_0075" 10555
"/Engine/EngineMaterials/Substrate/Glints2/dict_0007_0074" 10556
"/Engine/EngineMaterials/Substrate/Glints2/dict_0007_0073" 10557
"../../../Engine/Content/EngineMaterials/Substrate/Glints2/dict_0007_0107.uasset" 10558
"../../../Engine/Content/EngineMaterials/Substrate/Glints2/dict_0007_0109.uasset" 10559
"../../../Engine/Content/EngineMaterials/Substrate/Glints2/dict_0007_0105.uasset" 10560
"../../../Engine/Content/EngineMaterials/Substrate/Glints2/dict_0007_0108.uasset" 10561
"/Engine/EngineMaterials/Substrate/Glints2/dict_0007_0104" 10562
"../../../Engine/Content/EngineMaterials/Substrate/Glints2/dict_0007_0106.uasset" 10563
"../../../Engine/Content/EngineMaterials/Substrate/Glints2/dict_0007_0110.uasset" 10564
"../../../Engine/Content/EngineMaterials/Substrate/Glints2/dict_0007_0111.uasset" 10565
"../../../Engine/Content/EngineMaterials/Substrate/Glints2/dict_0007_0114.uasset" 10566
"/Engine/EngineMaterials/Substrate/Glints2/dict_0007_0103" 10567
"../../../Engine/Content/EngineMaterials/Substrate/Glints2/dict_0007_0112.uasset" 10568
"../../../Engine/Content/EngineMaterials/Substrate/Glints2/dict_0007_0116.uasset" 10569
"../../../Engine/Content/EngineMaterials/Substrate/Glints2/dict_0007_0115.uasset" 10570
"../../../Engine/Content/EngineMaterials/Substrate/Glints2/dict_0007_0113.uasset" 10571
"../../../Engine/Content/EngineMaterials/Substrate/Glints2/dict_0007_0117.uasset" 10572
"../../../Engine/Content/EngineMaterials/Substrate/Glints2/dict_0007_0118.uasset" 10573
"../../../Engine/Content/EngineMaterials/Substrate/Glints2/dict_0007_0119.uasset" 10574
"../../../Engine/Content/EngineMaterials/Substrate/Glints2/dict_0007_0120.uasset" 10575
"/Engine/EngineMaterials/Substrate/Glints2/dict_0007_0102" 10576
"../../../Engine/Content/EngineMaterials/Substrate/Glints2/dict_0007_0121.uasset" 10577
"/Engine/EngineMaterials/Substrate/Glints2/dict_0007_0101" 10578
"/Engine/EngineMaterials/Substrate/Glints2/dict_0007_0100" 10579
"/Engine/EngineMaterials/Substrate/Glints2/dict_0007_0099" 10580
"/Engine/EngineMaterials/Substrate/Glints2/dict_0007_0098" 10581
"/Engine/EngineMaterials/Substrate/Glints2/dict_0007_0097" 10582
"/Engine/EngineMaterials/Substrate/Glints2/dict_0007_0096" 10583
"/Engine/EngineMaterials/Substrate/Glints2/dict_0007_0095" 10584
"/Engine/EngineMaterials/Substrate/Glints2/dict_0007_0094" 10585
"/Engine/EngineMaterials/Substrate/Glints2/dict_0007_0093" 10586
"/Engine/EngineMaterials/Substrate/Glints2/dict_0007_0092" 10587
"/Engine/EngineMaterials/Substrate/Glints2/dict_0007_0091" 10588
"/Engine/EngineMaterials/Substrate/Glints2/dict_0007_0090" 10589
"../../../Engine/Content/EngineMaterials/Substrate/Glints2/dict_0007_0124.uasset" 10590
"../../../Engine/Content/EngineMaterials/Substrate/Glints2/dict_0007_0123.uasset" 10591
"../../../Engine/Content/EngineMaterials/Substrate/Glints2/dict_0007_0122.uasset" 10592
"../../../Engine/Content/EngineMaterials/Substrate/Glints2/dict_0007_0125.uasset" 10593
"../../../Engine/Content/EngineMaterials/Substrate/Glints2/dict_0007_0126.uasset" 10594
"../../../Engine/Content/EngineMaterials/Substrate/Glints2/dict_0007_0127.uasset" 10595
"/Engine/EngineMaterials/Substrate/Glints2/dict_0007_0121" 10596
"../../../Engine/Content/EngineMaterials/Substrate/Glints2/dict_0007_0128.uasset" 10597
"../../../Engine/Content/EngineMaterials/Substrate/Glints2/dict_0007_0129.uasset" 10598
"../../../Engine/Content/EngineMaterials/Substrate/Glints2/dict_0007_0130.uasset" 10599
"../../../Engine/Content/EngineMaterials/Substrate/Glints2/dict_0007_0131.uasset" 10600
"../../../Engine/Content/EngineMaterials/Substrate/Glints2/dict_0007_0132.uasset" 10601
"/Engine/EngineMaterials/Substrate/Glints2/dict_0007_0120" 10602
"../../../Engine/Content/EngineMaterials/Substrate/Glints2/dict_0007_0133.uasset" 10603
"../../../Engine/Content/EngineMaterials/Substrate/Glints2/dict_0007_0135.uasset" 10604
"../../../Engine/Content/EngineMaterials/Substrate/Glints2/dict_0007_0134.uasset" 10605
"../../../Engine/Content/EngineMaterials/Substrate/Glints2/dict_0007_0136.uasset" 10606
"/Engine/EngineMaterials/Substrate/Glints2/dict_0007_0119" 10607
"/Engine/EngineMaterials/Substrate/Glints2/dict_0007_0118" 10608
"/Engine/EngineMaterials/Substrate/Glints2/dict_0007_0117" 10609
"/Engine/EngineMaterials/Substrate/Glints2/dict_0007_0116" 10610
"/Engine/EngineMaterials/Substrate/Glints2/dict_0007_0115" 10611
"/Engine/EngineMaterials/Substrate/Glints2/dict_0007_0114" 10612
"/Engine/EngineMaterials/Substrate/Glints2/dict_0007_0113" 10613
"/Engine/EngineMaterials/Substrate/Glints2/dict_0007_0112" 10614
"/Engine/EngineMaterials/Substrate/Glints2/dict_0007_0111" 10615
"/Engine/EngineMaterials/Substrate/Glints2/dict_0007_0110" 10616
"/Engine/EngineMaterials/Substrate/Glints2/dict_0007_0109" 10617
"/Engine/EngineMaterials/Substrate/Glints2/dict_0007_0108" 10618
"/Engine/EngineMaterials/Substrate/Glints2/dict_0007_0107" 10619
"/Engine/EngineMaterials/Substrate/Glints2/dict_0007_0106" 10620
"/Engine/EngineMaterials/Substrate/Glints2/dict_0007_0105" 10621
"../../../Engine/Content/EngineMaterials/Substrate/Glints2/dict_0007_0139.uasset" 10622
"../../../Engine/Content/EngineMaterials/Substrate/Glints2/dict_0007_0140.uasset" 10623
"../../../Engine/Content/EngineMaterials/Substrate/Glints2/dict_0007_0141.uasset" 10624
"../../../Engine/Content/EngineMaterials/Substrate/Glints2/dict_0007_0142.uasset" 10625
"../../../Engine/Content/EngineMaterials/Substrate/Glints2/dict_0007_0138.uasset" 10626
"../../../Engine/Content/EngineMaterials/Substrate/Glints2/dict_0007_0137.uasset" 10627
"/Engine/EngineMaterials/Substrate/Glints2/dict_0007_0136" 10628
"../../../Engine/Content/EngineMaterials/Substrate/Glints2/dict_0007_0143.uasset" 10629
"../../../Engine/Content/EngineMaterials/Substrate/Glints2/dict_0007_0144.uasset" 10630
"../../../Engine/Content/EngineMaterials/Substrate/Glints2/dict_0007_0145.uasset" 10631
"../../../Engine/Content/EngineMaterials/Substrate/Glints2/dict_0007_0147.uasset" 10632
"../../../Engine/Content/EngineMaterials/Substrate/Glints2/dict_0007_0146.uasset" 10633
"/Engine/EngineMaterials/Substrate/Glints2/dict_0007_0135" 10634
"../../../Engine/Content/EngineMaterials/Substrate/Glints2/dict_0007_0148.uasset" 10635
"../../../Engine/Content/EngineMaterials/Substrate/Glints2/dict_0007_0151.uasset" 10636
"../../../Engine/Content/EngineMaterials/Substrate/Glints2/dict_0007_0149.uasset" 10637
"../../../Engine/Content/EngineMaterials/Substrate/Glints2/dict_0007_0150.uasset" 10638
"../../../Engine/Content/EngineMaterials/Substrate/Glints2/dict_0007_0152.uasset" 10639
"../../../Engine/Content/EngineMaterials/Substrate/Glints2/dict_0007_0153.uasset" 10640
"/Engine/EngineMaterials/Substrate/Glints2/dict_0007_0134" 10641
"/Engine/EngineMaterials/Substrate/Glints2/dict_0007_0133" 10642
"/Engine/EngineMaterials/Substrate/Glints2/dict_0007_0132" 10643
"/Engine/EngineMaterials/Substrate/Glints2/dict_0007_0131" 10644
"/Engine/EngineMaterials/Substrate/Glints2/dict_0007_0130" 10645
"/Engine/EngineMaterials/Substrate/Glints2/dict_0007_0129" 10646
"/Engine/EngineMaterials/Substrate/Glints2/dict_0007_0128" 10647
"/Engine/EngineMaterials/Substrate/Glints2/dict_0007_0127" 10648
"/Engine/EngineMaterials/Substrate/Glints2/dict_0007_0126" 10649
"/Engine/EngineMaterials/Substrate/Glints2/dict_0007_0125" 10650
"/Engine/EngineMaterials/Substrate/Glints2/dict_0007_0124" 10651
"/Engine/EngineMaterials/Substrate/Glints2/dict_0007_0123" 10652
"/Engine/EngineMaterials/Substrate/Glints2/dict_0007_0122" 10653
"../../../Engine/Content/EngineMaterials/Substrate/Glints2/dict_0007_0155.uasset" 10654
"../../../Engine/Content/EngineMaterials/Substrate/Glints2/dict_0007_0154.uasset" 10655
"../../../Engine/Content/EngineMaterials/Substrate/Glints2/dict_0007_0159.uasset" 10656
"../../../Engine/Content/EngineMaterials/Substrate/Glints2/dict_0007_0158.uasset" 10657
"../../../Engine/Content/EngineMaterials/Substrate/Glints2/dict_0007_0156.uasset" 10658
"/Engine/EngineMaterials/Substrate/Glints2/dict_0007_0153" 10659
"../../../Engine/Content/EngineMaterials/Substrate/Glints2/dict_0007_0157.uasset" 10660
"../../../Engine/Content/EngineMaterials/Substrate/Glints2/dict_0007_0160.uasset" 10661
"../../../Engine/Content/EngineMaterials/Substrate/Glints2/dict_0007_0163.uasset" 10662
"../../../Engine/Content/EngineMaterials/Substrate/Glints2/dict_0007_0161.uasset" 10663
"../../../Engine/Content/EngineMaterials/Substrate/Glints2/dict_0007_0164.uasset" 10664
"../../../Engine/Content/EngineMaterials/Substrate/Glints2/dict_0007_0162.uasset" 10665
"../../../Engine/Content/EngineMaterials/Substrate/Glints2/dict_0007_0165.uasset" 10666
"/Engine/EngineMaterials/Substrate/Glints2/dict_0007_0152" 10667
"../../../Engine/Content/EngineMaterials/Substrate/Glints2/dict_0007_0166.uasset" 10668
"../../../Engine/Content/EngineMaterials/Substrate/Glints2/dict_0007_0167.uasset" 10669
"../../../Engine/Content/EngineMaterials/Substrate/Glints2/dict_0007_0168.uasset" 10670
"/Engine/EngineMaterials/Substrate/Glints2/dict_0007_0151" 10671
"/Engine/EngineMaterials/Substrate/Glints2/dict_0007_0150" 10672
"/Engine/EngineMaterials/Substrate/Glints2/dict_0007_0149" 10673
"/Engine/EngineMaterials/Substrate/Glints2/dict_0007_0148" 10674
"/Engine/EngineMaterials/Substrate/Glints2/dict_0007_0147" 10675
"/Engine/EngineMaterials/Substrate/Glints2/dict_0007_0146" 10676
"/Engine/EngineMaterials/Substrate/Glints2/dict_0007_0145" 10677
"/Engine/EngineMaterials/Substrate/Glints2/dict_0007_0144" 10678
"/Engine/EngineMaterials/Substrate/Glints2/dict_0007_0143" 10679
"/Engine/EngineMaterials/Substrate/Glints2/dict_0007_0142" 10680
"/Engine/EngineMaterials/Substrate/Glints2/dict_0007_0141" 10681
"/Engine/EngineMaterials/Substrate/Glints2/dict_0007_0140" 10682
"/Engine/EngineMaterials/Substrate/Glints2/dict_0007_0139" 10683
"/Engine/EngineMaterials/Substrate/Glints2/dict_0007_0138" 10684
"/Engine/EngineMaterials/Substrate/Glints2/dict_0007_0137" 10685
"../../../Engine/Content/EngineMaterials/Substrate/Glints2/dict_0007_0169.uasset" 10686
"../../../Engine/Content/EngineMaterials/Substrate/Glints2/dict_0007_0172.uasset" 10687
"../../../Engine/Content/EngineMaterials/Substrate/Glints2/dict_0007_0174.uasset" 10688
"../../../Engine/Content/EngineMaterials/Substrate/Glints2/dict_0007_0173.uasset" 10689
"../../../Engine/Content/EngineMaterials/Substrate/Glints2/dict_0007_0170.uasset" 10690
"/Engine/EngineMaterials/Substrate/Glints2/dict_0007_0168" 10691
"../../../Engine/Content/EngineMaterials/Substrate/Glints2/dict_0007_0171.uasset" 10692
"../../../Engine/Content/EngineMaterials/Substrate/Glints2/dict_0007_0175.uasset" 10693
"../../../Engine/Content/EngineMaterials/Substrate/Glints2/dict_0007_0176.uasset" 10694
"../../../Engine/Content/EngineMaterials/Substrate/Glints2/dict_0007_0178.uasset" 10695
"../../../Engine/Content/EngineMaterials/Substrate/Glints2/dict_0007_0177.uasset" 10696
"/Engine/EngineMaterials/Substrate/Glints2/dict_0007_0167" 10697
"../../../Engine/Content/EngineMaterials/Substrate/Glints2/dict_0007_0179.uasset" 10698
"../../../Engine/Content/EngineMaterials/Substrate/Glints2/dict_0007_0180.uasset" 10699
"../../../Engine/Content/EngineMaterials/Substrate/Glints2/dict_0007_0181.uasset" 10700
"../../../Engine/Content/EngineMaterials/Substrate/Glints2/dict_0007_0182.uasset" 10701
"../../../Engine/Content/EngineMaterials/Substrate/Glints2/dict_0007_0185.uasset" 10702
"../../../Engine/Content/EngineMaterials/Substrate/Glints2/dict_0007_0184.uasset" 10703
"/Engine/EngineMaterials/Substrate/Glints2/dict_0007_0166" 10704
"../../../Engine/Content/EngineMaterials/Substrate/Glints2/dict_0007_0183.uasset" 10705
"/Engine/EngineMaterials/Substrate/Glints2/dict_0007_0165" 10706
"/Engine/EngineMaterials/Substrate/Glints2/dict_0007_0164" 10707
"/Engine/EngineMaterials/Substrate/Glints2/dict_0007_0163" 10708
"/Engine/EngineMaterials/Substrate/Glints2/dict_0007_0162" 10709
"/Engine/EngineMaterials/Substrate/Glints2/dict_0007_0161" 10710
"/Engine/EngineMaterials/Substrate/Glints2/dict_0007_0160" 10711
"/Engine/EngineMaterials/Substrate/Glints2/dict_0007_0159" 10712
"/Engine/EngineMaterials/Substrate/Glints2/dict_0007_0158" 10713
"/Engine/EngineMaterials/Substrate/Glints2/dict_0007_0157" 10714
"/Engine/EngineMaterials/Substrate/Glints2/dict_0007_0156" 10715
"/Engine/EngineMaterials/Substrate/Glints2/dict_0007_0155" 10716
"/Engine/EngineMaterials/Substrate/Glints2/dict_0007_0154" 10717
"../../../Engine/Content/EngineMaterials/Substrate/Glints2/dict_0007_0189.uasset" 10718
"../../../Engine/Content/EngineMaterials/Substrate/Glints2/dict_0007_0186.uasset" 10719
"../../../Engine/Content/EngineMaterials/Substrate/Glints2/dict_0007_0187.uasset" 10720
"../../../Engine/Content/EngineMaterials/Substrate/Glints2/dict_0007_0190.uasset" 10721
"../../../Engine/Content/EngineMaterials/Substrate/Glints2/dict_0007_0191.uasset" 10722
"/Engine/EngineMaterials/Substrate/Glints2/dict_0007_0185" 10723
"../../../Engine/Content/EngineMaterials/Substrate/Glints2/dict_0007_0188.uasset" 10724
"../../../Engine/Content/EngineMaterials/Substrate/Glints2/dict_0007_0192.uasset" 10725
"../../../Engine/Content/EngineMaterials/Substrate/Glints2/dict_0007_0194.uasset" 10726
"../../../Engine/Content/EngineMaterials/Substrate/Glints2/dict_0007_0193.uasset" 10727
"../../../Engine/Content/EngineMaterials/Substrate/Glints2/dict_0007_0196.uasset" 10728
"../../../Engine/Content/EngineMaterials/Substrate/Glints2/dict_0007_0195.uasset" 10729
"../../../Engine/Content/EngineMaterials/Substrate/Glints2/dict_0007_0197.uasset" 10730
"/Engine/EngineMaterials/Substrate/Glints2/dict_0007_0184" 10731
"../../../Engine/Content/EngineMaterials/Substrate/Glints2/dict_0007_0198.uasset" 10732
"../../../Engine/Content/EngineMaterials/Substrate/Glints2/dict_0007_0200.uasset" 10733
"../../../Engine/Content/EngineMaterials/Substrate/Glints2/dict_0007_0199.uasset" 10734
"/Engine/EngineMaterials/Substrate/Glints2/dict_0007_0183" 10735
"/Engine/EngineMaterials/Substrate/Glints2/dict_0007_0182" 10736
"/Engine/EngineMaterials/Substrate/Glints2/dict_0007_0181" 10737
"/Engine/EngineMaterials/Substrate/Glints2/dict_0007_0180" 10738
"/Engine/EngineMaterials/Substrate/Glints2/dict_0007_0179" 10739
"/Engine/EngineMaterials/Substrate/Glints2/dict_0007_0178" 10740
"/Engine/EngineMaterials/Substrate/Glints2/dict_0007_0177" 10741
"/Engine/EngineMaterials/Substrate/Glints2/dict_0007_0176" 10742
"/Engine/EngineMaterials/Substrate/Glints2/dict_0007_0175" 10743
"/Engine/EngineMaterials/Substrate/Glints2/dict_0007_0174" 10744
"/Engine/EngineMaterials/Substrate/Glints2/dict_0007_0173" 10745
"/Engine/EngineMaterials/Substrate/Glints2/dict_0007_0172" 10746
"/Engine/EngineMaterials/Substrate/Glints2/dict_0007_0171" 10747
"/Engine/EngineMaterials/Substrate/Glints2/dict_0007_0170" 10748
"/Engine/EngineMaterials/Substrate/Glints2/dict_0007_0169" 10749
"../../../Engine/Content/EngineMaterials/Substrate/Glints2/dict_0007_0202.uasset" 10750
"../../../Engine/Content/EngineMaterials/Substrate/Glints2/dict_0007_0201.uasset" 10751
"../../../Engine/Content/EngineMaterials/Substrate/Glints2/dict_0007_0204.uasset" 10752
"../../../Engine/Content/EngineMaterials/Substrate/Glints2/dict_0007_0205.uasset" 10753
"../../../Engine/Content/EngineMaterials/Substrate/Glints2/dict_0007_0203.uasset" 10754
"../../../Engine/Content/EngineMaterials/Substrate/Glints2/dict_0007_0206.uasset" 10755
"../../../Engine/Content/EngineMaterials/Substrate/Glints2/dict_0007_0207.uasset" 10756
"../../../Engine/Content/EngineMaterials/Substrate/Glints2/dict_0007_0209.uasset" 10757
"../../../Engine/Content/EngineMaterials/Substrate/Glints2/dict_0007_0208.uasset" 10758
"../../../Engine/Content/EngineMaterials/Substrate/Glints2/dict_0007_0210.uasset" 10759
"../../../Engine/Content/EngineMaterials/Substrate/Glints2/dict_0007_0211.uasset" 10760
"../../../Engine/Content/EngineMaterials/Substrate/Glints2/dict_0007_0212.uasset" 10761
"../../../Engine/Content/EngineMaterials/Substrate/Glints2/dict_0007_0213.uasset" 10762
"../../../Engine/Content/EngineMaterials/Substrate/Glints2/dict_0007_0214.uasset" 10763
"../../../Engine/Content/EngineMaterials/Substrate/Glints2/dict_0007_0216.uasset" 10764
"../../../Engine/Content/EngineMaterials/Substrate/Glints2/dict_0007_0215.uasset" 10765
"../../../Engine/Content/EngineMaterials/Substrate/Glints2/dict_0007_0217.uasset" 10766
"/Engine/EngineMaterials/Substrate/Glints2/dict_0007_0200" 10767
"/Engine/EngineMaterials/Substrate/Glints2/dict_0007_0199" 10768
"/Engine/EngineMaterials/Substrate/Glints2/dict_0007_0198" 10769
"/Engine/EngineMaterials/Substrate/Glints2/dict_0007_0197" 10770
"/Engine/EngineMaterials/Substrate/Glints2/dict_0007_0196" 10771
"/Engine/EngineMaterials/Substrate/Glints2/dict_0007_0195" 10772
"/Engine/EngineMaterials/Substrate/Glints2/dict_0007_0194" 10773
"/Engine/EngineMaterials/Substrate/Glints2/dict_0007_0193" 10774
"/Engine/EngineMaterials/Substrate/Glints2/dict_0007_0192" 10775
"/Engine/EngineMaterials/Substrate/Glints2/dict_0007_0191" 10776
"/Engine/EngineMaterials/Substrate/Glints2/dict_0007_0190" 10777
"/Engine/EngineMaterials/Substrate/Glints2/dict_0007_0189" 10778
"/Engine/EngineMaterials/Substrate/Glints2/dict_0007_0188" 10779
"/Engine/EngineMaterials/Substrate/Glints2/dict_0007_0187" 10780
"/Engine/EngineMaterials/Substrate/Glints2/dict_0007_0186" 10781
"../../../Engine/Content/EngineMaterials/Substrate/Glints2/dict_0007_0220.uasset" 10782
"../../../Engine/Content/EngineMaterials/Substrate/Glints2/dict_0007_0218.uasset" 10783
"../../../Engine/Content/EngineMaterials/Substrate/Glints2/dict_0007_0222.uasset" 10784
"../../../Engine/Content/EngineMaterials/Substrate/Glints2/dict_0007_0219.uasset" 10785
"../../../Engine/Content/EngineMaterials/Substrate/Glints2/dict_0007_0221.uasset" 10786
"../../../Engine/Content/EngineMaterials/Substrate/Glints2/dict_0007_0223.uasset" 10787
"/Engine/EngineMaterials/Substrate/Glints2/dict_0007_0217" 10788
"../../../Engine/Content/EngineMaterials/Substrate/Glints2/dict_0007_0224.uasset" 10789
"../../../Engine/Content/EngineMaterials/Substrate/Glints2/dict_0007_0225.uasset" 10790
"../../../Engine/Content/EngineMaterials/Substrate/Glints2/dict_0007_0227.uasset" 10791
"../../../Engine/Content/EngineMaterials/Substrate/Glints2/dict_0007_0226.uasset" 10792
"../../../Engine/Content/EngineMaterials/Substrate/Glints2/dict_0007_0228.uasset" 10793
"../../../Engine/Content/EngineMaterials/Substrate/Glints2/dict_0007_0229.uasset" 10794
"/Engine/EngineMaterials/Substrate/Glints2/dict_0007_0216" 10795
"../../../Engine/Content/EngineMaterials/Substrate/Glints2/dict_0007_0230.uasset" 10796
"../../../Engine/Content/EngineMaterials/Substrate/Glints2/dict_0007_0231.uasset" 10797
"../../../Engine/Content/EngineMaterials/Substrate/Glints2/dict_0007_0232.uasset" 10798
"/Engine/EngineMaterials/Substrate/Glints2/dict_0007_0215" 10799
"/Engine/EngineMaterials/Substrate/Glints2/dict_0007_0214" 10800
"/Engine/EngineMaterials/Substrate/Glints2/dict_0007_0213" 10801
"/Engine/EngineMaterials/Substrate/Glints2/dict_0007_0212" 10802
"/Engine/EngineMaterials/Substrate/Glints2/dict_0007_0211" 10803
"/Engine/EngineMaterials/Substrate/Glints2/dict_0007_0210" 10804
"/Engine/EngineMaterials/Substrate/Glints2/dict_0007_0209" 10805
"/Engine/EngineMaterials/Substrate/Glints2/dict_0007_0208" 10806
"/Engine/EngineMaterials/Substrate/Glints2/dict_0007_0207" 10807
"/Engine/EngineMaterials/Substrate/Glints2/dict_0007_0206" 10808
"/Engine/EngineMaterials/Substrate/Glints2/dict_0007_0205" 10809
"/Engine/EngineMaterials/Substrate/Glints2/dict_0007_0204" 10810
"/Engine/EngineMaterials/Substrate/Glints2/dict_0007_0203" 10811
"/Engine/EngineMaterials/Substrate/Glints2/dict_0007_0202" 10812
"/Engine/EngineMaterials/Substrate/Glints2/dict_0007_0201" 10813
"../../../Engine/Content/EngineMaterials/Substrate/Glints2/dict_0007_0233.uasset" 10814
"../../../Engine/Content/EngineMaterials/Substrate/Glints2/dict_0007_0238.uasset" 10815
"../../../Engine/Content/EngineMaterials/Substrate/Glints2/dict_0007_0235.uasset" 10816
"../../../Engine/Content/EngineMaterials/Substrate/Glints2/dict_0007_0237.uasset" 10817
"/Engine/EngineMaterials/Substrate/Glints2/dict_0007_0232" 10818
"../../../Engine/Content/EngineMaterials/Substrate/Glints2/dict_0007_0234.uasset" 10819
"../../../Engine/Content/EngineMaterials/Substrate/Glints2/dict_0007_0236.uasset" 10820
"../../../Engine/Content/EngineMaterials/Substrate/Glints2/dict_0007_0239.uasset" 10821
"../../../Engine/Content/EngineMaterials/Substrate/Glints2/dict_0007_0240.uasset" 10822
"../../../Engine/Content/EngineMaterials/Substrate/Glints2/dict_0007_0241.uasset" 10823
"../../../Engine/Content/EngineMaterials/Substrate/Glints2/dict_0007_0243.uasset" 10824
"../../../Engine/Content/EngineMaterials/Substrate/Glints2/dict_0007_0242.uasset" 10825
"../../../Engine/Content/EngineMaterials/Substrate/Glints2/dict_0007_0244.uasset" 10826
"/Engine/EngineMaterials/Substrate/Glints2/dict_0007_0231" 10827
"../../../Engine/Content/EngineMaterials/Substrate/Glints2/dict_0007_0245.uasset" 10828
"../../../Engine/Content/EngineMaterials/Substrate/Glints2/dict_0007_0246.uasset" 10829
"../../../Engine/Content/EngineMaterials/Substrate/Glints2/dict_0007_0247.uasset" 10830
"../../../Engine/Content/EngineMaterials/Substrate/Glints2/dict_0007_0248.uasset" 10831
"../../../Engine/Content/EngineMaterials/Substrate/Glints2/dict_0007_0249.uasset" 10832
"/Engine/EngineMaterials/Substrate/Glints2/dict_0007_0230" 10833
"/Engine/EngineMaterials/Substrate/Glints2/dict_0007_0229" 10834
"/Engine/EngineMaterials/Substrate/Glints2/dict_0007_0228" 10835
"/Engine/EngineMaterials/Substrate/Glints2/dict_0007_0227" 10836
"/Engine/EngineMaterials/Substrate/Glints2/dict_0007_0226" 10837
"/Engine/EngineMaterials/Substrate/Glints2/dict_0007_0225" 10838
"/Engine/EngineMaterials/Substrate/Glints2/dict_0007_0224" 10839
"/Engine/EngineMaterials/Substrate/Glints2/dict_0007_0223" 10840
"/Engine/EngineMaterials/Substrate/Glints2/dict_0007_0222" 10841
"/Engine/EngineMaterials/Substrate/Glints2/dict_0007_0221" 10842
"/Engine/EngineMaterials/Substrate/Glints2/dict_0007_0220" 10843
"/Engine/EngineMaterials/Substrate/Glints2/dict_0007_0219" 10844
"/Engine/EngineMaterials/Substrate/Glints2/dict_0007_0218" 10845
"../../../Engine/Content/EngineMaterials/Substrate/Glints2/dict_0007_0251.uasset" 10846
"../../../Engine/Content/EngineMaterials/Substrate/Glints2/dict_0007_0250.uasset" 10847
"../../../Engine/Content/EngineMaterials/Substrate/Glints2/dict_0007_0253.uasset" 10848
"../../../Engine/Content/EngineMaterials/Substrate/Glints2/dict_0007_0252.uasset" 10849
"../../../Engine/Content/EngineMaterials/Substrate/Glints2/dict_0007_0255.uasset" 10850
"/Engine/EngineMaterials/Substrate/Glints2/dict_0007_0249" 10851
"../../../Engine/Content/EngineMaterials/Substrate/Glints2/dict_0007_0254.uasset" 10852
"../../../Engine/Content/EngineMaterials/Substrate/Volume/SubstrateSimpleVolumeLUT2D.uasset" 10853
"../../../Engine/Content/EngineMaterials/Substrate/Glints2/AGlintTex2dArray2.uasset" 10854
"../../../Engine/Content/EngineMaterials/Substrate/Volume/SubstrateSimpleVolumeEnvLUT3D.uasset" 10855
"../../../Engine/Content/EngineMaterials/Substrate/Volume/SubstrateSimpleVolumeLUT3D.uasset" 10856
"../../../Engine/Content/EngineMaterials/Substrate/Volume/SubstrateSimpleVolumeEnvLUT2D.uasset" 10857
"../../../Engine/Content/EngineMaterials/DefaultCalibrationColor.uasset" 10858
"/Engine/EngineMaterials/Substrate/Glints2/dict_0007_0248" 10859
"../../../Engine/Content/EngineMaterials/PPM_DefaultCalibrationColor.uasset" 10860
"../../../Engine/Content/EngineMaterials/DefaultCalibrationGrayscale.uasset" 10861
"../../../Engine/Content/EngineMaterials/PPM_DefaultCalibrationGrayscale.uasset" 10862
"/Engine/EngineMaterials/Substrate/Glints2/dict_0007_0247" 10863
"/Engine/EngineMaterials/Substrate/Glints2/dict_0007_0246" 10864
"/Engine/EngineMaterials/Substrate/Glints2/dict_0007_0245" 10865
"/Engine/EngineMaterials/Substrate/Glints2/dict_0007_0244" 10866
"/Engine/EngineMaterials/Substrate/Glints2/dict_0007_0243" 10867
"/Engine/EngineMaterials/Substrate/Glints2/dict_0007_0242" 10868
"/Engine/EngineMaterials/Substrate/Glints2/dict_0007_0241" 10869
"/Engine/EngineMaterials/Substrate/Glints2/dict_0007_0240" 10870
"/Engine/EngineMaterials/Substrate/Glints2/dict_0007_0239" 10871
"/Engine/EngineMaterials/Substrate/Glints2/dict_0007_0238" 10872
"/Engine/EngineMaterials/Substrate/Glints2/dict_0007_0237" 10873
"/Engine/EngineMaterials/Substrate/Glints2/dict_0007_0236" 10874
"/Engine/EngineMaterials/Substrate/Glints2/dict_0007_0235" 10875
"/Engine/EngineMaterials/Substrate/Glints2/dict_0007_0234" 10876
"/Engine/EngineMaterials/Substrate/Glints2/dict_0007_0233" 10877
"C:/Users/fputi/Documents/GitHub/BuscaMines/Unreal/Content/FP/GUI/Widgets/Cursor/bomb_cursor.uasset" 10878
"../../../Engine/Plugins/Interchange/Assets/Content/Functions/MX_Displacement.uasset" 10879
"C:/Users/fputi/Documents/GitHub/BuscaMines/Unreal/Content/FP/GUI/Widgets/Cursor/UW_C_bomb.uasset" 10880
"../../../Engine/Plugins/Interchange/Assets/Content/Functions/MX_Surface.uasset" 10881
"../../../Engine/Content/Functions/Engine_MaterialFunctions03/Procedurals/HeightToNormalSmooth.uasset" 10882
"../../../Engine/Content/Functions/MaterialLayerFunctions/MatLayerBlend_OverrideOpacity.uasset" 10883
"/Engine/EngineMaterials/PPM_DefaultCalibrationGrayscale" 10884
"../../../Engine/Plugins/NNE/NNEDenoiser/Content/NNEDIM_ColorAlbedoNormal_Alpha.uasset" 10885
"../../../Engine/Plugins/NNE/NNEDenoiser/Content/NNEDIM_ColorAlbedoNormal_Default.uasset" 10886
"../../../Engine/Plugins/NNE/NNEDenoiser/Content/NNEDIM_HighQuality_Alpha.uasset" 10887
"../../../Engine/Plugins/NNE/NNEDenoiser/Content/NNEDOM_Output_Alpha.uasset" 10888
"../../../Engine/Plugins/NNE/NNEDenoiser/Content/NNEDIM_HighQuality_Default.uasset" 10889
"../../../Engine/Plugins/NNE/NNEDenoiser/Content/NNEDOM_Output_Default.uasset" 10890
"../../../Engine/Plugins/NNE/NNEDenoiser/Content/NNEDTIM_ColorAlbedoNormal_Alpha.uasset" 10891
"../../../Engine/Plugins/NNE/NNEDenoiser/Content/NNEDTIM_ColorAlbedoNormal_Default.uasset" 10892
"../../../Engine/Plugins/NNE/NNEDenoiser/Content/NNEDTOM_Output_Alpha.uasset" 10893
"../../../Engine/Plugins/NNE/NNEDenoiser/Content/NNEDTOM_Output_Default.uasset" 10894
"../../../Engine/Plugins/NNE/NNEDenoiser/Content/NNEDT_Oidn2-3_Balanced.uasset" 10895
"/Engine/EngineMaterials/PPM_DefaultCalibrationColor" 10896
"/Engine/EngineMaterials/Substrate/Volume/SubstrateSimpleVolumeEnvLUT3D" 10897
"/Engine/EngineMaterials/Substrate/Volume/SubstrateSimpleVolumeLUT3D" 10898
"/Engine/EngineMaterials/Substrate/Glints2/AGlintTex2dArray2" 10899
"/Game/FP/GUI/Widgets/Cursor/UW_C_bomb" 10900
"../../../Engine/Plugins/NNE/NNEDenoiser/Content/NNED_Oidn2-3_Fast_Alpha.uasset" 10901
"../../../Engine/Plugins/NNE/NNEDenoiser/Content/NNEDT_Oidn2-3_Balanced_Alpha.uasset" 10902
"../../../Engine/Plugins/NNE/NNEDenoiser/Content/NNED_Oidn2-3_Fast.uasset" 10903
"../../../Engine/Plugins/NNE/NNEDenoiser/Content/NNED_Oidn2-3_Balanced_Alpha.uasset" 10904
"/NNEDenoiser/NNEDT_Oidn2-3_Balanced" 10905
"../../../Engine/Plugins/NNE/NNEDenoiser/Content/NNED_Oidn2-3_HighQuality.uasset" 10906
"../../../Engine/Plugins/NNE/NNEDenoiser/Content/NNED_Oidn2-3_Balanced.uasset" 10907
"../../../Engine/Plugins/NNE/NNEDenoiser/Content/NNED_Oidn2-3_HighQuality_Alpha.uasset" 10908
"/NNEDenoiser/NNEDTOM_Output_Default" 10909
"../../../Engine/Plugins/NNE/NNEDenoiser/Content/NNE_oidn2-3-0_rt_hdr_alb_nrm__dyn__fp16_opset11_DenoiseAlpha.uasset" 10910
"../../../Engine/Plugins/NNE/NNEDenoiser/Content/NNE_oidn2-3-0_rt_hdr_alb_nrm_small__dyn__fp16_opset11_DenoiseAlpha.uasset" 10911
"../../../Engine/Plugins/NNE/NNEDenoiser/Content/NNE_oidn2-3-0_rt_hdr_alb_nrm_small__dyn__fp16_opset11_ForwardAlpha.uasset" 10912
"../../../Engine/Plugins/NNE/NNEDenoiser/Content/NNE_oidn2-3-0_rt_hdr_alb_nrm__dyn__fp16_opset11_ForwardAlpha.uasset" 10913
"../../../Engine/Plugins/NNE/NNEDenoiser/Content/NNE_oidn2-3-0_rt_hdr_calb_cnrm_large__dyn__fp16_opset11_DenoiseAlpha.uasset" 10914
"../../../Engine/Plugins/NNE/NNEDenoiser/Content/NNE_oidn2-3-0_rt_hdr_calb_cnrm_large__dyn__fp16_opset11_ForwardAlpha.uasset" 10915
"/NNEDenoiser/NNEDTOM_Output_Alpha" 10916
"../../../Engine/Content/EditorResources/BSPVertex.uasset" 10917
"/NNEDenoiser/NNEDTIM_ColorAlbedoNormal_Default" 10918
"../../../Engine/Content/EngineMaterials/DefaultBloomKernel.uasset" 10919
"../../../Engine/Content/EngineResources/FilmGrains/Marcie_Grain_v3_128_M2_000.uasset" 10920
"../../../Engine/Content/EngineResources/Development/ZenLogo_64.uasset" 10921
"/NNEDenoiser/NNEDTIM_ColorAlbedoNormal_Alpha" 10922
"/NNEDenoiser/NNEDOM_Output_Default" 10923
"/NNEDenoiser/NNEDOM_Output_Alpha" 10924
"/NNEDenoiser/NNEDIM_HighQuality_Default" 10925
"/NNEDenoiser/NNEDIM_HighQuality_Alpha" 10926
"/NNEDenoiser/NNEDIM_ColorAlbedoNormal_Default" 10927
"/NNEDenoiser/NNEDIM_ColorAlbedoNormal_Alpha" 10928
"/InterchangeAssets/Functions/MX_Displacement" 10929
"/InterchangeAssets/Functions/MX_Surface" 10930
"../../../Engine/Content/EngineDebugMaterials/DebugEditorMaterial.uasset" 10931
"../../../Engine/Content/EngineMaterials/FastBlueNoise_scalar_128x128x64.uasset" 10932
"/Engine/EngineResources/Development/ZenLogo_64" 10933
"../../../Engine/Content/EngineMaterials/FastBlueNoise_vec2_128x128x64.uasset" 10934
"../../../Engine/Content/EngineMaterials/FastBlueNoise_scalar_128x128x8.uasset" 10935
"../../../Engine/Content/EngineMaterials/LTC/Sheen_LTC.uasset" 10936
"/Engine/EngineResources/FilmGrains/Marcie_Grain_v3_128_M2_000" 10937
"../../../Engine/Content/EngineMaterials/EnergyConservation/Sheen_Energy.uasset" 10938
"../../../Engine/Content/EngineMaterials/EnergyConservation/Diffuse_Energy.uasset" 10939
"/Engine/EngineMaterials/DefaultBloomKernel" 10940
"../../../Engine/Plugins/Interchange/Runtime/Content/Pipelines/DefaultAssetsPipeline.uasset" 10941
"../../../Engine/Plugins/Interchange/Runtime/Content/Pipelines/DefaultMaterialXPipeline.uasset" 10942
"../../../Engine/Plugins/Interchange/Runtime/Content/Pipelines/DefaultGLTFAssetsPipeline.uasset" 10943
"../../../Engine/Plugins/Interchange/Runtime/Content/Pipelines/DefaultGLTFPipeline.uasset" 10944
"/Engine/EditorResources/BSPVertex" 10945
"../../../Engine/Plugins/Interchange/Runtime/Content/Pipelines/DefaultMaterialPipeline.uasset" 10946
"../../../Engine/Plugins/Interchange/Runtime/Content/Pipelines/DefaultTexturePipeline.uasset" 10947
"/NNEDenoiser/NNE_oidn2-3-0_rt_hdr_calb_cnrm_large__dyn__fp16_opset11_ForwardAlpha" 10948
"../../../Engine/Plugins/Interchange/Runtime/Content/Pipelines/DefaultSceneAssetsPipeline.uasset" 10949
"../../../Engine/Plugins/Interchange/Runtime/Content/Pipelines/DefaultSceneLevelPipeline.uasset" 10950
"/NNEDenoiser/NNE_oidn2-3-0_rt_hdr_calb_cnrm_large__dyn__fp16_opset11_DenoiseAlpha" 10951
"/NNEDenoiser/NNE_oidn2-3-0_rt_hdr_alb_nrm__dyn__fp16_opset11_ForwardAlpha" 10952
"/NNEDenoiser/NNE_oidn2-3-0_rt_hdr_alb_nrm__dyn__fp16_opset11_DenoiseAlpha" 10953
"/NNEDenoiser/NNE_oidn2-3-0_rt_hdr_alb_nrm_small__dyn__fp16_opset11_ForwardAlpha" 10954
"/NNEDenoiser/NNE_oidn2-3-0_rt_hdr_alb_nrm_small__dyn__fp16_opset11_DenoiseAlpha" 10955
"/NNEDenoiser/NNED_Oidn2-3_HighQuality_Alpha" 10956
"/NNEDenoiser/NNED_Oidn2-3_HighQuality" 10957
"/NNEDenoiser/NNED_Oidn2-3_Fast_Alpha" 10958
"/NNEDenoiser/NNED_Oidn2-3_Fast" 10959
"/NNEDenoiser/NNED_Oidn2-3_Balanced_Alpha" 10960
"/NNEDenoiser/NNED_Oidn2-3_Balanced" 10961
"/NNEDenoiser/NNEDT_Oidn2-3_Balanced_Alpha" 10962
"../../../Engine/Plugins/Interchange/Assets/Content/Functions/MX_SurfaceUnlit.uasset" 10963
"../../../Engine/Plugins/Interchange/Runtime/Content/Pipelines/DefaultGLTFSceneAssetsPipeline.uasset" 10964
"/Interchange/Pipelines/DefaultSceneLevelPipeline" 10965
"../../../Engine/Plugins/Interchange/Assets/Content/Functions/MX_UsdPreviewSurface.uasset" 10966
"../../../Engine/Plugins/Interchange/Assets/Content/Functions/MX_OrenNayarBSDF.uasset" 10967
"/Interchange/Pipelines/DefaultSceneAssetsPipeline" 10968
"../../../Engine/Plugins/Interchange/Assets/Content/Functions/MX_TranslucentBSDF.uasset" 10969
"../../../Engine/Plugins/Interchange/Assets/Content/Functions/MX_BurleyDiffuseBSDF.uasset" 10970
"../../../Engine/Plugins/Interchange/Assets/Content/Functions/MX_DielectricBSDF.uasset" 10971
"../../../Engine/Plugins/Interchange/Assets/Content/Functions/MX_ConductorBSDF.uasset" 10972
"../../../Engine/Plugins/Interchange/Assets/Content/Functions/MX_GeneralizedSchlickBSDF.uasset" 10973
"../../../Engine/Plugins/Interchange/Assets/Content/Functions/MX_SubsurfaceBSDF.uasset" 10974
"../../../Engine/Plugins/Interchange/Assets/Content/Functions/MX_SheenBSDF.uasset" 10975
"../../../Engine/Plugins/Interchange/Assets/Content/Functions/MX_ThinFilmBSDF.uasset" 10976
"../../../Engine/Plugins/Interchange/Assets/Content/Functions/MX_UniformEDF.uasset" 10977
"../../../Engine/Plugins/Interchange/Assets/Content/Functions/MX_ConicalEDF.uasset" 10978
"/Interchange/Pipelines/DefaultTexturePipeline" 10979
"../../../Engine/Plugins/Interchange/Assets/Content/Functions/MX_MeasuredEDF.uasset" 10980
"../../../Engine/Plugins/Interchange/Assets/Content/Functions/MX_AbsorptionVDF.uasset" 10981
"/Interchange/Pipelines/DefaultMaterialPipeline" 10982
"../../../Engine/Plugins/Interchange/Assets/Content/Functions/MX_AnisotropicVDF.uasset" 10983
"/Interchange/Pipelines/DefaultGLTFPipeline" 10984
"/Interchange/Pipelines/DefaultGLTFAssetsPipeline" 10985
"/Interchange/Pipelines/DefaultMaterialXPipeline" 10986
"/Interchange/Pipelines/DefaultAssetsPipeline" 10987
"/Engine/EngineMaterials/EnergyConservation/Diffuse_Energy" 10988
"/Engine/EngineMaterials/EnergyConservation/Sheen_Energy" 10989
"/Engine/EngineMaterials/LTC/Sheen_LTC" 10990
"/Engine/EngineMaterials/FastBlueNoise_vec2_128x128x64" 10991
"/Engine/EngineMaterials/FastBlueNoise_scalar_128x128x8" 10992
"/Engine/EngineMaterials/FastBlueNoise_scalar_128x128x64" 10993
"/Engine/EngineDebugMaterials/DebugEditorMaterial" 10994
"../../../Engine/Plugins/Animation/ControlRig/Content/Controls/ControlRigGizmoMaterial.uasset" 10995
"/InterchangeAssets/Functions/MX_AnisotropicVDF" 10996
"/InterchangeAssets/Functions/MX_AbsorptionVDF" 10997
"/InterchangeAssets/Functions/MX_MeasuredEDF" 10998
"/InterchangeAssets/Functions/MX_ConicalEDF" 10999
"/InterchangeAssets/Functions/MX_UniformEDF" 11000
"/InterchangeAssets/Functions/MX_ThinFilmBSDF" 11001
"/InterchangeAssets/Functions/MX_SheenBSDF" 11002
"/InterchangeAssets/Functions/MX_SubsurfaceBSDF" 11003
"/InterchangeAssets/Functions/MX_GeneralizedSchlickBSDF" 11004
"/InterchangeAssets/Functions/MX_ConductorBSDF" 11005
"/InterchangeAssets/Functions/MX_DielectricBSDF" 11006
"/InterchangeAssets/Functions/MX_TranslucentBSDF" 11007
"/InterchangeAssets/Functions/MX_BurleyDiffuseBSDF" 11008
"/InterchangeAssets/Functions/MX_OrenNayarBSDF" 11009
"/InterchangeAssets/Functions/MX_UsdPreviewSurface" 11010
"/InterchangeAssets/Functions/MX_SurfaceUnlit" 11011
"/Interchange/Pipelines/DefaultGLTFSceneAssetsPipeline" 11012
"/ControlRig/Controls/ControlRigGizmoMaterial" 11013
"C:/Users/fputi/AppData/Local/Temp/UnrealShaderWorkingDir/BC0CF9034685F9778735AE9AF1FA51A4/1/WorkerOutputOnly.out" 11014
"C:/Users/fputi/AppData/Local/Temp/UnrealShaderWorkingDir/BC0CF9034685F9778735AE9AF1FA51A4/2/WorkerOutputOnly.out" 11015
"C:/Users/fputi/AppData/Local/Temp/UnrealShaderWorkingDir/BC0CF9034685F9778735AE9AF1FA51A4/3/WorkerOutputOnly.out" 11016
"C:/Users/fputi/AppData/Local/Temp/UnrealShaderWorkingDir/BC0CF9034685F9778735AE9AF1FA51A4/0/WorkerOutputOnly.out" 11017
"C:/Users/fputi/Documents/GitHub/BuscaMines/Unreal/Saved/Cooked/Android_ASTC/BuscaMines/Metadata/CookedSettings.txt" 11018
